order_id,account_id,customer_id,order_type,amount,currency,status,merchant_name,created_at,updated_at
10001,5561,488,FX_CONVERSION,57224.41,USD,PENDING,Microsoft Azure Cloud,2026-08-06 02:33:57,2026-08-06 03:06:48
10002,5989,395,CARD_AUTH,59852.92,USD,COMPLETED,Target Retail Network,2026-08-04 15:27:00,2026-08-04 16:20:07
10003,5799,207,ACH_DEBIT,97084.2,USD,ON_HOLD,JPMorgan Settlement Corp,2026-07-31 12:47:37,2026-07-31 13:28:27
10004,5503,411,MERCHANT_SETTLEMENT,110390.13,USD,COMPLETED,Visa Direct Global,2026-08-01 13:41:27,2026-08-01 14:30:33
10005,5682,50,CARD_AUTH,55134.65,USD,COMPLETED,Apple Services US,2026-09-01 01:43:36,2026-09-01 02:36:40
10006,5488,138,FX_CONVERSION,90061.3,USD,COMPLETED,Fedwire Interbank Net,2026-08-24 13:49:22,2026-08-24 15:13:15
10007,5191,223,INTERNAL_BOOK_TRANSFER,63917.2,USD,COMPLETED,Oracle Cloud Infra,2026-08-22 00:05:38,2026-08-22 01:09:00
10008,5693,115,INTERNAL_BOOK_TRANSFER,102943.48,USD,COMPLETED,Apple Services US,2026-09-09 00:25:09,2026-09-09 01:51:11
10009,5663,269,WIRE_TRANSFER,43623.54,USD,PENDING,Stripe Clearing Inc,2026-09-04 04:41:09,2026-09-04 05:22:14
10010,5153,66,INTERNAL_BOOK_TRANSFER,135438.02,USD,FAILED,Target Retail Network,2026-09-08 14:39:49,2026-09-08 15:38:17
10011,5303,292,WIRE_TRANSFER,82660.6,USD,COMPLETED,Oracle Cloud Infra,2026-07-30 06:34:19,2026-07-30 07:44:07
10012,5436,212,WIRE_TRANSFER,69712.13,USD,ON_HOLD,Visa Direct Global,2026-08-13 10:11:23,2026-08-13 10:59:59
10013,5261,300,WIRE_TRANSFER,115302.92,USD,COMPLETED,Stripe Clearing Inc,2026-09-02 18:21:25,2026-09-02 18:46:00
10014,5806,94,CARD_AUTH,58959.08,USD,COMPLETED,Fedwire Interbank Net,2026-08-17 17:20:23,2026-08-17 18:03:19
10015,5602,371,MERCHANT_SETTLEMENT,113609.33,USD,PENDING,Visa Direct Global,2026-08-14 13:26:20,2026-08-14 14:13:01
10016,5990,471,CARD_AUTH,121505.75,USD,COMPLETED,JPMorgan Settlement Corp,2026-07-27 10:02:16,2026-07-27 11:44:20
10017,5619,133,CARD_AUTH,101019.64,USD,PENDING,Oracle Cloud Infra,2026-07-21 13:30:58,2026-07-21 13:31:50
10018,5405,60,WIRE_TRANSFER,25781.42,USD,PENDING,Apple Services US,2026-08-28 03:42:09,2026-08-28 05:40:51
10019,5674,495,INTERNAL_BOOK_TRANSFER,90293.27,USD,PENDING,Microsoft Azure Cloud,2026-09-17 16:53:25,2026-09-17 17:42:45
10020,5708,345,INTERNAL_BOOK_TRANSFER,101273.63,USD,FAILED,Microsoft Azure Cloud,2026-07-28 07:58:31,2026-07-28 08:15:40
10021,5139,8,ACH_CREDIT,16809.52,USD,COMPLETED,Target Retail Network,2026-07-22 10:15:18,2026-07-22 10:43:57
10022,5493,333,ACH_CREDIT,97469.91,USD,PENDING,Oracle Cloud Infra,2026-08-07 08:38:01,2026-08-07 08:49:51
10023,5309,395,MERCHANT_SETTLEMENT,22246.57,USD,PENDING,Amazon AWS Services,2026-07-31 03:08:22,2026-07-31 03:31:07
10024,5925,79,INTERNAL_BOOK_TRANSFER,105397.3,USD,PENDING,Apple Services US,2026-07-21 17:30:24,2026-07-21 19:27:52
10025,5461,300,ACH_CREDIT,30221.13,USD,PROCESSING,Fedwire Interbank Net,2026-07-24 18:25:41,2026-07-24 19:11:20
10026,5009,53,INTERNAL_BOOK_TRANSFER,127148.31,USD,PENDING,Fedwire Interbank Net,2026-09-05 22:50:34,2026-09-06 00:31:17
10027,5593,306,INTERNAL_BOOK_TRANSFER,83157.04,USD,COMPLETED,Amazon AWS Services,2026-09-05 03:43:12,2026-09-05 04:37:51
10028,5498,263,FX_CONVERSION,108699.15,USD,ON_HOLD,Apple Services US,2026-08-11 08:09:01,2026-08-11 09:46:37
10029,5063,271,WIRE_TRANSFER,63315.42,USD,COMPLETED,Oracle Cloud Infra,2026-07-25 23:45:40,2026-07-26 00:22:19
10030,5915,332,MERCHANT_SETTLEMENT,133373.92,USD,COMPLETED,Apple Services US,2026-08-22 11:47:23,2026-08-22 12:48:40
10031,5715,224,WIRE_TRANSFER,24221.4,USD,ON_HOLD,Target Retail Network,2026-09-03 09:10:49,2026-09-03 09:57:50
10032,5449,119,FX_CONVERSION,32975.25,USD,ON_HOLD,Walmart Global Vendor,2026-09-16 06:45:56,2026-09-16 08:42:32
10033,5863,367,INTERNAL_BOOK_TRANSFER,70283.65,USD,COMPLETED,Fedwire Interbank Net,2026-08-29 07:07:39,2026-08-29 09:01:28
10034,5964,345,INTERNAL_BOOK_TRANSFER,110194.46,USD,FAILED,Apple Services US,2026-08-04 13:19:05,2026-08-04 14:44:04
10035,5213,145,INTERNAL_BOOK_TRANSFER,112394.54,USD,ON_HOLD,Apple Services US,2026-08-01 08:35:15,2026-08-01 08:58:59
10036,5205,81,FX_CONVERSION,73840.81,USD,FAILED,Fedwire Interbank Net,2026-09-05 18:14:01,2026-09-05 18:55:33
10037,5241,108,FX_CONVERSION,7081.7,USD,COMPLETED,Walmart Global Vendor,2026-08-14 03:29:51,2026-08-14 04:18:40
10038,5694,82,ACH_CREDIT,124196.69,USD,PROCESSING,Amazon AWS Services,2026-07-26 00:07:20,2026-07-26 00:53:31
10039,5441,59,FX_CONVERSION,34023.26,USD,PROCESSING,Target Retail Network,2026-09-05 01:05:02,2026-09-05 01:40:19
10040,5349,402,ACH_DEBIT,115411.97,USD,FAILED,Oracle Cloud Infra,2026-08-14 19:04:14,2026-08-14 19:24:57
10041,5874,354,CARD_AUTH,77320.47,USD,ON_HOLD,Stripe Clearing Inc,2026-07-24 17:15:45,2026-07-24 18:15:36
10042,5819,235,CARD_AUTH,113370.88,USD,COMPLETED,Visa Direct Global,2026-09-17 00:22:18,2026-09-17 02:09:10
10043,5879,486,WIRE_TRANSFER,123546.03,USD,COMPLETED,Oracle Cloud Infra,2026-07-30 01:23:47,2026-07-30 01:46:40
10044,5646,61,CARD_AUTH,30828.2,USD,COMPLETED,JPMorgan Settlement Corp,2026-08-17 04:28:00,2026-08-17 06:04:46
10045,5453,391,FX_CONVERSION,74771.44,USD,FAILED,Stripe Clearing Inc,2026-08-03 19:18:21,2026-08-03 20:46:46
10046,5373,172,CARD_AUTH,20687.86,USD,FAILED,Target Retail Network,2026-08-31 10:58:03,2026-08-31 11:54:53
10047,5788,394,WIRE_TRANSFER,36816.65,USD,FAILED,Apple Services US,2026-08-21 23:06:15,2026-08-21 23:45:29
10048,5518,88,WIRE_TRANSFER,39921.06,USD,ON_HOLD,Fedwire Interbank Net,2026-08-23 20:07:51,2026-08-23 21:33:52
10049,5681,126,ACH_CREDIT,112987.23,USD,PROCESSING,Fedwire Interbank Net,2026-08-10 23:28:24,2026-08-10 23:47:19
10050,5822,220,MERCHANT_SETTLEMENT,137705.1,USD,PENDING,Oracle Cloud Infra,2026-08-23 22:45:58,2026-08-23 22:50:06
10051,5454,75,CARD_AUTH,1517.55,USD,FAILED,Oracle Cloud Infra,2026-07-26 13:54:24,2026-07-26 14:06:03
10052,5347,162,MERCHANT_SETTLEMENT,147292.2,USD,COMPLETED,Fedwire Interbank Net,2026-07-25 19:00:08,2026-07-25 19:53:54
10053,5778,19,INTERNAL_BOOK_TRANSFER,138379.81,USD,COMPLETED,Visa Direct Global,2026-07-25 10:28:38,2026-07-25 11:54:57
10054,5731,410,INTERNAL_BOOK_TRANSFER,131375.17,USD,COMPLETED,Fedwire Interbank Net,2026-08-27 20:30:19,2026-08-27 22:03:21
10055,5718,284,CARD_AUTH,45666.19,USD,ON_HOLD,Walmart Global Vendor,2026-08-22 05:42:56,2026-08-22 05:44:05
10056,5847,144,FX_CONVERSION,91570.09,USD,COMPLETED,Fedwire Interbank Net,2026-09-01 03:28:00,2026-09-01 04:55:59
10057,5211,455,FX_CONVERSION,93663.53,USD,PROCESSING,Apple Services US,2026-08-22 08:15:47,2026-08-22 10:06:42
10058,5801,333,MERCHANT_SETTLEMENT,116315.78,USD,COMPLETED,Stripe Clearing Inc,2026-07-23 09:55:03,2026-07-23 11:08:30
10059,5343,200,INTERNAL_BOOK_TRANSFER,107839.25,USD,COMPLETED,Oracle Cloud Infra,2026-09-10 07:54:12,2026-09-10 08:33:02
10060,5219,48,FX_CONVERSION,82779.31,USD,PROCESSING,Walmart Global Vendor,2026-08-04 08:39:41,2026-08-04 08:42:57
10061,5029,456,CARD_AUTH,81001.63,USD,COMPLETED,Target Retail Network,2026-08-18 08:00:26,2026-08-18 09:39:42
10062,5433,259,WIRE_TRANSFER,109804.76,USD,FAILED,Walmart Global Vendor,2026-08-14 01:02:50,2026-08-14 02:28:31
10063,5520,182,WIRE_TRANSFER,7184.21,USD,ON_HOLD,Stripe Clearing Inc,2026-09-01 09:24:12,2026-09-01 10:04:57
10064,5587,378,WIRE_TRANSFER,67986.02,USD,COMPLETED,Visa Direct Global,2026-09-12 17:42:28,2026-09-12 19:20:07
10065,5916,481,INTERNAL_BOOK_TRANSFER,99836.61,USD,FAILED,Visa Direct Global,2026-08-11 12:39:09,2026-08-11 13:27:03
10066,5307,146,INTERNAL_BOOK_TRANSFER,117723.88,USD,ON_HOLD,Visa Direct Global,2026-08-02 09:55:40,2026-08-02 11:33:16
10067,5387,267,INTERNAL_BOOK_TRANSFER,37164.19,USD,COMPLETED,Oracle Cloud Infra,2026-09-14 08:47:20,2026-09-14 09:13:42
10068,5843,399,ACH_DEBIT,68160.35,USD,COMPLETED,Fedwire Interbank Net,2026-08-28 19:55:25,2026-08-28 20:06:41
10069,5095,32,MERCHANT_SETTLEMENT,133279.24,USD,PENDING,Target Retail Network,2026-09-01 03:24:30,2026-09-01 03:35:14
10070,5379,347,FX_CONVERSION,60428.29,USD,PROCESSING,Oracle Cloud Infra,2026-08-27 03:40:50,2026-08-27 05:39:58
10071,5271,300,MERCHANT_SETTLEMENT,95478.44,USD,PENDING,Apple Services US,2026-08-29 07:16:13,2026-08-29 09:08:46
10072,5167,74,FX_CONVERSION,19090.86,USD,ON_HOLD,Apple Services US,2026-08-01 09:15:36,2026-08-01 10:51:52
10073,5526,442,FX_CONVERSION,17731.21,USD,COMPLETED,Apple Services US,2026-09-03 18:46:09,2026-09-03 18:50:41
10074,5765,81,FX_CONVERSION,55415.89,USD,COMPLETED,Visa Direct Global,2026-08-28 11:55:26,2026-08-28 12:10:34
10075,5124,190,FX_CONVERSION,43456.7,USD,PROCESSING,JPMorgan Settlement Corp,2026-07-31 06:07:48,2026-07-31 06:58:36
10076,5313,192,ACH_DEBIT,44115.2,USD,COMPLETED,JPMorgan Settlement Corp,2026-08-02 14:58:50,2026-08-02 16:45:55
10077,5604,216,WIRE_TRANSFER,140524.71,USD,COMPLETED,Microsoft Azure Cloud,2026-08-09 18:06:43,2026-08-09 18:31:47
10078,5839,379,MERCHANT_SETTLEMENT,338.31,USD,PROCESSING,Walmart Global Vendor,2026-07-26 09:12:27,2026-07-26 11:11:22
10079,5046,214,MERCHANT_SETTLEMENT,85969.75,USD,PROCESSING,Apple Services US,2026-08-21 14:57:21,2026-08-21 16:44:06
10080,5387,244,CARD_AUTH,108012.16,USD,PROCESSING,JPMorgan Settlement Corp,2026-08-02 06:33:04,2026-08-02 07:42:04
10081,5652,236,CARD_AUTH,67503.44,USD,PENDING,JPMorgan Settlement Corp,2026-08-20 09:34:46,2026-08-20 09:47:02
10082,5820,320,INTERNAL_BOOK_TRANSFER,93548.02,USD,PENDING,Target Retail Network,2026-08-27 05:06:46,2026-08-27 05:53:08
10083,5554,24,INTERNAL_BOOK_TRANSFER,133509.28,USD,ON_HOLD,Microsoft Azure Cloud,2026-07-28 10:03:37,2026-07-28 12:01:55
10084,5170,363,WIRE_TRANSFER,85810.13,USD,FAILED,Microsoft Azure Cloud,2026-09-12 07:05:56,2026-09-12 08:34:06
10085,5127,330,FX_CONVERSION,12796.13,USD,PROCESSING,Oracle Cloud Infra,2026-09-13 19:56:30,2026-09-13 21:40:01
10086,5055,491,FX_CONVERSION,78275.26,USD,FAILED,Apple Services US,2026-09-06 15:00:14,2026-09-06 15:02:51
10087,5124,338,FX_CONVERSION,26982.43,USD,COMPLETED,Microsoft Azure Cloud,2026-08-08 19:19:52,2026-08-08 19:53:26
10088,5850,362,CARD_AUTH,133151.24,USD,PENDING,Stripe Clearing Inc,2026-09-09 15:01:05,2026-09-09 16:24:01
10089,5329,206,FX_CONVERSION,6771.9,USD,FAILED,Amazon AWS Services,2026-08-21 19:55:37,2026-08-21 20:55:22
10090,5185,213,WIRE_TRANSFER,128950.84,USD,COMPLETED,Fedwire Interbank Net,2026-08-13 19:02:18,2026-08-13 19:14:48
10091,5118,51,FX_CONVERSION,25244.61,USD,COMPLETED,JPMorgan Settlement Corp,2026-08-13 15:15:21,2026-08-13 17:00:19
10092,5092,79,ACH_DEBIT,142825.93,USD,ON_HOLD,JPMorgan Settlement Corp,2026-07-25 13:02:59,2026-07-25 14:26:57
10093,5985,167,ACH_CREDIT,4100.49,USD,COMPLETED,Microsoft Azure Cloud,2026-08-26 16:23:46,2026-08-26 16:37:19
10094,5328,73,MERCHANT_SETTLEMENT,133954.38,USD,COMPLETED,Fedwire Interbank Net,2026-07-31 13:38:33,2026-07-31 13:45:42
10095,5208,123,CARD_AUTH,89560.97,USD,COMPLETED,Apple Services US,2026-09-07 04:56:39,2026-09-07 06:39:27
10096,5517,198,WIRE_TRANSFER,40411.76,USD,COMPLETED,Apple Services US,2026-09-11 12:38:10,2026-09-11 13:33:49
10097,5068,248,WIRE_TRANSFER,61139.18,USD,COMPLETED,Amazon AWS Services,2026-08-14 22:57:30,2026-08-15 00:13:13
10098,5987,301,INTERNAL_BOOK_TRANSFER,15249.32,USD,FAILED,Oracle Cloud Infra,2026-08-01 00:22:23,2026-08-01 01:04:03
10099,5582,209,MERCHANT_SETTLEMENT,12609.61,USD,ON_HOLD,Oracle Cloud Infra,2026-08-08 13:51:35,2026-08-08 15:38:33
10100,5992,73,ACH_DEBIT,81077.68,USD,COMPLETED,Target Retail Network,2026-09-10 00:19:10,2026-09-10 01:17:06
10101,5985,467,FX_CONVERSION,67775.28,USD,COMPLETED,Apple Services US,2026-08-16 21:46:15,2026-08-16 23:15:29
10102,5996,86,WIRE_TRANSFER,9050.22,USD,PENDING,Microsoft Azure Cloud,2026-09-15 20:54:13,2026-09-15 21:28:33
10103,5860,349,MERCHANT_SETTLEMENT,149886.3,USD,FAILED,Target Retail Network,2026-09-14 15:17:25,2026-09-14 17:12:16
10104,5523,145,WIRE_TRANSFER,24233.83,USD,PROCESSING,Visa Direct Global,2026-07-26 14:43:54,2026-07-26 15:25:01
10105,5092,203,INTERNAL_BOOK_TRANSFER,18468.91,USD,COMPLETED,Oracle Cloud Infra,2026-08-15 22:57:21,2026-08-16 00:57:20
10106,5443,108,FX_CONVERSION,75735.66,USD,FAILED,Walmart Global Vendor,2026-08-22 02:10:07,2026-08-22 03:36:55
10107,5268,386,INTERNAL_BOOK_TRANSFER,67921.67,USD,COMPLETED,Walmart Global Vendor,2026-08-21 23:49:33,2026-08-22 00:18:23
10108,5471,492,FX_CONVERSION,49285.71,USD,ON_HOLD,JPMorgan Settlement Corp,2026-07-20 00:32:30,2026-07-20 01:55:42
10109,5488,3,WIRE_TRANSFER,100914.31,USD,PENDING,Oracle Cloud Infra,2026-09-05 07:10:08,2026-09-05 08:54:19
10110,5403,276,WIRE_TRANSFER,118101.21,USD,ON_HOLD,Stripe Clearing Inc,2026-09-10 02:54:53,2026-09-10 02:59:11
10111,5914,427,CARD_AUTH,100750.34,USD,ON_HOLD,Stripe Clearing Inc,2026-08-23 02:18:29,2026-08-23 04:09:32
10112,5386,424,FX_CONVERSION,53711.23,USD,COMPLETED,Amazon AWS Services,2026-07-31 22:29:30,2026-07-31 23:32:45
10113,5380,480,ACH_CREDIT,66700.81,USD,COMPLETED,Amazon AWS Services,2026-08-16 02:51:41,2026-08-16 04:24:41
10114,5944,364,ACH_DEBIT,28747.37,USD,FAILED,Visa Direct Global,2026-08-18 06:13:40,2026-08-18 08:04:07
10115,5736,114,ACH_CREDIT,147018.38,USD,COMPLETED,Amazon AWS Services,2026-08-16 01:58:50,2026-08-16 03:06:12
10116,5927,361,INTERNAL_BOOK_TRANSFER,90914.09,USD,COMPLETED,Target Retail Network,2026-08-27 06:43:06,2026-08-27 06:58:19
10117,5891,143,FX_CONVERSION,75061.59,USD,COMPLETED,Oracle Cloud Infra,2026-08-07 15:17:17,2026-08-07 16:47:27
10118,5757,290,INTERNAL_BOOK_TRANSFER,102365.64,USD,PROCESSING,JPMorgan Settlement Corp,2026-07-26 04:04:19,2026-07-26 05:24:42
10119,5132,382,WIRE_TRANSFER,19136.89,USD,PROCESSING,Target Retail Network,2026-09-08 14:38:07,2026-09-08 16:17:43
10120,5802,141,ACH_CREDIT,127153.96,USD,COMPLETED,Oracle Cloud Infra,2026-09-17 11:33:30,2026-09-17 12:08:06
10121,5698,287,MERCHANT_SETTLEMENT,318.69,USD,PENDING,Amazon AWS Services,2026-08-20 04:24:49,2026-08-20 05:23:57
10122,5865,209,ACH_DEBIT,18280.05,USD,PROCESSING,Apple Services US,2026-09-05 22:32:37,2026-09-05 23:22:03
10123,5530,389,WIRE_TRANSFER,132573.33,USD,COMPLETED,Amazon AWS Services,2026-08-15 19:24:06,2026-08-15 20:21:32
10124,5546,230,ACH_DEBIT,799.26,USD,COMPLETED,Walmart Global Vendor,2026-07-27 18:23:57,2026-07-27 19:42:06
10125,5828,13,INTERNAL_BOOK_TRANSFER,33863.95,USD,ON_HOLD,Fedwire Interbank Net,2026-07-27 01:13:46,2026-07-27 01:47:58
10126,5202,85,ACH_DEBIT,46638.45,USD,ON_HOLD,Stripe Clearing Inc,2026-07-22 12:43:08,2026-07-22 13:48:44
10127,5443,414,WIRE_TRANSFER,88890.01,USD,ON_HOLD,Walmart Global Vendor,2026-08-13 03:16:01,2026-08-13 03:49:50
10128,5111,243,ACH_CREDIT,143821.45,USD,FAILED,Amazon AWS Services,2026-08-21 05:05:17,2026-08-21 06:16:19
10129,5814,122,WIRE_TRANSFER,116368.14,USD,PROCESSING,Apple Services US,2026-07-29 02:41:59,2026-07-29 04:07:26
10130,5458,297,WIRE_TRANSFER,12853.52,USD,COMPLETED,Amazon AWS Services,2026-08-25 11:09:54,2026-08-25 11:52:45
10131,5912,435,INTERNAL_BOOK_TRANSFER,9778.07,USD,COMPLETED,Amazon AWS Services,2026-08-31 17:30:55,2026-08-31 17:38:28
10132,5309,313,INTERNAL_BOOK_TRANSFER,64790.34,USD,COMPLETED,Amazon AWS Services,2026-09-12 02:56:11,2026-09-12 03:03:23
10133,5302,436,MERCHANT_SETTLEMENT,60267.72,USD,PROCESSING,Fedwire Interbank Net,2026-08-11 10:57:40,2026-08-11 12:55:47
10134,5614,404,INTERNAL_BOOK_TRANSFER,93610.81,USD,PENDING,Fedwire Interbank Net,2026-09-02 21:27:23,2026-09-02 23:16:01
10135,5439,451,FX_CONVERSION,92894.29,USD,COMPLETED,Amazon AWS Services,2026-09-01 21:50:46,2026-09-01 23:01:28
10136,5337,301,ACH_CREDIT,16223.73,USD,COMPLETED,Visa Direct Global,2026-07-26 09:09:39,2026-07-26 10:30:40
10137,5809,431,ACH_CREDIT,135657.94,USD,COMPLETED,Oracle Cloud Infra,2026-08-13 16:57:38,2026-08-13 17:46:14
10138,5432,247,INTERNAL_BOOK_TRANSFER,93137.3,USD,COMPLETED,Target Retail Network,2026-08-02 04:34:17,2026-08-02 06:23:11
10139,5046,31,ACH_CREDIT,46767.58,USD,PENDING,Oracle Cloud Infra,2026-08-23 13:22:26,2026-08-23 14:05:00
10140,5598,454,FX_CONVERSION,116330.07,USD,COMPLETED,Apple Services US,2026-08-18 19:02:03,2026-08-18 20:24:30
10141,5352,150,ACH_DEBIT,145541.42,USD,PROCESSING,Visa Direct Global,2026-08-02 20:42:50,2026-08-02 20:50:44
10142,5244,260,CARD_AUTH,125280.44,USD,FAILED,Amazon AWS Services,2026-08-29 19:14:40,2026-08-29 20:01:41
10143,5201,500,ACH_CREDIT,96092.38,USD,COMPLETED,Stripe Clearing Inc,2026-08-21 23:38:40,2026-08-22 00:04:36
10144,5684,244,INTERNAL_BOOK_TRANSFER,103784.01,USD,PENDING,Visa Direct Global,2026-08-20 23:23:44,2026-08-21 01:20:08
10145,5593,290,ACH_DEBIT,92425.26,USD,PENDING,Walmart Global Vendor,2026-08-04 13:54:38,2026-08-04 14:09:01
10146,5466,449,CARD_AUTH,136583.73,USD,PENDING,Target Retail Network,2026-07-20 04:23:08,2026-07-20 05:50:25
10147,5229,355,ACH_CREDIT,69994.12,USD,COMPLETED,Target Retail Network,2026-09-04 11:59:26,2026-09-04 13:39:48
10148,5787,488,CARD_AUTH,49744.31,USD,ON_HOLD,Fedwire Interbank Net,2026-08-08 18:11:33,2026-08-08 19:06:17
10149,5189,423,WIRE_TRANSFER,54438.82,USD,COMPLETED,Walmart Global Vendor,2026-07-22 17:43:00,2026-07-22 18:58:49
10150,5118,73,ACH_DEBIT,66075.49,USD,ON_HOLD,Visa Direct Global,2026-08-23 18:25:12,2026-08-23 18:31:16
10151,5999,16,ACH_CREDIT,29694.2,USD,COMPLETED,Target Retail Network,2026-08-14 06:16:20,2026-08-14 07:54:33
10152,5179,174,CARD_AUTH,83187.1,USD,COMPLETED,Target Retail Network,2026-07-21 21:51:03,2026-07-21 22:15:10
10153,5864,135,WIRE_TRANSFER,3174.03,USD,ON_HOLD,JPMorgan Settlement Corp,2026-08-25 14:43:29,2026-08-25 16:12:58
10154,5807,454,WIRE_TRANSFER,50774.36,USD,COMPLETED,Microsoft Azure Cloud,2026-09-02 02:48:08,2026-09-02 03:21:00
10155,5379,415,ACH_DEBIT,99144.95,USD,PROCESSING,Visa Direct Global,2026-08-30 22:24:25,2026-08-31 00:24:25
10156,5729,34,WIRE_TRANSFER,21686.65,USD,COMPLETED,Target Retail Network,2026-08-07 10:25:14,2026-08-07 11:38:01
10157,5388,356,ACH_DEBIT,47710.13,USD,PENDING,Target Retail Network,2026-07-24 07:24:48,2026-07-24 09:09:04
10158,5631,301,ACH_CREDIT,128169.03,USD,COMPLETED,JPMorgan Settlement Corp,2026-08-20 15:19:19,2026-08-20 15:53:08
10159,5055,323,CARD_AUTH,42029.35,USD,COMPLETED,Oracle Cloud Infra,2026-09-14 12:46:51,2026-09-14 13:53:41
10160,5215,373,WIRE_TRANSFER,117705.27,USD,FAILED,Visa Direct Global,2026-07-26 02:56:09,2026-07-26 03:19:05
10161,5521,199,CARD_AUTH,132366.31,USD,FAILED,Oracle Cloud Infra,2026-08-25 03:52:26,2026-08-25 05:00:35
10162,5532,238,ACH_CREDIT,48290.76,USD,COMPLETED,Oracle Cloud Infra,2026-09-04 17:56:04,2026-09-04 19:33:51
10163,5979,254,MERCHANT_SETTLEMENT,40268.98,USD,PENDING,Visa Direct Global,2026-07-23 09:03:55,2026-07-23 09:32:17
10164,5225,459,ACH_CREDIT,67825.98,USD,COMPLETED,Fedwire Interbank Net,2026-08-10 01:07:52,2026-08-10 01:49:43
10165,5436,456,MERCHANT_SETTLEMENT,85716.49,USD,FAILED,Walmart Global Vendor,2026-08-13 12:52:01,2026-08-13 14:07:16
10166,5087,69,CARD_AUTH,12627.58,USD,PENDING,Oracle Cloud Infra,2026-08-22 22:59:59,2026-08-22 23:31:29
10167,5598,22,MERCHANT_SETTLEMENT,76851.75,USD,COMPLETED,Fedwire Interbank Net,2026-09-01 15:01:45,2026-09-01 16:05:40
10168,5443,210,ACH_DEBIT,120680.65,USD,COMPLETED,Microsoft Azure Cloud,2026-08-25 22:45:34,2026-08-25 22:49:01
10169,5184,227,ACH_CREDIT,39862.46,USD,COMPLETED,Walmart Global Vendor,2026-07-27 19:49:11,2026-07-27 20:29:28
10170,5863,257,FX_CONVERSION,82009.34,USD,COMPLETED,Microsoft Azure Cloud,2026-08-10 22:26:49,2026-08-10 22:40:20
10171,5122,37,ACH_DEBIT,5766.73,USD,COMPLETED,Walmart Global Vendor,2026-08-07 21:59:23,2026-08-07 23:31:38
10172,5338,129,ACH_DEBIT,111788.2,USD,FAILED,Microsoft Azure Cloud,2026-08-07 07:59:59,2026-08-07 09:36:24
10173,5619,71,CARD_AUTH,112863.82,USD,ON_HOLD,Oracle Cloud Infra,2026-08-14 04:15:37,2026-08-14 04:16:51
10174,5789,154,ACH_DEBIT,123350.86,USD,FAILED,Fedwire Interbank Net,2026-08-28 05:15:23,2026-08-28 07:07:40
10175,5594,388,INTERNAL_BOOK_TRANSFER,1808.8,USD,ON_HOLD,Oracle Cloud Infra,2026-08-03 07:37:15,2026-08-03 09:35:29
10176,5408,117,ACH_CREDIT,108507.44,USD,COMPLETED,Apple Services US,2026-08-11 12:23:07,2026-08-11 13:33:37
10177,5602,403,FX_CONVERSION,113649.38,USD,ON_HOLD,Apple Services US,2026-08-21 21:33:54,2026-08-21 23:22:06
10178,5088,161,CARD_AUTH,28197.69,USD,FAILED,Fedwire Interbank Net,2026-08-09 04:08:19,2026-08-09 05:08:17
10179,5461,437,FX_CONVERSION,4540.34,USD,COMPLETED,Visa Direct Global,2026-08-01 06:50:16,2026-08-01 07:32:04
10180,5966,378,WIRE_TRANSFER,74982.79,USD,ON_HOLD,Walmart Global Vendor,2026-08-21 19:36:50,2026-08-21 20:07:42
10181,5430,218,INTERNAL_BOOK_TRANSFER,112900.24,USD,FAILED,Oracle Cloud Infra,2026-08-17 21:58:34,2026-08-17 22:43:10
10182,5602,12,FX_CONVERSION,117809.14,USD,COMPLETED,JPMorgan Settlement Corp,2026-08-20 21:18:37,2026-08-20 22:36:16
10183,5645,410,FX_CONVERSION,137065.03,USD,PROCESSING,Fedwire Interbank Net,2026-08-25 20:18:26,2026-08-25 20:46:23
10184,5972,201,WIRE_TRANSFER,80185.46,USD,COMPLETED,Apple Services US,2026-07-30 08:54:59,2026-07-30 09:39:57
10185,5584,493,MERCHANT_SETTLEMENT,95859.7,USD,COMPLETED,Stripe Clearing Inc,2026-08-05 11:13:00,2026-08-05 11:27:19
10186,5692,284,ACH_CREDIT,4833.56,USD,ON_HOLD,Visa Direct Global,2026-09-05 06:19:20,2026-09-05 06:23:04
10187,5192,102,WIRE_TRANSFER,136704.06,USD,PENDING,Microsoft Azure Cloud,2026-08-08 19:32:04,2026-08-08 20:03:58
10188,5299,338,FX_CONVERSION,10520.63,USD,COMPLETED,Walmart Global Vendor,2026-09-08 04:02:14,2026-09-08 04:03:49
10189,5176,168,CARD_AUTH,136474.17,USD,PENDING,JPMorgan Settlement Corp,2026-07-30 13:49:22,2026-07-30 14:07:04
10190,5550,215,MERCHANT_SETTLEMENT,111477.96,USD,PENDING,Target Retail Network,2026-08-01 10:32:05,2026-08-01 12:31:00
10191,5211,159,MERCHANT_SETTLEMENT,122689.06,USD,ON_HOLD,Apple Services US,2026-08-04 05:45:28,2026-08-04 07:07:58
10192,5589,481,ACH_DEBIT,88134.31,USD,PROCESSING,Apple Services US,2026-08-15 13:35:41,2026-08-15 14:03:18
10193,5008,74,MERCHANT_SETTLEMENT,9619.38,USD,PENDING,Visa Direct Global,2026-08-12 18:57:00,2026-08-12 20:08:52
10194,5337,467,FX_CONVERSION,131888.99,USD,PENDING,Apple Services US,2026-09-13 18:15:26,2026-09-13 18:20:51
10195,5755,47,ACH_DEBIT,96953.89,USD,PENDING,Walmart Global Vendor,2026-08-17 16:52:35,2026-08-17 17:46:03
10196,5628,422,CARD_AUTH,127480.41,USD,PENDING,Target Retail Network,2026-08-06 06:13:05,2026-08-06 07:37:30
10197,5751,222,MERCHANT_SETTLEMENT,57715.44,USD,ON_HOLD,JPMorgan Settlement Corp,2026-09-13 00:44:25,2026-09-13 00:57:32
10198,5403,358,WIRE_TRANSFER,35973.68,USD,FAILED,JPMorgan Settlement Corp,2026-08-15 09:42:56,2026-08-15 11:08:46
10199,5551,150,INTERNAL_BOOK_TRANSFER,137446.58,USD,ON_HOLD,Target Retail Network,2026-09-05 17:40:48,2026-09-05 18:37:02
10200,5781,284,WIRE_TRANSFER,149297.58,USD,COMPLETED,Stripe Clearing Inc,2026-09-06 19:05:45,2026-09-06 20:50:29
10201,5799,167,MERCHANT_SETTLEMENT,67654.4,USD,COMPLETED,Target Retail Network,2026-09-06 22:59:12,2026-09-06 23:05:22
10202,5474,14,WIRE_TRANSFER,95839.2,USD,ON_HOLD,Apple Services US,2026-08-25 19:55:39,2026-08-25 20:42:39
10203,5764,205,CARD_AUTH,29181.08,USD,COMPLETED,Amazon AWS Services,2026-08-13 03:43:28,2026-08-13 03:59:12
10204,5727,470,ACH_CREDIT,49083.71,USD,ON_HOLD,Apple Services US,2026-09-04 21:20:30,2026-09-04 22:23:34
10205,5070,43,FX_CONVERSION,98562.14,USD,ON_HOLD,Apple Services US,2026-08-02 10:35:25,2026-08-02 11:39:46
10206,5841,143,CARD_AUTH,24226.36,USD,FAILED,Amazon AWS Services,2026-09-16 18:09:24,2026-09-16 18:23:12
10207,5182,151,WIRE_TRANSFER,80209.94,USD,PENDING,JPMorgan Settlement Corp,2026-07-27 08:33:27,2026-07-27 10:05:12
10208,5782,6,INTERNAL_BOOK_TRANSFER,41006.37,USD,PENDING,Walmart Global Vendor,2026-08-06 02:24:05,2026-08-06 02:53:44
10209,5732,18,INTERNAL_BOOK_TRANSFER,79856.75,USD,PENDING,Amazon AWS Services,2026-09-08 14:09:23,2026-09-08 15:36:59
10210,5679,367,INTERNAL_BOOK_TRANSFER,134554.11,USD,PENDING,Microsoft Azure Cloud,2026-08-31 22:20:05,2026-08-31 22:27:19
10211,5613,3,WIRE_TRANSFER,115867.26,USD,FAILED,Target Retail Network,2026-08-13 01:36:48,2026-08-13 02:28:02
10212,5931,123,ACH_CREDIT,13731.13,USD,PENDING,Amazon AWS Services,2026-07-21 05:41:52,2026-07-21 06:27:58
10213,5841,99,INTERNAL_BOOK_TRANSFER,100350.86,USD,COMPLETED,Stripe Clearing Inc,2026-08-05 02:57:58,2026-08-05 04:36:54
10214,5172,23,MERCHANT_SETTLEMENT,76887.45,USD,FAILED,Walmart Global Vendor,2026-08-20 03:40:07,2026-08-20 04:56:56
10215,5642,98,FX_CONVERSION,31088.12,USD,PROCESSING,Fedwire Interbank Net,2026-08-30 08:48:15,2026-08-30 09:04:49
10216,5238,110,WIRE_TRANSFER,53502.86,USD,COMPLETED,Amazon AWS Services,2026-08-27 20:49:25,2026-08-27 22:18:47
10217,5324,7,MERCHANT_SETTLEMENT,31935.27,USD,COMPLETED,Stripe Clearing Inc,2026-08-15 20:37:26,2026-08-15 22:06:15
10218,5639,189,WIRE_TRANSFER,10123.47,USD,COMPLETED,Fedwire Interbank Net,2026-08-18 02:23:47,2026-08-18 04:08:39
10219,5614,256,WIRE_TRANSFER,106887.0,USD,FAILED,Visa Direct Global,2026-08-05 11:17:58,2026-08-05 11:52:26
10220,5983,49,FX_CONVERSION,48670.37,USD,ON_HOLD,Fedwire Interbank Net,2026-08-01 17:31:24,2026-08-01 18:16:49
10221,5180,326,CARD_AUTH,132598.01,USD,COMPLETED,Apple Services US,2026-07-26 09:05:19,2026-07-26 09:51:09
10222,5019,312,FX_CONVERSION,67350.79,USD,PROCESSING,Target Retail Network,2026-09-06 16:49:28,2026-09-06 18:09:45
10223,5722,7,ACH_CREDIT,3206.97,USD,FAILED,Stripe Clearing Inc,2026-08-18 19:26:25,2026-08-18 19:58:46
10224,5756,220,CARD_AUTH,36551.15,USD,COMPLETED,Amazon AWS Services,2026-08-02 04:17:54,2026-08-02 05:09:07
10225,5511,152,ACH_CREDIT,22772.22,USD,COMPLETED,Amazon AWS Services,2026-08-11 22:30:00,2026-08-12 00:09:06
10226,5613,485,MERCHANT_SETTLEMENT,110894.99,USD,COMPLETED,JPMorgan Settlement Corp,2026-08-15 19:51:08,2026-08-15 20:34:34
10227,5660,403,CARD_AUTH,5965.61,USD,FAILED,Fedwire Interbank Net,2026-08-16 19:55:11,2026-08-16 21:37:44
10228,5025,118,CARD_AUTH,109937.78,USD,COMPLETED,Target Retail Network,2026-08-08 19:21:36,2026-08-08 20:35:19
10229,5056,465,INTERNAL_BOOK_TRANSFER,148256.74,USD,FAILED,Target Retail Network,2026-09-16 20:39:38,2026-09-16 22:38:52
10230,5391,267,ACH_DEBIT,27552.64,USD,ON_HOLD,Amazon AWS Services,2026-07-26 02:20:20,2026-07-26 04:19:10
10231,5504,36,ACH_CREDIT,7840.2,USD,COMPLETED,Target Retail Network,2026-08-01 00:20:57,2026-08-01 00:33:33
10232,5178,304,FX_CONVERSION,124687.44,USD,COMPLETED,Target Retail Network,2026-09-07 02:09:20,2026-09-07 02:20:05
10233,5437,372,MERCHANT_SETTLEMENT,46737.0,USD,ON_HOLD,Target Retail Network,2026-08-12 14:29:14,2026-08-12 15:27:12
10234,5181,311,ACH_CREDIT,45482.88,USD,PROCESSING,Apple Services US,2026-08-08 09:04:09,2026-08-08 09:41:21
10235,5884,401,MERCHANT_SETTLEMENT,12025.86,USD,COMPLETED,Fedwire Interbank Net,2026-08-25 11:54:58,2026-08-25 12:17:57
10236,5483,226,MERCHANT_SETTLEMENT,75806.5,USD,ON_HOLD,Fedwire Interbank Net,2026-08-03 22:59:38,2026-08-04 00:51:37
10237,5977,407,MERCHANT_SETTLEMENT,2996.66,USD,PENDING,Fedwire Interbank Net,2026-07-27 21:43:02,2026-07-27 23:26:43
10238,5929,472,ACH_DEBIT,89287.83,USD,COMPLETED,Oracle Cloud Infra,2026-08-05 21:10:47,2026-08-05 21:45:59
10239,5390,238,ACH_DEBIT,68054.4,USD,PENDING,Oracle Cloud Infra,2026-09-16 15:54:44,2026-09-16 17:00:28
10240,5074,171,ACH_CREDIT,107236.78,USD,COMPLETED,JPMorgan Settlement Corp,2026-08-07 05:37:51,2026-08-07 05:38:30
10241,5014,442,FX_CONVERSION,109562.17,USD,COMPLETED,Apple Services US,2026-08-28 02:27:10,2026-08-28 03:24:01
10242,5963,203,INTERNAL_BOOK_TRANSFER,55987.72,USD,PENDING,Microsoft Azure Cloud,2026-09-14 22:37:48,2026-09-14 22:47:36
10243,5419,454,WIRE_TRANSFER,148871.06,USD,COMPLETED,Fedwire Interbank Net,2026-09-12 17:44:03,2026-09-12 18:06:18
10244,5199,391,MERCHANT_SETTLEMENT,143565.63,USD,FAILED,Walmart Global Vendor,2026-09-07 07:14:39,2026-09-07 08:51:33
10245,5501,326,INTERNAL_BOOK_TRANSFER,55243.19,USD,COMPLETED,Fedwire Interbank Net,2026-08-29 23:51:23,2026-08-30 01:31:54
10246,5253,125,MERCHANT_SETTLEMENT,5200.76,USD,FAILED,Walmart Global Vendor,2026-07-22 13:36:44,2026-07-22 15:12:02
10247,5682,331,ACH_CREDIT,39218.44,USD,PENDING,JPMorgan Settlement Corp,2026-08-13 12:18:17,2026-08-13 12:52:08
10248,5617,297,INTERNAL_BOOK_TRANSFER,126231.43,USD,COMPLETED,Stripe Clearing Inc,2026-07-28 18:51:32,2026-07-28 20:19:35
10249,5729,470,MERCHANT_SETTLEMENT,59665.4,USD,PROCESSING,Stripe Clearing Inc,2026-09-08 04:02:58,2026-09-08 04:28:49
10250,5898,217,ACH_CREDIT,124466.78,USD,COMPLETED,Microsoft Azure Cloud,2026-09-06 10:21:44,2026-09-06 11:34:36
10251,5675,454,MERCHANT_SETTLEMENT,87922.52,USD,ON_HOLD,Fedwire Interbank Net,2026-07-28 10:51:39,2026-07-28 11:06:39
10252,5652,294,CARD_AUTH,119635.25,USD,FAILED,JPMorgan Settlement Corp,2026-08-14 22:38:09,2026-08-15 00:20:27
10253,5215,477,INTERNAL_BOOK_TRANSFER,59710.88,USD,COMPLETED,Amazon AWS Services,2026-08-05 04:10:05,2026-08-05 06:01:37
10254,5504,1,WIRE_TRANSFER,10499.94,USD,ON_HOLD,Fedwire Interbank Net,2026-09-08 19:01:15,2026-09-08 19:58:14
10255,5671,148,INTERNAL_BOOK_TRANSFER,64656.95,USD,COMPLETED,Walmart Global Vendor,2026-08-06 22:06:51,2026-08-06 23:43:03
10256,5138,102,MERCHANT_SETTLEMENT,27318.51,USD,COMPLETED,Apple Services US,2026-09-12 21:11:28,2026-09-12 23:02:44
10257,5218,96,ACH_CREDIT,8871.31,USD,COMPLETED,Target Retail Network,2026-08-14 00:06:16,2026-08-14 02:05:21
10258,5419,226,INTERNAL_BOOK_TRANSFER,136947.93,USD,COMPLETED,JPMorgan Settlement Corp,2026-07-27 13:44:28,2026-07-27 14:24:34
10259,5088,194,WIRE_TRANSFER,41532.77,USD,COMPLETED,Amazon AWS Services,2026-09-14 16:25:33,2026-09-14 16:57:41
10260,5490,249,INTERNAL_BOOK_TRANSFER,114086.15,USD,COMPLETED,Amazon AWS Services,2026-08-14 15:47:02,2026-08-14 17:29:45
10261,5979,4,INTERNAL_BOOK_TRANSFER,87377.46,USD,COMPLETED,Stripe Clearing Inc,2026-08-09 07:35:44,2026-08-09 08:47:07
10262,5811,4,MERCHANT_SETTLEMENT,90457.85,USD,FAILED,Microsoft Azure Cloud,2026-09-05 00:03:39,2026-09-05 01:08:20
10263,5776,173,FX_CONVERSION,64432.59,USD,COMPLETED,Walmart Global Vendor,2026-08-19 10:17:43,2026-08-19 12:09:19
10264,5246,482,ACH_DEBIT,99770.28,USD,PENDING,Visa Direct Global,2026-07-25 09:09:11,2026-07-25 09:57:52
10265,5895,170,CARD_AUTH,15049.55,USD,PENDING,Fedwire Interbank Net,2026-08-02 07:20:42,2026-08-02 07:24:17
10266,5617,63,CARD_AUTH,79606.37,USD,ON_HOLD,Target Retail Network,2026-08-24 14:16:28,2026-08-24 15:18:15
10267,5634,352,INTERNAL_BOOK_TRANSFER,130481.28,USD,PROCESSING,Fedwire Interbank Net,2026-08-07 01:41:27,2026-08-07 01:41:57
10268,5654,491,CARD_AUTH,48344.82,USD,ON_HOLD,Walmart Global Vendor,2026-07-24 06:23:09,2026-07-24 08:13:29
10269,5754,167,INTERNAL_BOOK_TRANSFER,66660.09,USD,PROCESSING,Apple Services US,2026-08-27 16:13:23,2026-08-27 17:54:23
10270,5628,407,WIRE_TRANSFER,52266.71,USD,PENDING,Stripe Clearing Inc,2026-08-26 04:33:22,2026-08-26 05:13:34
10271,5622,100,INTERNAL_BOOK_TRANSFER,21496.07,USD,PROCESSING,Visa Direct Global,2026-09-06 19:39:33,2026-09-06 19:43:58
10272,5131,255,CARD_AUTH,13086.76,USD,FAILED,Oracle Cloud Infra,2026-09-03 03:30:02,2026-09-03 03:53:03
10273,5918,229,WIRE_TRANSFER,72338.49,USD,PROCESSING,Target Retail Network,2026-08-12 10:49:53,2026-08-12 11:18:51
10274,5175,386,INTERNAL_BOOK_TRANSFER,104994.0,USD,COMPLETED,Fedwire Interbank Net,2026-07-22 15:51:45,2026-07-22 16:13:42
10275,5952,476,ACH_DEBIT,135399.76,USD,FAILED,Microsoft Azure Cloud,2026-08-10 05:17:03,2026-08-10 06:55:19
10276,5264,341,MERCHANT_SETTLEMENT,142726.82,USD,ON_HOLD,Stripe Clearing Inc,2026-08-02 00:06:22,2026-08-02 01:19:25
10277,5649,372,MERCHANT_SETTLEMENT,13589.46,USD,ON_HOLD,Walmart Global Vendor,2026-08-10 13:16:37,2026-08-10 14:35:20
10278,5785,474,FX_CONVERSION,9723.91,USD,COMPLETED,Fedwire Interbank Net,2026-08-25 21:04:51,2026-08-25 22:34:12
10279,5658,402,FX_CONVERSION,144938.06,USD,PENDING,Target Retail Network,2026-08-10 12:40:55,2026-08-10 13:16:22
10280,5119,149,WIRE_TRANSFER,16730.04,USD,COMPLETED,Visa Direct Global,2026-08-07 02:12:25,2026-08-07 03:54:09
10281,5965,60,FX_CONVERSION,55176.68,USD,FAILED,Walmart Global Vendor,2026-08-25 17:41:22,2026-08-25 19:00:13
10282,5755,1,ACH_DEBIT,9306.66,USD,PROCESSING,Target Retail Network,2026-08-26 12:12:55,2026-08-26 13:10:50
10283,5328,395,ACH_DEBIT,119632.88,USD,FAILED,JPMorgan Settlement Corp,2026-09-08 06:52:45,2026-09-08 08:23:27
10284,5617,303,ACH_CREDIT,16010.67,USD,COMPLETED,Oracle Cloud Infra,2026-09-02 13:03:11,2026-09-02 13:46:24
10285,5149,418,ACH_DEBIT,125586.65,USD,PENDING,Apple Services US,2026-08-03 03:17:48,2026-08-03 04:40:00
10286,5291,75,INTERNAL_BOOK_TRANSFER,99811.14,USD,FAILED,Amazon AWS Services,2026-09-15 23:15:47,2026-09-15 23:59:34
10287,5317,258,INTERNAL_BOOK_TRANSFER,18541.95,USD,FAILED,Visa Direct Global,2026-09-04 06:15:01,2026-09-04 07:41:15
10288,5849,111,MERCHANT_SETTLEMENT,43742.33,USD,PENDING,Amazon AWS Services,2026-08-21 04:03:14,2026-08-21 04:24:09
10289,5848,367,ACH_CREDIT,127214.37,USD,FAILED,Target Retail Network,2026-07-24 22:15:33,2026-07-25 00:13:47
10290,5795,92,CARD_AUTH,73138.77,USD,PENDING,Microsoft Azure Cloud,2026-08-04 06:43:04,2026-08-04 06:46:05
10291,5562,201,ACH_DEBIT,63380.35,USD,PENDING,Walmart Global Vendor,2026-08-26 19:42:43,2026-08-26 20:36:11
10292,5074,271,INTERNAL_BOOK_TRANSFER,42474.26,USD,ON_HOLD,Target Retail Network,2026-09-11 00:43:36,2026-09-11 01:37:26
10293,5100,68,ACH_DEBIT,112846.29,USD,PROCESSING,Amazon AWS Services,2026-08-18 08:18:52,2026-08-18 09:21:25
10294,5671,84,FX_CONVERSION,20656.14,USD,ON_HOLD,Apple Services US,2026-08-17 02:02:24,2026-08-17 02:22:15
10295,5215,112,CARD_AUTH,112263.79,USD,ON_HOLD,Amazon AWS Services,2026-08-23 23:49:05,2026-08-24 01:28:17
10296,5877,295,WIRE_TRANSFER,101755.87,USD,FAILED,JPMorgan Settlement Corp,2026-08-25 09:12:33,2026-08-25 10:10:56
10297,5696,431,ACH_CREDIT,138899.69,USD,COMPLETED,Walmart Global Vendor,2026-09-03 19:58:52,2026-09-03 20:23:28
10298,5968,27,WIRE_TRANSFER,147042.02,USD,ON_HOLD,Walmart Global Vendor,2026-09-15 10:28:31,2026-09-15 11:27:49
10299,5994,77,INTERNAL_BOOK_TRANSFER,108389.64,USD,COMPLETED,Amazon AWS Services,2026-07-31 08:36:02,2026-07-31 09:09:00
10300,5407,251,ACH_DEBIT,103205.57,USD,COMPLETED,Fedwire Interbank Net,2026-07-28 12:34:47,2026-07-28 14:21:03
10301,5475,443,CARD_AUTH,97555.56,USD,COMPLETED,Apple Services US,2026-08-24 11:41:44,2026-08-24 11:43:24
10302,5123,60,WIRE_TRANSFER,18330.12,USD,ON_HOLD,Oracle Cloud Infra,2026-08-10 15:54:26,2026-08-10 15:57:39
10303,5601,294,FX_CONVERSION,71938.03,USD,ON_HOLD,Stripe Clearing Inc,2026-09-15 09:16:44,2026-09-15 09:41:32
10304,5394,248,INTERNAL_BOOK_TRANSFER,105418.13,USD,COMPLETED,Visa Direct Global,2026-07-31 23:35:34,2026-07-31 23:49:13
10305,5334,33,INTERNAL_BOOK_TRANSFER,136334.4,USD,FAILED,Oracle Cloud Infra,2026-08-06 18:35:43,2026-08-06 19:31:08
10306,5833,359,WIRE_TRANSFER,59084.94,USD,FAILED,Oracle Cloud Infra,2026-09-09 06:57:52,2026-09-09 08:04:39
10307,5066,266,CARD_AUTH,87718.82,USD,ON_HOLD,Stripe Clearing Inc,2026-08-08 23:11:47,2026-08-09 00:41:47
10308,5920,61,ACH_CREDIT,129304.04,USD,ON_HOLD,JPMorgan Settlement Corp,2026-07-20 08:10:35,2026-07-20 09:26:24
10309,5458,410,ACH_DEBIT,18479.16,USD,COMPLETED,Visa Direct Global,2026-08-08 20:19:16,2026-08-08 21:48:27
10310,5166,45,FX_CONVERSION,38533.03,USD,FAILED,Amazon AWS Services,2026-07-28 00:55:37,2026-07-28 01:12:43
10311,5519,153,ACH_DEBIT,144942.28,USD,COMPLETED,Fedwire Interbank Net,2026-07-19 19:58:12,2026-07-19 20:32:11
10312,5308,24,FX_CONVERSION,135695.36,USD,COMPLETED,Oracle Cloud Infra,2026-09-01 00:30:36,2026-09-01 00:49:46
10313,5591,252,INTERNAL_BOOK_TRANSFER,46957.93,USD,COMPLETED,Visa Direct Global,2026-09-10 01:53:23,2026-09-10 03:03:10
10314,5215,353,WIRE_TRANSFER,99401.15,USD,COMPLETED,Target Retail Network,2026-07-23 09:22:01,2026-07-23 09:47:46
10315,5146,154,CARD_AUTH,124898.44,USD,COMPLETED,Visa Direct Global,2026-09-11 10:11:19,2026-09-11 10:40:53
10316,5606,184,ACH_DEBIT,19296.04,USD,PROCESSING,Fedwire Interbank Net,2026-07-27 01:02:29,2026-07-27 02:17:38
10317,5262,134,MERCHANT_SETTLEMENT,97474.27,USD,COMPLETED,Fedwire Interbank Net,2026-09-02 02:29:08,2026-09-02 02:40:35
10318,5968,131,INTERNAL_BOOK_TRANSFER,63816.16,USD,ON_HOLD,JPMorgan Settlement Corp,2026-09-09 20:31:06,2026-09-09 20:59:00
10319,5073,323,INTERNAL_BOOK_TRANSFER,40428.58,USD,ON_HOLD,Target Retail Network,2026-08-24 22:55:30,2026-08-25 00:12:32
10320,5674,332,CARD_AUTH,76726.58,USD,COMPLETED,Fedwire Interbank Net,2026-08-03 17:25:54,2026-08-03 18:09:10
10321,5807,223,MERCHANT_SETTLEMENT,3911.32,USD,PROCESSING,Target Retail Network,2026-07-27 08:24:58,2026-07-27 09:01:55
10322,5128,273,WIRE_TRANSFER,102604.95,USD,PENDING,Stripe Clearing Inc,2026-08-20 19:13:46,2026-08-20 20:41:15
10323,5092,186,ACH_DEBIT,116716.3,USD,COMPLETED,Target Retail Network,2026-08-15 09:24:50,2026-08-15 09:26:15
10324,5101,194,ACH_CREDIT,56810.7,USD,COMPLETED,Stripe Clearing Inc,2026-08-05 21:15:16,2026-08-05 22:27:13
10325,5746,449,ACH_DEBIT,88334.54,USD,FAILED,Apple Services US,2026-07-29 02:23:47,2026-07-29 03:36:05
10326,5358,359,FX_CONVERSION,129813.18,USD,PROCESSING,Microsoft Azure Cloud,2026-09-16 19:16:17,2026-09-16 19:29:53
10327,5919,25,ACH_CREDIT,47716.85,USD,FAILED,Fedwire Interbank Net,2026-08-06 08:46:05,2026-08-06 09:33:17
10328,5826,380,INTERNAL_BOOK_TRANSFER,145200.86,USD,PROCESSING,Oracle Cloud Infra,2026-09-15 13:19:43,2026-09-15 15:15:48
10329,5413,245,FX_CONVERSION,19158.08,USD,COMPLETED,Oracle Cloud Infra,2026-08-03 22:05:30,2026-08-03 23:35:21
10330,5130,74,MERCHANT_SETTLEMENT,85145.14,USD,COMPLETED,Amazon AWS Services,2026-08-24 18:17:04,2026-08-24 19:53:44
10331,5797,128,INTERNAL_BOOK_TRANSFER,91315.43,USD,ON_HOLD,Apple Services US,2026-08-06 14:26:07,2026-08-06 15:26:07
10332,5363,409,MERCHANT_SETTLEMENT,75347.08,USD,COMPLETED,Fedwire Interbank Net,2026-09-08 08:50:39,2026-09-08 10:28:49
10333,5903,473,CARD_AUTH,34334.28,USD,ON_HOLD,Stripe Clearing Inc,2026-08-18 12:00:49,2026-08-18 12:56:24
10334,5790,161,CARD_AUTH,13544.29,USD,COMPLETED,Stripe Clearing Inc,2026-08-12 03:05:49,2026-08-12 03:18:41
10335,5170,295,WIRE_TRANSFER,12711.11,USD,COMPLETED,Oracle Cloud Infra,2026-09-05 16:11:44,2026-09-05 18:02:10
10336,5896,6,MERCHANT_SETTLEMENT,101563.2,USD,ON_HOLD,JPMorgan Settlement Corp,2026-09-04 09:27:00,2026-09-04 10:35:03
10337,5528,351,INTERNAL_BOOK_TRANSFER,133214.93,USD,ON_HOLD,Stripe Clearing Inc,2026-08-28 04:35:16,2026-08-28 04:37:14
10338,5632,98,CARD_AUTH,111894.07,USD,ON_HOLD,Fedwire Interbank Net,2026-09-09 16:50:16,2026-09-09 18:32:42
10339,5354,126,INTERNAL_BOOK_TRANSFER,99184.76,USD,FAILED,Oracle Cloud Infra,2026-09-16 23:17:41,2026-09-16 23:23:32
10340,5622,230,ACH_CREDIT,101186.62,USD,FAILED,Oracle Cloud Infra,2026-08-10 16:13:07,2026-08-10 16:37:04
10341,5077,188,CARD_AUTH,20019.92,USD,COMPLETED,Amazon AWS Services,2026-08-29 20:47:06,2026-08-29 21:54:50
10342,5389,88,ACH_DEBIT,145460.03,USD,COMPLETED,Target Retail Network,2026-09-10 04:00:38,2026-09-10 05:56:52
10343,5785,440,WIRE_TRANSFER,43527.81,USD,PENDING,Microsoft Azure Cloud,2026-08-14 12:41:05,2026-08-14 13:10:15
10344,5003,378,INTERNAL_BOOK_TRANSFER,85337.29,USD,COMPLETED,Microsoft Azure Cloud,2026-09-07 21:02:25,2026-09-07 22:55:14
10345,5915,19,MERCHANT_SETTLEMENT,133876.83,USD,FAILED,Apple Services US,2026-07-25 09:44:52,2026-07-25 10:33:31
10346,5007,316,MERCHANT_SETTLEMENT,49299.89,USD,COMPLETED,Stripe Clearing Inc,2026-07-20 07:46:53,2026-07-20 08:34:42
10347,5912,370,ACH_CREDIT,60325.46,USD,COMPLETED,Stripe Clearing Inc,2026-08-30 15:36:59,2026-08-30 16:44:14
10348,5203,44,FX_CONVERSION,77160.17,USD,COMPLETED,Fedwire Interbank Net,2026-07-31 20:20:42,2026-07-31 21:27:19
10349,5008,80,CARD_AUTH,98503.77,USD,COMPLETED,Apple Services US,2026-08-27 05:01:25,2026-08-27 05:52:36
10350,5307,187,MERCHANT_SETTLEMENT,133831.76,USD,PROCESSING,Microsoft Azure Cloud,2026-07-30 09:02:54,2026-07-30 10:02:51
10351,5673,430,MERCHANT_SETTLEMENT,24296.52,USD,COMPLETED,Fedwire Interbank Net,2026-07-20 09:18:34,2026-07-20 10:07:41
10352,5905,446,INTERNAL_BOOK_TRANSFER,29790.13,USD,COMPLETED,Microsoft Azure Cloud,2026-07-23 17:34:29,2026-07-23 17:52:49
10353,5405,216,INTERNAL_BOOK_TRANSFER,49699.08,USD,COMPLETED,JPMorgan Settlement Corp,2026-08-08 03:27:20,2026-08-08 04:32:51
10354,5983,341,ACH_DEBIT,17841.32,USD,PENDING,Oracle Cloud Infra,2026-09-05 22:31:37,2026-09-06 00:20:54
10355,5699,366,ACH_CREDIT,48750.37,USD,FAILED,Fedwire Interbank Net,2026-09-06 13:11:09,2026-09-06 14:50:21
10356,5946,380,CARD_AUTH,123850.34,USD,COMPLETED,Stripe Clearing Inc,2026-07-30 07:08:54,2026-07-30 08:57:12
10357,5022,65,ACH_CREDIT,51634.81,USD,COMPLETED,Target Retail Network,2026-07-24 21:01:56,2026-07-24 22:34:37
10358,5850,176,MERCHANT_SETTLEMENT,146466.38,USD,ON_HOLD,Amazon AWS Services,2026-08-30 23:49:46,2026-08-31 00:55:24
10359,5297,145,MERCHANT_SETTLEMENT,12415.63,USD,PENDING,Target Retail Network,2026-09-17 18:54:49,2026-09-17 19:15:43
10360,5747,262,ACH_CREDIT,37439.16,USD,FAILED,Stripe Clearing Inc,2026-08-14 09:50:30,2026-08-14 11:26:17
10361,5254,342,CARD_AUTH,64388.4,USD,PENDING,Stripe Clearing Inc,2026-09-06 14:17:37,2026-09-06 15:41:08
10362,5186,97,CARD_AUTH,88689.85,USD,ON_HOLD,JPMorgan Settlement Corp,2026-08-11 02:16:29,2026-08-11 02:33:00
10363,5136,206,WIRE_TRANSFER,41097.76,USD,COMPLETED,JPMorgan Settlement Corp,2026-08-30 05:07:43,2026-08-30 05:10:12
10364,5632,103,WIRE_TRANSFER,129655.98,USD,PENDING,Fedwire Interbank Net,2026-09-08 19:02:32,2026-09-08 19:44:27
10365,5717,325,ACH_CREDIT,33286.13,USD,PENDING,Apple Services US,2026-07-25 18:43:33,2026-07-25 19:53:14
10366,5438,330,WIRE_TRANSFER,45661.24,USD,COMPLETED,Walmart Global Vendor,2026-08-16 01:30:48,2026-08-16 02:18:48
10367,5729,215,ACH_CREDIT,47993.48,USD,COMPLETED,JPMorgan Settlement Corp,2026-07-23 19:02:57,2026-07-23 19:03:06
10368,5054,339,INTERNAL_BOOK_TRANSFER,48263.24,USD,COMPLETED,Apple Services US,2026-08-16 00:35:21,2026-08-16 01:58:14
10369,5104,221,ACH_CREDIT,37858.52,USD,PENDING,Walmart Global Vendor,2026-08-21 06:42:16,2026-08-21 07:23:54
10370,5115,50,INTERNAL_BOOK_TRANSFER,2074.39,USD,PROCESSING,JPMorgan Settlement Corp,2026-08-20 23:33:00,2026-08-21 00:22:18
10371,5760,415,ACH_DEBIT,111446.36,USD,PROCESSING,Oracle Cloud Infra,2026-09-16 12:51:22,2026-09-16 13:42:11
10372,5244,333,ACH_DEBIT,31525.14,USD,PENDING,Stripe Clearing Inc,2026-07-30 03:37:13,2026-07-30 03:55:06
10373,5645,381,FX_CONVERSION,18075.58,USD,PROCESSING,Target Retail Network,2026-08-07 13:19:28,2026-08-07 14:55:45
10374,5457,474,WIRE_TRANSFER,11255.53,USD,PROCESSING,Visa Direct Global,2026-08-22 02:46:51,2026-08-22 03:28:05
10375,5743,243,CARD_AUTH,30320.22,USD,ON_HOLD,JPMorgan Settlement Corp,2026-07-24 01:51:29,2026-07-24 02:09:01
10376,5197,215,FX_CONVERSION,106747.82,USD,FAILED,Oracle Cloud Infra,2026-08-22 13:07:50,2026-08-22 13:57:53
10377,5460,323,INTERNAL_BOOK_TRANSFER,17636.85,USD,PENDING,Stripe Clearing Inc,2026-09-04 16:49:27,2026-09-04 17:46:44
10378,5537,477,FX_CONVERSION,118638.11,USD,COMPLETED,Visa Direct Global,2026-08-15 10:35:00,2026-08-15 12:10:12
10379,5991,67,ACH_DEBIT,6841.13,USD,PROCESSING,Amazon AWS Services,2026-08-07 06:56:52,2026-08-07 08:38:04
10380,5835,204,MERCHANT_SETTLEMENT,102712.18,USD,FAILED,Oracle Cloud Infra,2026-07-27 02:29:59,2026-07-27 02:52:39
10381,5449,385,FX_CONVERSION,57638.27,USD,FAILED,Fedwire Interbank Net,2026-08-27 17:48:59,2026-08-27 19:11:58
10382,5279,106,ACH_CREDIT,565.49,USD,PROCESSING,Target Retail Network,2026-09-15 07:29:36,2026-09-15 09:04:48
10383,5010,451,CARD_AUTH,76931.77,USD,PROCESSING,Oracle Cloud Infra,2026-08-13 22:53:57,2026-08-13 23:35:27
10384,5873,113,ACH_DEBIT,106245.65,USD,PROCESSING,Stripe Clearing Inc,2026-08-05 10:29:02,2026-08-05 10:59:41
10385,5047,274,ACH_CREDIT,43794.55,USD,ON_HOLD,JPMorgan Settlement Corp,2026-08-15 18:59:25,2026-08-15 19:17:39
10386,5277,448,CARD_AUTH,7752.18,USD,COMPLETED,Target Retail Network,2026-09-09 17:28:02,2026-09-09 17:43:58
10387,5002,333,ACH_DEBIT,94911.8,USD,COMPLETED,Walmart Global Vendor,2026-07-27 21:44:54,2026-07-27 23:21:18
10388,5906,282,ACH_DEBIT,108319.03,USD,PENDING,Visa Direct Global,2026-08-17 10:55:36,2026-08-17 11:40:00
10389,5059,321,CARD_AUTH,1586.46,USD,COMPLETED,Target Retail Network,2026-08-15 23:29:43,2026-08-15 23:53:55
10390,5263,498,WIRE_TRANSFER,80620.1,USD,FAILED,Visa Direct Global,2026-07-30 03:48:01,2026-07-30 05:26:45
10391,5764,353,MERCHANT_SETTLEMENT,141849.83,USD,COMPLETED,Visa Direct Global,2026-09-11 07:24:32,2026-09-11 07:52:45
10392,5837,227,ACH_CREDIT,48656.69,USD,COMPLETED,Visa Direct Global,2026-08-27 05:16:02,2026-08-27 05:37:22
10393,5457,119,INTERNAL_BOOK_TRANSFER,108949.9,USD,COMPLETED,JPMorgan Settlement Corp,2026-09-04 07:56:16,2026-09-04 08:09:08
10394,5508,93,MERCHANT_SETTLEMENT,27774.99,USD,FAILED,JPMorgan Settlement Corp,2026-08-07 03:50:46,2026-08-07 05:08:37
10395,5503,483,INTERNAL_BOOK_TRANSFER,27081.9,USD,COMPLETED,Amazon AWS Services,2026-08-18 22:29:47,2026-08-18 22:52:06
10396,5907,91,CARD_AUTH,59145.05,USD,PROCESSING,Target Retail Network,2026-07-26 13:36:38,2026-07-26 13:56:18
10397,5074,219,ACH_CREDIT,68267.52,USD,ON_HOLD,Fedwire Interbank Net,2026-07-29 13:19:57,2026-07-29 14:58:55
10398,5540,71,INTERNAL_BOOK_TRANSFER,112572.99,USD,COMPLETED,Visa Direct Global,2026-07-29 12:09:30,2026-07-29 13:01:10
10399,5394,11,WIRE_TRANSFER,123988.76,USD,FAILED,Amazon AWS Services,2026-08-01 15:46:13,2026-08-01 16:20:12
10400,5789,43,ACH_DEBIT,21417.2,USD,ON_HOLD,Visa Direct Global,2026-07-21 03:13:15,2026-07-21 05:01:31
10401,5990,5,CARD_AUTH,15973.63,USD,ON_HOLD,Walmart Global Vendor,2026-07-28 01:45:14,2026-07-28 02:12:56
10402,5143,246,CARD_AUTH,84438.83,USD,PENDING,JPMorgan Settlement Corp,2026-08-18 16:01:47,2026-08-18 16:47:09
10403,5491,80,ACH_CREDIT,8405.4,USD,ON_HOLD,Microsoft Azure Cloud,2026-09-10 14:28:50,2026-09-10 14:45:43
10404,5022,423,WIRE_TRANSFER,15445.17,USD,COMPLETED,Stripe Clearing Inc,2026-09-07 11:45:03,2026-09-07 13:39:20
10405,5426,73,WIRE_TRANSFER,136827.28,USD,COMPLETED,Target Retail Network,2026-08-30 07:04:06,2026-08-30 07:56:48
10406,5151,181,INTERNAL_BOOK_TRANSFER,43045.12,USD,ON_HOLD,Fedwire Interbank Net,2026-07-30 17:42:07,2026-07-30 18:49:20
10407,5174,57,ACH_CREDIT,15283.34,USD,COMPLETED,Walmart Global Vendor,2026-07-27 05:32:21,2026-07-27 06:56:29
10408,5342,61,ACH_DEBIT,138499.9,USD,COMPLETED,Amazon AWS Services,2026-09-16 12:22:22,2026-09-16 12:43:04
10409,5183,220,FX_CONVERSION,50243.57,USD,COMPLETED,Fedwire Interbank Net,2026-08-03 09:48:31,2026-08-03 11:19:42
10410,5704,155,FX_CONVERSION,122639.03,USD,COMPLETED,Stripe Clearing Inc,2026-08-15 03:27:50,2026-08-15 04:36:04
10411,5678,189,ACH_DEBIT,121612.74,USD,ON_HOLD,Stripe Clearing Inc,2026-07-20 00:50:51,2026-07-20 02:48:35
10412,5956,77,CARD_AUTH,98386.89,USD,COMPLETED,JPMorgan Settlement Corp,2026-08-26 17:56:01,2026-08-26 18:57:05
10413,5739,408,CARD_AUTH,146451.49,USD,FAILED,Stripe Clearing Inc,2026-07-30 19:27:43,2026-07-30 20:46:41
10414,5438,492,INTERNAL_BOOK_TRANSFER,41789.82,USD,COMPLETED,Walmart Global Vendor,2026-08-01 04:57:02,2026-08-01 05:21:56
10415,5786,198,ACH_DEBIT,47914.72,USD,PENDING,Apple Services US,2026-08-29 00:19:51,2026-08-29 01:42:05
10416,5813,326,ACH_DEBIT,20755.17,USD,ON_HOLD,Target Retail Network,2026-08-26 00:39:25,2026-08-26 01:36:39
10417,5563,255,FX_CONVERSION,80077.49,USD,PROCESSING,Oracle Cloud Infra,2026-08-11 03:58:35,2026-08-11 04:51:10
10418,5086,298,INTERNAL_BOOK_TRANSFER,63290.86,USD,PROCESSING,Target Retail Network,2026-07-28 07:04:42,2026-07-28 07:36:53
10419,5371,2,ACH_CREDIT,149085.95,USD,COMPLETED,Walmart Global Vendor,2026-09-12 00:52:39,2026-09-12 01:57:26
10420,5981,69,WIRE_TRANSFER,8960.59,USD,COMPLETED,Walmart Global Vendor,2026-08-02 08:28:41,2026-08-02 09:09:00
10421,5472,74,CARD_AUTH,128000.57,USD,PENDING,Target Retail Network,2026-08-09 06:49:28,2026-08-09 08:42:34
10422,5230,29,INTERNAL_BOOK_TRANSFER,20692.18,USD,ON_HOLD,JPMorgan Settlement Corp,2026-08-25 11:19:05,2026-08-25 12:59:15
10423,5027,357,MERCHANT_SETTLEMENT,55768.66,USD,ON_HOLD,Stripe Clearing Inc,2026-09-14 07:00:48,2026-09-14 07:10:57
10424,5489,429,FX_CONVERSION,130574.85,USD,COMPLETED,JPMorgan Settlement Corp,2026-08-24 06:51:05,2026-08-24 07:10:27
10425,5081,126,WIRE_TRANSFER,1896.84,USD,FAILED,Fedwire Interbank Net,2026-08-03 08:38:14,2026-08-03 10:22:49
10426,5187,241,INTERNAL_BOOK_TRANSFER,21038.79,USD,PROCESSING,Microsoft Azure Cloud,2026-09-03 11:22:48,2026-09-03 12:19:04
10427,5740,173,MERCHANT_SETTLEMENT,117215.11,USD,ON_HOLD,Amazon AWS Services,2026-08-16 15:59:28,2026-08-16 16:14:44
10428,5160,31,INTERNAL_BOOK_TRANSFER,4842.55,USD,FAILED,JPMorgan Settlement Corp,2026-09-06 16:32:03,2026-09-06 16:54:01
10429,5012,203,CARD_AUTH,63557.81,USD,PENDING,Oracle Cloud Infra,2026-08-13 21:04:51,2026-08-13 22:23:02
10430,5514,157,INTERNAL_BOOK_TRANSFER,34116.93,USD,COMPLETED,Microsoft Azure Cloud,2026-07-28 17:59:54,2026-07-28 19:11:11
10431,5387,487,ACH_CREDIT,111476.76,USD,PENDING,Visa Direct Global,2026-07-25 06:15:10,2026-07-25 06:45:08
10432,5402,95,CARD_AUTH,111905.84,USD,PROCESSING,Visa Direct Global,2026-07-27 07:40:53,2026-07-27 09:32:27
10433,5710,240,MERCHANT_SETTLEMENT,46995.96,USD,ON_HOLD,Fedwire Interbank Net,2026-08-25 18:19:49,2026-08-25 18:42:24
10434,5056,412,ACH_DEBIT,97006.09,USD,COMPLETED,Microsoft Azure Cloud,2026-07-30 08:21:47,2026-07-30 08:36:07
10435,5080,186,FX_CONVERSION,116825.23,USD,COMPLETED,Amazon AWS Services,2026-08-12 01:54:57,2026-08-12 02:33:33
10436,5167,278,WIRE_TRANSFER,9821.71,USD,PROCESSING,Amazon AWS Services,2026-08-18 20:04:22,2026-08-18 20:30:04
10437,5565,104,INTERNAL_BOOK_TRANSFER,139382.09,USD,COMPLETED,Microsoft Azure Cloud,2026-07-28 01:55:36,2026-07-28 03:13:31
10438,5579,23,FX_CONVERSION,147974.44,USD,PENDING,Amazon AWS Services,2026-07-24 11:43:58,2026-07-24 12:27:00
10439,5096,484,ACH_DEBIT,1297.09,USD,COMPLETED,Microsoft Azure Cloud,2026-08-27 11:29:45,2026-08-27 12:38:07
10440,5200,162,CARD_AUTH,58611.73,USD,COMPLETED,JPMorgan Settlement Corp,2026-07-29 06:40:56,2026-07-29 07:26:15
10441,5418,460,INTERNAL_BOOK_TRANSFER,75549.42,USD,PROCESSING,JPMorgan Settlement Corp,2026-07-22 02:57:41,2026-07-22 04:17:56
10442,5816,196,MERCHANT_SETTLEMENT,87964.28,USD,FAILED,Amazon AWS Services,2026-08-16 23:47:52,2026-08-17 00:09:57
10443,5156,350,MERCHANT_SETTLEMENT,11836.42,USD,ON_HOLD,Stripe Clearing Inc,2026-08-11 07:22:05,2026-08-11 07:51:36
10444,5827,349,INTERNAL_BOOK_TRANSFER,21151.3,USD,ON_HOLD,JPMorgan Settlement Corp,2026-09-06 12:37:47,2026-09-06 13:48:21
10445,5747,312,INTERNAL_BOOK_TRANSFER,78505.22,USD,FAILED,Walmart Global Vendor,2026-09-01 06:28:31,2026-09-01 08:15:49
10446,5135,174,ACH_DEBIT,54063.77,USD,FAILED,Fedwire Interbank Net,2026-07-23 17:00:27,2026-07-23 18:37:50
10447,5793,350,MERCHANT_SETTLEMENT,35886.0,USD,PROCESSING,Visa Direct Global,2026-07-27 02:31:46,2026-07-27 02:52:39
10448,5581,322,MERCHANT_SETTLEMENT,14633.92,USD,COMPLETED,JPMorgan Settlement Corp,2026-08-18 21:03:24,2026-08-18 22:18:11
10449,5889,497,CARD_AUTH,117222.4,USD,COMPLETED,Apple Services US,2026-07-28 23:04:20,2026-07-29 00:06:30
10450,5322,87,ACH_DEBIT,24242.26,USD,COMPLETED,Visa Direct Global,2026-08-24 02:23:13,2026-08-24 03:11:32
10451,5092,37,ACH_CREDIT,106605.63,USD,PENDING,Microsoft Azure Cloud,2026-09-03 18:32:55,2026-09-03 19:07:57
10452,5782,449,MERCHANT_SETTLEMENT,97552.73,USD,COMPLETED,Stripe Clearing Inc,2026-09-13 01:00:56,2026-09-13 02:07:40
10453,5041,187,CARD_AUTH,43011.95,USD,PENDING,Visa Direct Global,2026-08-01 08:19:33,2026-08-01 09:19:49
10454,5376,263,CARD_AUTH,93704.36,USD,COMPLETED,Walmart Global Vendor,2026-07-27 22:19:04,2026-07-27 23:52:17
10455,5424,260,MERCHANT_SETTLEMENT,39442.91,USD,ON_HOLD,Amazon AWS Services,2026-07-25 08:43:37,2026-07-25 10:24:52
10456,5810,126,INTERNAL_BOOK_TRANSFER,123189.81,USD,COMPLETED,JPMorgan Settlement Corp,2026-07-30 01:07:58,2026-07-30 01:47:44
10457,5385,82,FX_CONVERSION,59907.38,USD,COMPLETED,Target Retail Network,2026-08-26 12:23:45,2026-08-26 14:23:11
10458,5474,343,WIRE_TRANSFER,52357.3,USD,PENDING,Oracle Cloud Infra,2026-09-02 22:57:24,2026-09-02 23:12:22
10459,5088,93,INTERNAL_BOOK_TRANSFER,16274.99,USD,PENDING,Fedwire Interbank Net,2026-08-08 04:34:19,2026-08-08 05:29:13
10460,5337,34,ACH_DEBIT,51380.3,USD,PROCESSING,Apple Services US,2026-08-09 11:14:48,2026-08-09 12:50:46
10461,5760,244,WIRE_TRANSFER,41774.66,USD,COMPLETED,Oracle Cloud Infra,2026-08-03 22:40:26,2026-08-03 23:44:40
10462,5150,328,ACH_CREDIT,48045.33,USD,COMPLETED,Visa Direct Global,2026-08-25 17:53:55,2026-08-25 18:02:31
10463,5959,414,ACH_DEBIT,118439.24,USD,PENDING,Target Retail Network,2026-07-25 01:46:50,2026-07-25 02:15:47
10464,5889,12,CARD_AUTH,102558.78,USD,COMPLETED,Microsoft Azure Cloud,2026-08-05 22:07:36,2026-08-05 22:19:05
10465,5146,36,ACH_DEBIT,60775.44,USD,COMPLETED,Apple Services US,2026-08-29 13:47:37,2026-08-29 14:59:20
10466,5220,343,ACH_DEBIT,27632.55,USD,COMPLETED,Stripe Clearing Inc,2026-08-30 10:19:41,2026-08-30 11:06:27
10467,5987,386,ACH_DEBIT,24701.3,USD,COMPLETED,Fedwire Interbank Net,2026-09-04 14:02:20,2026-09-04 15:07:20
10468,5549,353,CARD_AUTH,24124.78,USD,ON_HOLD,Fedwire Interbank Net,2026-08-23 06:15:50,2026-08-23 07:50:31
10469,5585,200,CARD_AUTH,1514.97,USD,FAILED,Visa Direct Global,2026-08-08 02:26:56,2026-08-08 02:37:38
10470,5741,342,FX_CONVERSION,92486.64,USD,COMPLETED,Walmart Global Vendor,2026-07-21 04:49:42,2026-07-21 05:10:19
10471,5919,235,ACH_CREDIT,74929.61,USD,COMPLETED,Stripe Clearing Inc,2026-08-28 06:43:13,2026-08-28 07:19:10
10472,5534,370,WIRE_TRANSFER,148236.09,USD,FAILED,JPMorgan Settlement Corp,2026-09-01 10:46:56,2026-09-01 12:14:15
10473,5993,297,WIRE_TRANSFER,5497.47,USD,ON_HOLD,Target Retail Network,2026-08-29 14:51:07,2026-08-29 16:26:17
10474,5560,397,ACH_CREDIT,90151.68,USD,COMPLETED,Walmart Global Vendor,2026-08-09 04:33:15,2026-08-09 04:59:25
10475,5996,348,FX_CONVERSION,143266.81,USD,COMPLETED,Walmart Global Vendor,2026-07-21 09:29:57,2026-07-21 10:11:15
10476,5919,158,FX_CONVERSION,122862.34,USD,COMPLETED,Apple Services US,2026-09-02 02:19:19,2026-09-02 03:15:55
10477,5421,181,ACH_DEBIT,124232.26,USD,PENDING,Oracle Cloud Infra,2026-08-21 10:18:12,2026-08-21 10:33:45
10478,5949,91,MERCHANT_SETTLEMENT,64272.12,USD,COMPLETED,Oracle Cloud Infra,2026-09-15 13:58:09,2026-09-15 14:20:26
10479,5556,224,MERCHANT_SETTLEMENT,42772.42,USD,ON_HOLD,Fedwire Interbank Net,2026-08-16 07:47:14,2026-08-16 09:23:10
10480,5636,481,CARD_AUTH,14906.73,USD,COMPLETED,Stripe Clearing Inc,2026-07-28 12:38:32,2026-07-28 14:07:18
10481,5017,316,MERCHANT_SETTLEMENT,15574.15,USD,ON_HOLD,Visa Direct Global,2026-09-10 17:05:32,2026-09-10 17:19:13
10482,5649,228,FX_CONVERSION,87195.72,USD,COMPLETED,Microsoft Azure Cloud,2026-08-29 15:56:06,2026-08-29 16:25:06
10483,5229,398,MERCHANT_SETTLEMENT,82749.62,USD,COMPLETED,Target Retail Network,2026-09-03 09:57:29,2026-09-03 10:14:33
10484,5360,496,CARD_AUTH,137106.59,USD,PENDING,Fedwire Interbank Net,2026-07-20 13:29:31,2026-07-20 14:20:45
10485,5801,115,FX_CONVERSION,42558.93,USD,ON_HOLD,Microsoft Azure Cloud,2026-08-18 16:03:25,2026-08-18 17:57:58
10486,5925,408,MERCHANT_SETTLEMENT,101003.45,USD,COMPLETED,Fedwire Interbank Net,2026-07-22 23:54:29,2026-07-22 23:56:41
10487,5027,79,CARD_AUTH,56176.81,USD,FAILED,Oracle Cloud Infra,2026-09-16 01:44:44,2026-09-16 02:28:09
10488,5344,88,FX_CONVERSION,148924.55,USD,COMPLETED,Oracle Cloud Infra,2026-08-26 19:42:40,2026-08-26 20:09:03
10489,5632,330,MERCHANT_SETTLEMENT,124286.86,USD,FAILED,Visa Direct Global,2026-08-30 11:39:07,2026-08-30 11:56:47
10490,5962,326,MERCHANT_SETTLEMENT,146603.92,USD,COMPLETED,Fedwire Interbank Net,2026-08-19 17:03:20,2026-08-19 18:14:02
10491,5163,224,ACH_CREDIT,14959.65,USD,FAILED,JPMorgan Settlement Corp,2026-09-06 18:46:29,2026-09-06 19:02:43
10492,5647,296,CARD_AUTH,58817.33,USD,FAILED,Microsoft Azure Cloud,2026-09-11 12:08:02,2026-09-11 12:29:49
10493,5972,166,ACH_CREDIT,14011.29,USD,COMPLETED,Fedwire Interbank Net,2026-07-20 22:39:23,2026-07-21 00:05:19
10494,5789,304,ACH_CREDIT,4197.54,USD,ON_HOLD,Oracle Cloud Infra,2026-07-27 11:19:26,2026-07-27 12:37:35
10495,5392,13,INTERNAL_BOOK_TRANSFER,110132.15,USD,PENDING,Walmart Global Vendor,2026-08-06 22:28:33,2026-08-06 23:01:21
10496,5669,460,ACH_CREDIT,44556.3,USD,PROCESSING,Target Retail Network,2026-08-25 12:49:26,2026-08-25 14:34:42
10497,5267,338,WIRE_TRANSFER,41263.21,USD,COMPLETED,Amazon AWS Services,2026-09-14 01:45:53,2026-09-14 03:44:19
10498,5106,57,MERCHANT_SETTLEMENT,139081.71,USD,COMPLETED,Stripe Clearing Inc,2026-08-02 14:16:16,2026-08-02 14:54:54
10499,5269,459,ACH_CREDIT,13939.71,USD,PENDING,Walmart Global Vendor,2026-08-09 00:22:54,2026-08-09 01:16:20
10500,5104,252,CARD_AUTH,3318.49,USD,COMPLETED,Apple Services US,2026-07-27 05:35:32,2026-07-27 06:04:19
10501,5704,215,MERCHANT_SETTLEMENT,133459.84,USD,ON_HOLD,Apple Services US,2026-08-04 11:10:10,2026-08-04 11:34:47
10502,5306,6,ACH_CREDIT,98958.64,USD,ON_HOLD,Visa Direct Global,2026-07-22 21:03:20,2026-07-22 21:19:25
10503,6000,176,ACH_DEBIT,72599.81,USD,PROCESSING,Visa Direct Global,2026-09-10 21:10:04,2026-09-10 21:10:50
10504,5163,268,INTERNAL_BOOK_TRANSFER,38194.16,USD,COMPLETED,Target Retail Network,2026-09-16 16:06:40,2026-09-16 16:10:47
10505,5549,12,FX_CONVERSION,76774.16,USD,COMPLETED,Target Retail Network,2026-08-24 06:01:39,2026-08-24 06:17:24
10506,5921,112,WIRE_TRANSFER,49148.11,USD,COMPLETED,Stripe Clearing Inc,2026-08-01 02:43:27,2026-08-01 03:20:04
10507,5281,247,ACH_CREDIT,142985.6,USD,COMPLETED,Oracle Cloud Infra,2026-08-17 09:35:17,2026-08-17 10:39:08
10508,5764,415,MERCHANT_SETTLEMENT,65423.68,USD,PENDING,Target Retail Network,2026-08-13 02:31:48,2026-08-13 02:55:29
10509,5203,352,CARD_AUTH,133100.11,USD,COMPLETED,Fedwire Interbank Net,2026-07-29 19:31:57,2026-07-29 20:51:43
10510,5813,393,FX_CONVERSION,46755.32,USD,FAILED,Target Retail Network,2026-09-05 04:30:04,2026-09-05 05:29:19
10511,5905,229,MERCHANT_SETTLEMENT,89459.76,USD,COMPLETED,Walmart Global Vendor,2026-07-30 06:24:06,2026-07-30 07:47:05
10512,5393,220,ACH_CREDIT,85082.34,USD,COMPLETED,Stripe Clearing Inc,2026-09-01 10:57:23,2026-09-01 11:20:18
10513,5911,18,FX_CONVERSION,37978.6,USD,PENDING,Microsoft Azure Cloud,2026-09-16 10:55:05,2026-09-16 12:48:02
10514,5899,331,FX_CONVERSION,52854.52,USD,COMPLETED,Stripe Clearing Inc,2026-08-06 06:58:41,2026-08-06 08:49:13
10515,5331,220,CARD_AUTH,27907.99,USD,COMPLETED,Stripe Clearing Inc,2026-08-09 17:11:10,2026-08-09 18:40:56
10516,5381,191,ACH_CREDIT,116932.81,USD,COMPLETED,Amazon AWS Services,2026-08-19 18:08:14,2026-08-19 19:42:17
10517,5012,368,ACH_DEBIT,32085.91,USD,PROCESSING,Walmart Global Vendor,2026-08-11 09:52:54,2026-08-11 11:09:39
10518,5068,198,ACH_DEBIT,90280.44,USD,PROCESSING,Target Retail Network,2026-07-29 19:35:32,2026-07-29 20:52:12
10519,5285,367,FX_CONVERSION,141942.03,USD,FAILED,Stripe Clearing Inc,2026-09-13 13:10:03,2026-09-13 14:38:22
10520,5432,350,CARD_AUTH,65295.24,USD,FAILED,Walmart Global Vendor,2026-08-08 01:29:41,2026-08-08 01:56:40
10521,5051,411,MERCHANT_SETTLEMENT,74810.43,USD,COMPLETED,Fedwire Interbank Net,2026-07-31 09:39:52,2026-07-31 09:56:53
10522,5464,88,FX_CONVERSION,49048.38,USD,PENDING,Target Retail Network,2026-09-13 18:54:44,2026-09-13 18:57:43
10523,5292,10,INTERNAL_BOOK_TRANSFER,117501.37,USD,PROCESSING,Amazon AWS Services,2026-09-02 15:46:38,2026-09-02 16:25:32
10524,5135,431,MERCHANT_SETTLEMENT,5575.79,USD,PROCESSING,Oracle Cloud Infra,2026-07-23 14:55:39,2026-07-23 15:41:47
10525,5661,9,WIRE_TRANSFER,70497.52,USD,FAILED,Fedwire Interbank Net,2026-08-18 01:08:51,2026-08-18 01:46:26
10526,5325,386,ACH_DEBIT,60066.94,USD,PROCESSING,Walmart Global Vendor,2026-09-05 18:27:05,2026-09-05 19:50:46
10527,5049,202,ACH_DEBIT,104476.28,USD,PENDING,Apple Services US,2026-07-31 14:41:00,2026-07-31 16:36:11
10528,5383,481,FX_CONVERSION,15434.42,USD,COMPLETED,Amazon AWS Services,2026-07-20 19:59:43,2026-07-20 20:18:44
10529,5108,166,CARD_AUTH,103147.8,USD,PENDING,Target Retail Network,2026-08-05 08:20:44,2026-08-05 08:32:50
10530,5196,371,CARD_AUTH,55348.02,USD,PROCESSING,Amazon AWS Services,2026-07-24 22:05:01,2026-07-24 22:40:33
10531,5905,402,WIRE_TRANSFER,16643.21,USD,COMPLETED,Stripe Clearing Inc,2026-08-14 10:17:58,2026-08-14 11:03:00
10532,5705,314,CARD_AUTH,121877.61,USD,COMPLETED,JPMorgan Settlement Corp,2026-08-02 04:46:57,2026-08-02 06:06:41
10533,5472,62,ACH_CREDIT,47917.26,USD,COMPLETED,Visa Direct Global,2026-08-28 22:48:55,2026-08-29 00:15:57
10534,5458,343,WIRE_TRANSFER,78276.75,USD,COMPLETED,Visa Direct Global,2026-09-04 05:25:15,2026-09-04 06:55:37
10535,5502,500,ACH_DEBIT,48304.0,USD,ON_HOLD,Apple Services US,2026-08-10 17:59:38,2026-08-10 18:12:15
10536,5271,393,ACH_DEBIT,106714.57,USD,COMPLETED,Oracle Cloud Infra,2026-08-12 08:32:54,2026-08-12 10:03:01
10537,5663,377,CARD_AUTH,30903.93,USD,COMPLETED,Stripe Clearing Inc,2026-09-05 20:17:08,2026-09-05 20:25:26
10538,5218,7,INTERNAL_BOOK_TRANSFER,32440.31,USD,FAILED,Fedwire Interbank Net,2026-08-07 01:39:00,2026-08-07 02:45:39
10539,5108,175,ACH_CREDIT,122104.06,USD,FAILED,Oracle Cloud Infra,2026-09-07 17:18:29,2026-09-07 19:15:46
10540,5321,390,ACH_DEBIT,106284.29,USD,ON_HOLD,JPMorgan Settlement Corp,2026-09-06 19:22:03,2026-09-06 19:36:33
10541,5937,67,ACH_CREDIT,137506.71,USD,PENDING,Apple Services US,2026-09-07 16:13:43,2026-09-07 16:41:31
10542,5799,205,ACH_CREDIT,10319.65,USD,PENDING,JPMorgan Settlement Corp,2026-08-18 15:28:28,2026-08-18 17:27:18
10543,5592,332,WIRE_TRANSFER,22115.2,USD,COMPLETED,Stripe Clearing Inc,2026-08-12 04:19:19,2026-08-12 04:21:39
10544,5916,236,ACH_CREDIT,40032.2,USD,PENDING,Oracle Cloud Infra,2026-09-01 18:30:02,2026-09-01 19:18:10
10545,5272,61,FX_CONVERSION,12633.37,USD,PENDING,Target Retail Network,2026-08-03 10:44:27,2026-08-03 11:38:43
10546,5515,221,FX_CONVERSION,50077.92,USD,PENDING,Microsoft Azure Cloud,2026-08-24 17:25:20,2026-08-24 17:38:46
10547,5051,333,MERCHANT_SETTLEMENT,109807.08,USD,PENDING,Target Retail Network,2026-08-17 08:51:15,2026-08-17 09:17:11
10548,5413,91,FX_CONVERSION,41407.32,USD,PROCESSING,Apple Services US,2026-09-08 04:14:21,2026-09-08 05:13:37
10549,5112,349,WIRE_TRANSFER,96960.75,USD,COMPLETED,Target Retail Network,2026-07-31 00:10:41,2026-07-31 00:18:01
10550,5917,19,FX_CONVERSION,39945.45,USD,COMPLETED,Oracle Cloud Infra,2026-07-29 15:11:32,2026-07-29 15:49:13
10551,5232,452,FX_CONVERSION,104934.5,USD,PENDING,Fedwire Interbank Net,2026-08-26 23:15:36,2026-08-26 23:29:30
10552,5226,376,CARD_AUTH,131932.22,USD,COMPLETED,Apple Services US,2026-08-08 19:05:56,2026-08-08 19:29:22
10553,5805,105,ACH_DEBIT,95544.14,USD,ON_HOLD,Visa Direct Global,2026-08-16 18:48:34,2026-08-16 20:28:50
10554,5004,49,ACH_CREDIT,75498.69,USD,ON_HOLD,Visa Direct Global,2026-09-04 02:41:53,2026-09-04 04:22:52
10555,5313,437,INTERNAL_BOOK_TRANSFER,35812.34,USD,COMPLETED,Stripe Clearing Inc,2026-08-05 00:04:58,2026-08-05 00:30:37
10556,5341,461,MERCHANT_SETTLEMENT,21296.93,USD,COMPLETED,Apple Services US,2026-08-30 08:54:09,2026-08-30 09:39:50
10557,5022,91,ACH_DEBIT,132191.66,USD,COMPLETED,Amazon AWS Services,2026-09-15 11:54:11,2026-09-15 12:42:20
10558,5993,243,FX_CONVERSION,176.45,USD,FAILED,Target Retail Network,2026-09-03 16:56:04,2026-09-03 17:11:05
10559,5047,420,WIRE_TRANSFER,85101.04,USD,COMPLETED,Target Retail Network,2026-09-08 19:44:12,2026-09-08 20:52:58
10560,5172,387,ACH_CREDIT,116294.21,USD,COMPLETED,Microsoft Azure Cloud,2026-08-21 09:57:20,2026-08-21 10:59:12
10561,5503,377,ACH_DEBIT,148469.23,USD,COMPLETED,Apple Services US,2026-08-13 10:33:16,2026-08-13 11:23:05
10562,5470,7,CARD_AUTH,52910.46,USD,ON_HOLD,Walmart Global Vendor,2026-09-08 02:24:16,2026-09-08 04:10:05
10563,5680,439,CARD_AUTH,135327.52,USD,PROCESSING,Apple Services US,2026-07-30 18:31:23,2026-07-30 19:08:19
10564,5703,266,INTERNAL_BOOK_TRANSFER,95979.23,USD,COMPLETED,Fedwire Interbank Net,2026-08-10 05:00:12,2026-08-10 06:30:18
10565,5146,183,MERCHANT_SETTLEMENT,4660.41,USD,PROCESSING,Fedwire Interbank Net,2026-08-23 17:16:47,2026-08-23 17:45:02
10566,5763,46,ACH_CREDIT,138099.11,USD,PENDING,Stripe Clearing Inc,2026-08-15 10:03:35,2026-08-15 12:03:25
10567,5642,348,FX_CONVERSION,134885.78,USD,PENDING,Oracle Cloud Infra,2026-08-05 19:26:20,2026-08-05 20:02:38
10568,5933,348,ACH_DEBIT,133202.09,USD,PENDING,Visa Direct Global,2026-08-29 08:08:13,2026-08-29 08:46:01
10569,5317,98,WIRE_TRANSFER,86938.25,USD,ON_HOLD,Walmart Global Vendor,2026-09-17 06:41:25,2026-09-17 06:58:17
10570,5444,408,MERCHANT_SETTLEMENT,85010.41,USD,FAILED,Walmart Global Vendor,2026-08-16 19:48:41,2026-08-16 20:03:48
10571,5993,5,MERCHANT_SETTLEMENT,139086.81,USD,COMPLETED,Apple Services US,2026-08-03 09:49:36,2026-08-03 11:01:06
10572,5990,149,FX_CONVERSION,83732.39,USD,COMPLETED,Microsoft Azure Cloud,2026-09-05 02:09:17,2026-09-05 02:48:43
10573,5067,410,ACH_DEBIT,2363.96,USD,COMPLETED,Target Retail Network,2026-08-16 07:14:56,2026-08-16 09:07:43
10574,5608,64,WIRE_TRANSFER,73268.01,USD,COMPLETED,Fedwire Interbank Net,2026-08-23 00:35:08,2026-08-23 02:05:21
10575,5855,1,WIRE_TRANSFER,37734.11,USD,COMPLETED,Microsoft Azure Cloud,2026-09-06 13:29:59,2026-09-06 15:00:54
10576,5982,394,FX_CONVERSION,23277.1,USD,COMPLETED,Microsoft Azure Cloud,2026-08-02 16:09:21,2026-08-02 17:49:31
10577,5202,222,FX_CONVERSION,137741.06,USD,COMPLETED,Target Retail Network,2026-07-22 22:39:17,2026-07-22 23:43:58
10578,5956,182,ACH_CREDIT,121761.16,USD,ON_HOLD,Fedwire Interbank Net,2026-08-29 20:24:52,2026-08-29 21:19:26
10579,5991,463,WIRE_TRANSFER,133957.77,USD,COMPLETED,Visa Direct Global,2026-08-18 23:50:15,2026-08-19 00:13:59
10580,5578,224,INTERNAL_BOOK_TRANSFER,131393.02,USD,FAILED,Visa Direct Global,2026-08-02 08:04:30,2026-08-02 09:37:52
10581,5787,103,ACH_DEBIT,20375.65,USD,PROCESSING,Target Retail Network,2026-08-18 01:17:48,2026-08-18 01:59:31
10582,5088,153,FX_CONVERSION,139069.66,USD,PENDING,Oracle Cloud Infra,2026-08-06 15:03:32,2026-08-06 15:54:56
10583,5802,449,CARD_AUTH,65548.28,USD,COMPLETED,Oracle Cloud Infra,2026-08-31 17:28:32,2026-08-31 19:03:23
10584,5321,258,INTERNAL_BOOK_TRANSFER,106897.1,USD,PENDING,Walmart Global Vendor,2026-08-30 08:18:44,2026-08-30 09:22:30
10585,5431,493,MERCHANT_SETTLEMENT,69206.33,USD,PROCESSING,Amazon AWS Services,2026-08-29 16:34:56,2026-08-29 16:47:05
10586,5774,72,FX_CONVERSION,136029.69,USD,FAILED,Target Retail Network,2026-09-14 04:01:12,2026-09-14 05:11:12
10587,5383,66,FX_CONVERSION,81502.08,USD,PROCESSING,Microsoft Azure Cloud,2026-07-25 00:31:07,2026-07-25 02:14:19
10588,5866,202,ACH_CREDIT,60456.54,USD,COMPLETED,Apple Services US,2026-09-08 02:49:03,2026-09-08 03:51:58
10589,5860,28,WIRE_TRANSFER,8228.02,USD,FAILED,Stripe Clearing Inc,2026-08-21 04:50:36,2026-08-21 06:11:49
10590,5100,421,ACH_DEBIT,84827.59,USD,ON_HOLD,Walmart Global Vendor,2026-07-25 17:35:45,2026-07-25 17:52:24
10591,5759,300,INTERNAL_BOOK_TRANSFER,76635.6,USD,ON_HOLD,Amazon AWS Services,2026-08-08 17:36:20,2026-08-08 18:46:54
10592,5148,288,INTERNAL_BOOK_TRANSFER,145092.6,USD,COMPLETED,Target Retail Network,2026-08-03 20:25:25,2026-08-03 21:06:34
10593,5644,160,INTERNAL_BOOK_TRANSFER,148374.07,USD,COMPLETED,Apple Services US,2026-08-08 07:26:07,2026-08-08 07:41:51
10594,5069,1,ACH_CREDIT,90578.7,USD,COMPLETED,Oracle Cloud Infra,2026-07-29 05:28:46,2026-07-29 06:02:36
10595,5210,54,MERCHANT_SETTLEMENT,3723.33,USD,PROCESSING,Apple Services US,2026-08-26 18:12:00,2026-08-26 18:19:40
10596,5949,63,ACH_DEBIT,60698.78,USD,COMPLETED,Target Retail Network,2026-09-10 21:43:08,2026-09-10 22:18:45
10597,5842,314,INTERNAL_BOOK_TRANSFER,65883.78,USD,ON_HOLD,Visa Direct Global,2026-07-31 18:50:22,2026-07-31 19:49:28
10598,5150,326,WIRE_TRANSFER,27741.97,USD,FAILED,Target Retail Network,2026-08-05 09:42:23,2026-08-05 10:52:18
10599,5760,359,FX_CONVERSION,30073.05,USD,PENDING,Microsoft Azure Cloud,2026-08-16 22:14:09,2026-08-16 23:45:22
10600,5103,492,FX_CONVERSION,73957.55,USD,ON_HOLD,Microsoft Azure Cloud,2026-08-26 19:18:28,2026-08-26 20:11:13
10601,5715,410,WIRE_TRANSFER,69608.22,USD,FAILED,Fedwire Interbank Net,2026-08-03 05:01:25,2026-08-03 05:05:19
10602,5291,235,WIRE_TRANSFER,84642.48,USD,COMPLETED,Visa Direct Global,2026-08-18 05:15:23,2026-08-18 05:20:07
10603,5661,334,INTERNAL_BOOK_TRANSFER,92991.16,USD,COMPLETED,Walmart Global Vendor,2026-08-02 08:22:17,2026-08-02 09:26:15
10604,5904,371,MERCHANT_SETTLEMENT,41554.04,USD,COMPLETED,Walmart Global Vendor,2026-09-06 10:20:34,2026-09-06 12:17:30
10605,5882,258,ACH_CREDIT,52341.72,USD,ON_HOLD,Oracle Cloud Infra,2026-08-26 17:59:29,2026-08-26 19:09:36
10606,5065,90,INTERNAL_BOOK_TRANSFER,22732.05,USD,ON_HOLD,Visa Direct Global,2026-08-21 18:22:34,2026-08-21 19:25:23
10607,5733,440,CARD_AUTH,21027.82,USD,FAILED,Microsoft Azure Cloud,2026-08-27 01:41:28,2026-08-27 01:50:51
10608,5939,430,INTERNAL_BOOK_TRANSFER,72574.86,USD,PENDING,Visa Direct Global,2026-08-06 08:04:26,2026-08-06 09:23:09
10609,5726,475,FX_CONVERSION,116315.43,USD,PROCESSING,Microsoft Azure Cloud,2026-08-01 09:20:45,2026-08-01 10:56:06
10610,5332,302,FX_CONVERSION,52230.91,USD,PROCESSING,Fedwire Interbank Net,2026-07-26 09:13:13,2026-07-26 09:19:26
10611,5031,437,INTERNAL_BOOK_TRANSFER,23898.39,USD,COMPLETED,Stripe Clearing Inc,2026-09-06 07:32:10,2026-09-06 09:05:00
10612,5488,166,CARD_AUTH,34749.78,USD,FAILED,Target Retail Network,2026-07-30 01:26:41,2026-07-30 01:50:31
10613,5746,457,MERCHANT_SETTLEMENT,113378.31,USD,PENDING,Stripe Clearing Inc,2026-07-25 20:04:13,2026-07-25 21:27:50
10614,5257,59,WIRE_TRANSFER,127024.18,USD,COMPLETED,Apple Services US,2026-08-25 04:00:16,2026-08-25 05:23:09
10615,5647,431,WIRE_TRANSFER,138534.58,USD,COMPLETED,Stripe Clearing Inc,2026-09-01 11:12:15,2026-09-01 12:03:53
10616,5137,327,FX_CONVERSION,83481.54,USD,COMPLETED,Microsoft Azure Cloud,2026-09-05 12:07:25,2026-09-05 13:07:14
10617,5696,147,ACH_CREDIT,30199.28,USD,COMPLETED,Fedwire Interbank Net,2026-09-09 03:20:01,2026-09-09 05:10:30
10618,5809,99,WIRE_TRANSFER,87326.85,USD,ON_HOLD,Stripe Clearing Inc,2026-08-08 14:03:09,2026-08-08 14:07:46
10619,5830,72,WIRE_TRANSFER,53950.48,USD,PENDING,Visa Direct Global,2026-09-10 21:23:47,2026-09-10 23:21:53
10620,5074,175,ACH_CREDIT,102362.28,USD,ON_HOLD,Oracle Cloud Infra,2026-09-05 23:56:36,2026-09-06 00:22:38
10621,5853,107,FX_CONVERSION,124140.76,USD,PROCESSING,Walmart Global Vendor,2026-08-23 10:26:29,2026-08-23 11:51:00
10622,5922,287,CARD_AUTH,20703.01,USD,COMPLETED,Apple Services US,2026-08-30 07:56:43,2026-08-30 09:22:11
10623,5386,448,WIRE_TRANSFER,85383.85,USD,COMPLETED,Oracle Cloud Infra,2026-08-17 18:41:24,2026-08-17 18:55:15
10624,5121,256,ACH_CREDIT,7746.04,USD,PROCESSING,Walmart Global Vendor,2026-07-22 00:17:55,2026-07-22 00:48:35
10625,5842,482,ACH_DEBIT,138342.98,USD,COMPLETED,Fedwire Interbank Net,2026-08-23 13:45:01,2026-08-23 13:54:22
10626,5894,447,ACH_CREDIT,145218.04,USD,COMPLETED,Oracle Cloud Infra,2026-09-13 16:26:49,2026-09-13 16:59:51
10627,5874,266,FX_CONVERSION,75019.8,USD,PENDING,Visa Direct Global,2026-07-25 07:46:14,2026-07-25 09:00:51
10628,5715,457,WIRE_TRANSFER,87426.52,USD,COMPLETED,Amazon AWS Services,2026-07-22 22:58:35,2026-07-22 23:44:49
10629,5432,134,ACH_CREDIT,50198.16,USD,FAILED,Amazon AWS Services,2026-08-02 08:20:12,2026-08-02 08:48:10
10630,5561,419,INTERNAL_BOOK_TRANSFER,49458.47,USD,FAILED,Amazon AWS Services,2026-08-11 16:47:55,2026-08-11 17:55:23
10631,5075,413,FX_CONVERSION,135651.02,USD,ON_HOLD,Amazon AWS Services,2026-08-22 09:38:57,2026-08-22 09:48:41
10632,5973,214,FX_CONVERSION,110900.06,USD,COMPLETED,Oracle Cloud Infra,2026-09-04 07:23:21,2026-09-04 07:41:06
10633,5278,371,WIRE_TRANSFER,15632.03,USD,PENDING,Oracle Cloud Infra,2026-08-10 16:37:47,2026-08-10 18:06:39
10634,5359,221,MERCHANT_SETTLEMENT,45530.52,USD,FAILED,Target Retail Network,2026-07-21 21:44:14,2026-07-21 21:51:52
10635,5027,397,CARD_AUTH,121709.29,USD,PROCESSING,Visa Direct Global,2026-08-25 15:48:35,2026-08-25 17:21:46
10636,5701,378,WIRE_TRANSFER,82885.81,USD,COMPLETED,Fedwire Interbank Net,2026-08-25 10:46:31,2026-08-25 12:21:33
10637,5129,221,INTERNAL_BOOK_TRANSFER,64039.65,USD,COMPLETED,Stripe Clearing Inc,2026-08-31 08:16:29,2026-08-31 08:32:40
10638,5919,316,ACH_DEBIT,52784.89,USD,COMPLETED,Fedwire Interbank Net,2026-07-25 10:44:24,2026-07-25 11:17:00
10639,5238,48,FX_CONVERSION,1532.69,USD,PENDING,Oracle Cloud Infra,2026-09-12 23:25:12,2026-09-12 23:31:32
10640,5822,8,CARD_AUTH,107981.17,USD,FAILED,Amazon AWS Services,2026-07-27 06:17:20,2026-07-27 06:25:09
10641,5130,225,ACH_CREDIT,42407.69,USD,COMPLETED,Walmart Global Vendor,2026-09-16 07:30:06,2026-09-16 08:59:38
10642,5912,126,ACH_DEBIT,19479.63,USD,PENDING,Apple Services US,2026-07-31 16:55:42,2026-07-31 18:25:25
10643,5079,40,ACH_DEBIT,140757.09,USD,COMPLETED,Apple Services US,2026-08-23 11:32:38,2026-08-23 13:29:57
10644,5226,228,INTERNAL_BOOK_TRANSFER,45425.62,USD,COMPLETED,Oracle Cloud Infra,2026-08-17 05:46:21,2026-08-17 07:45:04
10645,5670,126,FX_CONVERSION,133949.5,USD,COMPLETED,Oracle Cloud Infra,2026-09-06 16:53:01,2026-09-06 17:07:21
10646,5056,178,MERCHANT_SETTLEMENT,105832.76,USD,PROCESSING,Apple Services US,2026-08-15 23:42:52,2026-08-15 23:53:39
10647,5209,467,ACH_CREDIT,126217.85,USD,PROCESSING,Target Retail Network,2026-08-18 10:19:50,2026-08-18 12:01:12
10648,5567,108,WIRE_TRANSFER,55874.5,USD,FAILED,JPMorgan Settlement Corp,2026-07-23 07:20:54,2026-07-23 07:53:04
10649,5716,226,INTERNAL_BOOK_TRANSFER,114634.81,USD,COMPLETED,Amazon AWS Services,2026-09-06 06:18:34,2026-09-06 08:12:50
10650,5035,139,ACH_DEBIT,88246.52,USD,COMPLETED,Stripe Clearing Inc,2026-07-25 14:55:43,2026-07-25 15:33:54
10651,5876,313,MERCHANT_SETTLEMENT,74316.49,USD,FAILED,Fedwire Interbank Net,2026-08-26 04:06:04,2026-08-26 05:06:46
10652,5046,115,ACH_CREDIT,56914.87,USD,ON_HOLD,Fedwire Interbank Net,2026-09-09 12:34:01,2026-09-09 12:41:14
10653,5677,157,WIRE_TRANSFER,81244.07,USD,COMPLETED,Amazon AWS Services,2026-09-16 22:14:10,2026-09-16 23:57:15
10654,5915,173,CARD_AUTH,136119.8,USD,FAILED,Visa Direct Global,2026-08-09 20:21:18,2026-08-09 22:04:46
10655,5029,175,INTERNAL_BOOK_TRANSFER,124390.27,USD,PENDING,Fedwire Interbank Net,2026-07-25 08:52:00,2026-07-25 10:42:19
10656,5112,284,MERCHANT_SETTLEMENT,142872.25,USD,ON_HOLD,Microsoft Azure Cloud,2026-09-09 17:51:18,2026-09-09 18:54:40
10657,5435,294,INTERNAL_BOOK_TRANSFER,85256.47,USD,PROCESSING,Microsoft Azure Cloud,2026-08-04 14:32:13,2026-08-04 15:24:21
10658,5479,382,ACH_CREDIT,19803.04,USD,COMPLETED,Microsoft Azure Cloud,2026-08-15 11:09:08,2026-08-15 11:20:53
10659,5256,395,FX_CONVERSION,44391.69,USD,PROCESSING,Fedwire Interbank Net,2026-07-23 13:43:47,2026-07-23 15:07:54
10660,5281,186,ACH_DEBIT,98893.18,USD,FAILED,Visa Direct Global,2026-07-21 00:31:23,2026-07-21 00:48:26
10661,5315,292,INTERNAL_BOOK_TRANSFER,48165.72,USD,COMPLETED,JPMorgan Settlement Corp,2026-08-31 21:55:12,2026-08-31 22:58:27
10662,5018,226,WIRE_TRANSFER,69979.53,USD,COMPLETED,Apple Services US,2026-09-11 20:45:44,2026-09-11 21:15:33
10663,5419,30,FX_CONVERSION,140826.7,USD,COMPLETED,Visa Direct Global,2026-09-11 08:44:15,2026-09-11 09:27:12
10664,5977,33,MERCHANT_SETTLEMENT,26991.5,USD,FAILED,Microsoft Azure Cloud,2026-08-14 00:32:41,2026-08-14 02:31:25
10665,5507,66,ACH_CREDIT,94560.15,USD,COMPLETED,Visa Direct Global,2026-07-24 15:17:59,2026-07-24 15:49:50
10666,5118,336,WIRE_TRANSFER,27659.13,USD,PROCESSING,Apple Services US,2026-09-14 03:00:50,2026-09-14 03:44:14
10667,5043,284,INTERNAL_BOOK_TRANSFER,34212.55,USD,ON_HOLD,Microsoft Azure Cloud,2026-08-13 19:39:40,2026-08-13 19:41:57
10668,5695,433,CARD_AUTH,127414.94,USD,PROCESSING,Amazon AWS Services,2026-09-16 03:13:15,2026-09-16 03:45:22
10669,5359,56,WIRE_TRANSFER,76053.26,USD,COMPLETED,Oracle Cloud Infra,2026-07-27 08:14:34,2026-07-27 08:47:00
10670,5209,167,FX_CONVERSION,55719.93,USD,FAILED,Fedwire Interbank Net,2026-07-26 18:07:44,2026-07-26 19:35:27
10671,5437,449,ACH_DEBIT,21483.77,USD,COMPLETED,Visa Direct Global,2026-08-23 19:18:00,2026-08-23 20:03:49
10672,5999,209,INTERNAL_BOOK_TRANSFER,56223.29,USD,COMPLETED,Visa Direct Global,2026-07-22 20:22:22,2026-07-22 20:44:20
10673,5378,23,ACH_DEBIT,139548.05,USD,PROCESSING,Amazon AWS Services,2026-07-30 03:18:34,2026-07-30 04:41:48
10674,5217,414,ACH_DEBIT,76631.9,USD,FAILED,Oracle Cloud Infra,2026-09-14 06:43:57,2026-09-14 08:21:21
10675,5353,482,ACH_CREDIT,56841.79,USD,PROCESSING,Amazon AWS Services,2026-08-03 09:28:12,2026-08-03 10:20:18
10676,5781,333,WIRE_TRANSFER,143278.05,USD,COMPLETED,Visa Direct Global,2026-09-06 17:00:04,2026-09-06 18:18:34
10677,5646,281,INTERNAL_BOOK_TRANSFER,62726.86,USD,ON_HOLD,Stripe Clearing Inc,2026-09-09 01:31:56,2026-09-09 03:20:59
10678,5053,311,MERCHANT_SETTLEMENT,98888.35,USD,PROCESSING,Apple Services US,2026-08-19 14:17:35,2026-08-19 14:54:25
10679,5200,429,FX_CONVERSION,43977.82,USD,COMPLETED,Walmart Global Vendor,2026-08-12 10:10:21,2026-08-12 11:59:31
10680,5787,186,ACH_CREDIT,68387.05,USD,ON_HOLD,Stripe Clearing Inc,2026-08-12 05:26:59,2026-08-12 06:27:49
10681,5751,491,MERCHANT_SETTLEMENT,54298.45,USD,COMPLETED,Oracle Cloud Infra,2026-09-06 22:00:19,2026-09-06 22:10:50
10682,5937,186,INTERNAL_BOOK_TRANSFER,72636.33,USD,COMPLETED,Apple Services US,2026-08-29 11:45:45,2026-08-29 12:17:12
10683,5584,424,CARD_AUTH,148012.08,USD,PROCESSING,Target Retail Network,2026-08-28 09:35:17,2026-08-28 11:07:24
10684,5599,341,ACH_CREDIT,90841.91,USD,FAILED,Microsoft Azure Cloud,2026-08-21 23:41:26,2026-08-22 00:24:22
10685,5121,42,MERCHANT_SETTLEMENT,63168.15,USD,COMPLETED,Visa Direct Global,2026-09-05 19:20:27,2026-09-05 20:46:54
10686,5903,396,ACH_CREDIT,134983.42,USD,PENDING,Amazon AWS Services,2026-08-05 00:22:31,2026-08-05 00:39:05
10687,5429,135,CARD_AUTH,83198.18,USD,PENDING,Stripe Clearing Inc,2026-08-01 02:17:57,2026-08-01 04:16:44
10688,5035,427,MERCHANT_SETTLEMENT,3614.61,USD,COMPLETED,Stripe Clearing Inc,2026-08-01 16:14:00,2026-08-01 17:24:23
10689,5888,272,MERCHANT_SETTLEMENT,135641.5,USD,COMPLETED,JPMorgan Settlement Corp,2026-08-27 21:14:18,2026-08-27 22:49:32
10690,5571,124,INTERNAL_BOOK_TRANSFER,44026.8,USD,COMPLETED,Walmart Global Vendor,2026-09-15 06:00:52,2026-09-15 07:24:03
10691,5632,56,INTERNAL_BOOK_TRANSFER,6810.0,USD,ON_HOLD,Walmart Global Vendor,2026-09-01 09:46:22,2026-09-01 10:42:16
10692,5646,231,INTERNAL_BOOK_TRANSFER,125224.91,USD,COMPLETED,Apple Services US,2026-08-01 21:25:28,2026-08-01 23:05:41
10693,5188,371,CARD_AUTH,88444.19,USD,FAILED,Oracle Cloud Infra,2026-07-27 23:00:52,2026-07-27 23:21:44
10694,5918,4,FX_CONVERSION,88967.62,USD,ON_HOLD,Apple Services US,2026-08-25 15:46:39,2026-08-25 16:30:29
10695,5450,91,FX_CONVERSION,108387.05,USD,COMPLETED,Stripe Clearing Inc,2026-08-11 08:59:02,2026-08-11 09:39:42
10696,5506,175,WIRE_TRANSFER,84630.82,USD,PROCESSING,Visa Direct Global,2026-09-07 04:01:39,2026-09-07 05:56:58
10697,5951,219,ACH_DEBIT,48437.28,USD,COMPLETED,JPMorgan Settlement Corp,2026-08-02 17:26:34,2026-08-02 17:32:22
10698,5834,484,INTERNAL_BOOK_TRANSFER,132360.62,USD,ON_HOLD,Target Retail Network,2026-08-30 14:59:46,2026-08-30 16:10:43
10699,5285,295,FX_CONVERSION,47172.59,USD,COMPLETED,Microsoft Azure Cloud,2026-08-04 21:37:45,2026-08-04 21:54:01
10700,5295,141,MERCHANT_SETTLEMENT,65851.82,USD,COMPLETED,Microsoft Azure Cloud,2026-08-14 00:17:03,2026-08-14 01:39:53
10701,5772,55,ACH_CREDIT,99973.55,USD,COMPLETED,Stripe Clearing Inc,2026-08-08 21:45:00,2026-08-08 23:00:28
10702,5859,261,CARD_AUTH,25349.06,USD,PROCESSING,Amazon AWS Services,2026-09-10 05:39:55,2026-09-10 06:53:26
10703,5819,100,WIRE_TRANSFER,73267.93,USD,FAILED,Amazon AWS Services,2026-08-24 16:51:45,2026-08-24 17:19:34
10704,5289,483,FX_CONVERSION,63990.01,USD,PENDING,Oracle Cloud Infra,2026-08-01 01:47:18,2026-08-01 03:40:50
10705,5465,152,WIRE_TRANSFER,107444.87,USD,FAILED,Stripe Clearing Inc,2026-08-31 23:18:34,2026-09-01 00:17:40
10706,5506,135,WIRE_TRANSFER,129678.87,USD,COMPLETED,Stripe Clearing Inc,2026-08-23 04:00:03,2026-08-23 05:49:51
10707,5081,382,CARD_AUTH,33386.09,USD,COMPLETED,Walmart Global Vendor,2026-08-04 00:58:17,2026-08-04 02:07:35
10708,5344,142,MERCHANT_SETTLEMENT,94603.01,USD,PROCESSING,Stripe Clearing Inc,2026-08-19 09:19:52,2026-08-19 09:25:11
10709,5444,52,INTERNAL_BOOK_TRANSFER,119134.86,USD,COMPLETED,Target Retail Network,2026-09-12 00:24:06,2026-09-12 01:54:26
10710,5858,450,INTERNAL_BOOK_TRANSFER,5370.02,USD,ON_HOLD,Amazon AWS Services,2026-08-12 16:47:28,2026-08-12 17:06:14
10711,5601,193,CARD_AUTH,141475.8,USD,ON_HOLD,Target Retail Network,2026-08-14 13:55:55,2026-08-14 15:00:11
10712,5156,249,CARD_AUTH,28086.46,USD,PENDING,Microsoft Azure Cloud,2026-08-01 14:52:05,2026-08-01 15:19:16
10713,5651,449,WIRE_TRANSFER,142626.17,USD,FAILED,Target Retail Network,2026-07-20 03:13:19,2026-07-20 04:12:41
10714,5069,252,FX_CONVERSION,91692.49,USD,ON_HOLD,JPMorgan Settlement Corp,2026-07-23 14:12:39,2026-07-23 15:09:49
10715,5705,135,FX_CONVERSION,57059.34,USD,PROCESSING,Target Retail Network,2026-08-22 16:18:34,2026-08-22 17:24:45
10716,5544,337,ACH_CREDIT,131686.56,USD,FAILED,Target Retail Network,2026-08-17 04:27:00,2026-08-17 05:58:17
10717,5497,251,CARD_AUTH,94513.56,USD,PROCESSING,Walmart Global Vendor,2026-09-10 14:00:56,2026-09-10 15:06:41
10718,5303,50,ACH_CREDIT,16877.75,USD,FAILED,Microsoft Azure Cloud,2026-08-29 13:29:44,2026-08-29 14:30:52
10719,5334,127,INTERNAL_BOOK_TRANSFER,63744.46,USD,COMPLETED,Apple Services US,2026-08-19 18:52:32,2026-08-19 20:22:48
10720,5117,178,INTERNAL_BOOK_TRANSFER,59728.75,USD,COMPLETED,Apple Services US,2026-09-05 07:37:47,2026-09-05 08:59:55
10721,5422,352,ACH_CREDIT,4369.14,USD,COMPLETED,Oracle Cloud Infra,2026-08-09 17:00:16,2026-08-09 18:56:32
10722,5802,210,WIRE_TRANSFER,84349.76,USD,COMPLETED,Microsoft Azure Cloud,2026-08-19 15:52:30,2026-08-19 16:48:43
10723,5401,415,MERCHANT_SETTLEMENT,63794.55,USD,COMPLETED,Amazon AWS Services,2026-08-14 20:59:43,2026-08-14 22:06:05
10724,5746,113,ACH_DEBIT,95449.2,USD,COMPLETED,Microsoft Azure Cloud,2026-09-01 06:50:20,2026-09-01 07:46:22
10725,5227,294,ACH_CREDIT,80413.8,USD,FAILED,Stripe Clearing Inc,2026-09-17 08:52:21,2026-09-17 10:15:49
10726,5338,67,FX_CONVERSION,80976.83,USD,ON_HOLD,Amazon AWS Services,2026-08-25 15:20:35,2026-08-25 15:32:59
10727,5800,361,ACH_DEBIT,136836.52,USD,FAILED,Oracle Cloud Infra,2026-07-25 23:39:16,2026-07-26 01:08:46
10728,5051,266,ACH_CREDIT,54330.93,USD,COMPLETED,JPMorgan Settlement Corp,2026-09-09 20:02:22,2026-09-09 20:56:27
10729,5881,368,ACH_CREDIT,43546.22,USD,COMPLETED,Walmart Global Vendor,2026-08-21 00:13:36,2026-08-21 01:10:07
10730,5221,284,INTERNAL_BOOK_TRANSFER,37324.72,USD,COMPLETED,Amazon AWS Services,2026-07-21 18:26:25,2026-07-21 20:09:35
10731,5963,270,WIRE_TRANSFER,75237.61,USD,FAILED,Apple Services US,2026-07-23 22:18:08,2026-07-23 22:39:38
10732,5290,155,WIRE_TRANSFER,34520.42,USD,FAILED,Target Retail Network,2026-07-23 02:28:45,2026-07-23 03:06:01
10733,5768,64,CARD_AUTH,117613.55,USD,ON_HOLD,Fedwire Interbank Net,2026-08-01 13:28:23,2026-08-01 15:20:11
10734,5759,449,ACH_DEBIT,129301.07,USD,COMPLETED,Stripe Clearing Inc,2026-09-06 19:21:48,2026-09-06 21:00:28
10735,5721,391,INTERNAL_BOOK_TRANSFER,62321.91,USD,COMPLETED,Oracle Cloud Infra,2026-09-16 13:13:27,2026-09-16 13:34:15
10736,5098,377,FX_CONVERSION,118898.29,USD,COMPLETED,Visa Direct Global,2026-08-19 03:13:32,2026-08-19 05:00:45
10737,5332,218,FX_CONVERSION,111529.04,USD,COMPLETED,Microsoft Azure Cloud,2026-09-02 09:05:54,2026-09-02 09:33:39
10738,5103,136,INTERNAL_BOOK_TRANSFER,86440.98,USD,PENDING,Microsoft Azure Cloud,2026-08-30 12:39:32,2026-08-30 12:52:19
10739,5228,496,MERCHANT_SETTLEMENT,84160.63,USD,PENDING,Microsoft Azure Cloud,2026-09-09 14:13:33,2026-09-09 15:22:48
10740,5251,196,WIRE_TRANSFER,148973.27,USD,ON_HOLD,Fedwire Interbank Net,2026-08-25 00:18:45,2026-08-25 02:02:58
10741,5560,366,WIRE_TRANSFER,67854.52,USD,PROCESSING,Amazon AWS Services,2026-08-27 09:39:36,2026-08-27 11:24:58
10742,5238,229,ACH_DEBIT,71534.29,USD,COMPLETED,Microsoft Azure Cloud,2026-08-21 02:24:05,2026-08-21 02:43:47
10743,5830,323,WIRE_TRANSFER,14331.42,USD,COMPLETED,Target Retail Network,2026-09-05 09:06:51,2026-09-05 10:27:57
10744,5256,43,ACH_CREDIT,60494.48,USD,FAILED,Apple Services US,2026-09-08 15:23:39,2026-09-08 17:02:27
10745,5860,291,CARD_AUTH,34884.04,USD,FAILED,Apple Services US,2026-08-13 07:01:44,2026-08-13 07:58:02
10746,5319,380,ACH_DEBIT,125152.74,USD,COMPLETED,Walmart Global Vendor,2026-09-12 17:02:38,2026-09-12 18:24:27
10747,5417,447,WIRE_TRANSFER,40240.4,USD,COMPLETED,Oracle Cloud Infra,2026-09-05 06:35:13,2026-09-05 07:49:47
10748,5512,161,INTERNAL_BOOK_TRANSFER,35380.39,USD,PENDING,Apple Services US,2026-09-07 18:28:55,2026-09-07 19:44:44
10749,5880,379,INTERNAL_BOOK_TRANSFER,12238.57,USD,COMPLETED,Fedwire Interbank Net,2026-07-27 08:22:09,2026-07-27 09:13:31
10750,5131,388,WIRE_TRANSFER,24335.33,USD,ON_HOLD,Stripe Clearing Inc,2026-08-04 23:02:16,2026-08-04 23:29:17
10751,5449,446,WIRE_TRANSFER,5883.8,USD,PENDING,Apple Services US,2026-08-05 09:34:55,2026-08-05 11:00:29
10752,5823,269,MERCHANT_SETTLEMENT,21001.74,USD,FAILED,Oracle Cloud Infra,2026-08-29 10:07:29,2026-08-29 11:02:05
10753,5010,152,WIRE_TRANSFER,65336.31,USD,COMPLETED,Microsoft Azure Cloud,2026-09-08 13:14:15,2026-09-08 13:58:20
10754,5630,456,ACH_DEBIT,84582.68,USD,COMPLETED,JPMorgan Settlement Corp,2026-08-16 23:58:42,2026-08-17 01:10:13
10755,5702,105,CARD_AUTH,92109.82,USD,ON_HOLD,Walmart Global Vendor,2026-09-08 06:00:48,2026-09-08 07:23:25
10756,5258,242,MERCHANT_SETTLEMENT,31612.7,USD,COMPLETED,JPMorgan Settlement Corp,2026-08-04 18:28:24,2026-08-04 19:40:04
10757,5733,425,MERCHANT_SETTLEMENT,1498.43,USD,PENDING,JPMorgan Settlement Corp,2026-08-03 10:06:34,2026-08-03 11:10:53
10758,5069,3,ACH_DEBIT,105227.31,USD,COMPLETED,Stripe Clearing Inc,2026-09-10 00:46:33,2026-09-10 01:49:14
10759,5339,49,WIRE_TRANSFER,93755.48,USD,PROCESSING,JPMorgan Settlement Corp,2026-07-26 07:21:39,2026-07-26 08:09:34
10760,5652,287,ACH_CREDIT,51760.32,USD,COMPLETED,Target Retail Network,2026-08-15 11:35:24,2026-08-15 12:14:17
10761,5841,467,CARD_AUTH,63939.48,USD,ON_HOLD,Microsoft Azure Cloud,2026-08-24 11:34:59,2026-08-24 13:00:19
10762,5786,207,ACH_DEBIT,84178.04,USD,ON_HOLD,Target Retail Network,2026-07-27 08:18:11,2026-07-27 09:39:10
10763,5157,53,INTERNAL_BOOK_TRANSFER,32486.2,USD,COMPLETED,Microsoft Azure Cloud,2026-09-12 13:11:35,2026-09-12 13:25:38
10764,5130,409,FX_CONVERSION,88108.08,USD,FAILED,Fedwire Interbank Net,2026-08-20 21:05:59,2026-08-20 22:24:39
10765,5791,437,FX_CONVERSION,90726.36,USD,FAILED,Visa Direct Global,2026-09-03 18:53:19,2026-09-03 19:21:58
10766,5173,2,CARD_AUTH,34794.24,USD,COMPLETED,Stripe Clearing Inc,2026-09-17 12:38:48,2026-09-17 12:58:53
10767,5147,85,MERCHANT_SETTLEMENT,131195.31,USD,COMPLETED,Stripe Clearing Inc,2026-07-24 21:22:49,2026-07-24 21:41:36
10768,5524,414,MERCHANT_SETTLEMENT,63825.51,USD,PENDING,Walmart Global Vendor,2026-08-18 04:46:58,2026-08-18 05:55:22
10769,5779,61,ACH_CREDIT,84032.99,USD,PENDING,Fedwire Interbank Net,2026-09-03 21:23:04,2026-09-03 22:11:37
10770,5320,430,FX_CONVERSION,47563.21,USD,COMPLETED,Visa Direct Global,2026-08-09 14:11:32,2026-08-09 14:34:17
10771,5969,325,CARD_AUTH,41678.93,USD,COMPLETED,Fedwire Interbank Net,2026-09-12 05:47:51,2026-09-12 06:48:13
10772,5502,356,CARD_AUTH,37599.97,USD,COMPLETED,Oracle Cloud Infra,2026-08-31 02:21:27,2026-08-31 03:50:33
10773,5357,92,WIRE_TRANSFER,129924.18,USD,FAILED,Apple Services US,2026-08-22 09:59:22,2026-08-22 11:38:54
10774,5435,110,FX_CONVERSION,83980.33,USD,COMPLETED,Fedwire Interbank Net,2026-08-25 03:44:01,2026-08-25 04:08:32
10775,5956,383,WIRE_TRANSFER,29395.92,USD,COMPLETED,Oracle Cloud Infra,2026-08-07 17:53:39,2026-08-07 17:54:29
10776,5601,159,ACH_DEBIT,14139.37,USD,COMPLETED,Microsoft Azure Cloud,2026-09-06 15:21:51,2026-09-06 15:23:42
10777,5622,140,WIRE_TRANSFER,97091.71,USD,ON_HOLD,Apple Services US,2026-08-27 11:51:47,2026-08-27 11:57:51
10778,5713,361,ACH_DEBIT,41144.58,USD,COMPLETED,Visa Direct Global,2026-07-22 18:40:10,2026-07-22 20:38:06
10779,5736,475,MERCHANT_SETTLEMENT,149584.81,USD,ON_HOLD,Apple Services US,2026-09-05 10:15:13,2026-09-05 10:39:01
10780,5485,384,CARD_AUTH,97141.26,USD,PROCESSING,Stripe Clearing Inc,2026-07-23 12:46:06,2026-07-23 13:36:38
10781,5030,314,INTERNAL_BOOK_TRANSFER,23000.36,USD,ON_HOLD,JPMorgan Settlement Corp,2026-08-01 14:32:00,2026-08-01 14:43:23
10782,5430,428,CARD_AUTH,17936.47,USD,PENDING,Amazon AWS Services,2026-08-19 07:59:42,2026-08-19 08:13:05
10783,5879,279,ACH_DEBIT,147510.94,USD,COMPLETED,Visa Direct Global,2026-07-21 10:37:30,2026-07-21 11:23:00
10784,5858,345,CARD_AUTH,134952.53,USD,ON_HOLD,JPMorgan Settlement Corp,2026-09-14 19:13:28,2026-09-14 20:52:08
10785,5967,188,FX_CONVERSION,2150.82,USD,ON_HOLD,Fedwire Interbank Net,2026-08-29 06:00:12,2026-08-29 07:54:39
10786,5684,343,WIRE_TRANSFER,9767.08,USD,FAILED,Oracle Cloud Infra,2026-08-03 03:30:11,2026-08-03 05:09:47
10787,5274,43,ACH_CREDIT,66524.02,USD,COMPLETED,Visa Direct Global,2026-08-08 02:44:12,2026-08-08 04:18:18
10788,5518,210,ACH_CREDIT,95304.26,USD,FAILED,Amazon AWS Services,2026-08-19 00:50:12,2026-08-19 01:27:39
10789,5575,180,WIRE_TRANSFER,51234.67,USD,PROCESSING,Stripe Clearing Inc,2026-09-12 19:05:14,2026-09-12 20:08:31
10790,5091,60,WIRE_TRANSFER,27395.99,USD,COMPLETED,JPMorgan Settlement Corp,2026-08-19 15:36:08,2026-08-19 16:56:55
10791,5642,495,WIRE_TRANSFER,115014.33,USD,FAILED,Amazon AWS Services,2026-08-09 22:38:34,2026-08-10 00:05:45
10792,5384,236,WIRE_TRANSFER,131582.89,USD,COMPLETED,Microsoft Azure Cloud,2026-08-07 09:02:01,2026-08-07 10:44:08
10793,5774,378,ACH_CREDIT,46590.64,USD,PENDING,Microsoft Azure Cloud,2026-08-06 02:33:01,2026-08-06 03:11:11
10794,5144,290,ACH_DEBIT,62112.36,USD,FAILED,Target Retail Network,2026-08-15 07:26:22,2026-08-15 07:53:39
10795,5182,152,ACH_DEBIT,104641.44,USD,COMPLETED,Stripe Clearing Inc,2026-09-05 09:17:13,2026-09-05 10:05:47
10796,5593,187,ACH_DEBIT,115861.39,USD,PROCESSING,Apple Services US,2026-08-05 09:00:19,2026-08-05 09:05:24
10797,5973,428,FX_CONVERSION,57867.77,USD,PROCESSING,Visa Direct Global,2026-08-09 06:39:02,2026-08-09 08:14:59
10798,5445,178,INTERNAL_BOOK_TRANSFER,121641.07,USD,FAILED,Microsoft Azure Cloud,2026-08-08 23:09:26,2026-08-08 23:56:14
10799,5717,496,FX_CONVERSION,82753.11,USD,ON_HOLD,Microsoft Azure Cloud,2026-07-28 15:15:04,2026-07-28 16:25:13
10800,5792,108,ACH_DEBIT,32758.17,USD,COMPLETED,Amazon AWS Services,2026-07-31 00:26:06,2026-07-31 01:36:46
10801,5675,324,ACH_CREDIT,71294.85,USD,PENDING,Visa Direct Global,2026-08-20 04:23:39,2026-08-20 05:14:33
10802,5578,194,INTERNAL_BOOK_TRANSFER,88269.11,USD,COMPLETED,Walmart Global Vendor,2026-07-29 23:32:12,2026-07-30 00:58:13
10803,5368,446,WIRE_TRANSFER,23834.03,USD,PENDING,Walmart Global Vendor,2026-08-21 12:16:23,2026-08-21 13:44:55
10804,5925,52,ACH_CREDIT,136974.54,USD,COMPLETED,JPMorgan Settlement Corp,2026-09-03 03:35:23,2026-09-03 04:50:07
10805,5191,386,WIRE_TRANSFER,65865.61,USD,PROCESSING,Apple Services US,2026-09-15 10:54:00,2026-09-15 12:12:43
10806,5712,223,INTERNAL_BOOK_TRANSFER,59915.34,USD,FAILED,Target Retail Network,2026-08-13 08:18:45,2026-08-13 09:57:35
10807,5383,308,ACH_DEBIT,72396.83,USD,PENDING,Microsoft Azure Cloud,2026-07-23 17:16:41,2026-07-23 19:16:33
10808,5240,391,FX_CONVERSION,16201.05,USD,PENDING,Microsoft Azure Cloud,2026-09-13 21:24:55,2026-09-13 22:19:42
10809,5608,15,ACH_CREDIT,76843.09,USD,COMPLETED,Visa Direct Global,2026-09-08 16:58:42,2026-09-08 17:25:52
10810,5975,498,FX_CONVERSION,112783.84,USD,COMPLETED,Walmart Global Vendor,2026-07-25 01:08:02,2026-07-25 01:20:27
10811,5317,406,CARD_AUTH,21241.03,USD,COMPLETED,Apple Services US,2026-08-27 06:30:12,2026-08-27 06:52:51
10812,5472,1,INTERNAL_BOOK_TRANSFER,22145.39,USD,COMPLETED,Microsoft Azure Cloud,2026-08-18 16:21:36,2026-08-18 16:32:39
10813,5190,121,CARD_AUTH,30518.61,USD,COMPLETED,Target Retail Network,2026-08-03 18:56:17,2026-08-03 20:29:51
10814,5569,433,CARD_AUTH,56154.63,USD,PENDING,JPMorgan Settlement Corp,2026-08-22 07:00:27,2026-08-22 07:14:10
10815,5483,282,INTERNAL_BOOK_TRANSFER,59122.55,USD,COMPLETED,Apple Services US,2026-08-25 08:35:37,2026-08-25 10:29:12
10816,5475,362,ACH_CREDIT,114464.47,USD,COMPLETED,Fedwire Interbank Net,2026-08-01 07:12:11,2026-08-01 07:55:43
10817,5782,479,ACH_CREDIT,59997.84,USD,COMPLETED,Microsoft Azure Cloud,2026-08-30 01:08:34,2026-08-30 02:30:09
10818,5404,274,WIRE_TRANSFER,52046.73,USD,ON_HOLD,Visa Direct Global,2026-07-22 10:26:37,2026-07-22 10:56:58
10819,5907,312,ACH_CREDIT,115182.51,USD,COMPLETED,Walmart Global Vendor,2026-08-21 19:40:51,2026-08-21 20:49:23
10820,5843,1,FX_CONVERSION,89885.75,USD,PENDING,Stripe Clearing Inc,2026-08-11 03:52:51,2026-08-11 04:11:47
10821,5512,97,WIRE_TRANSFER,31704.97,USD,PENDING,Stripe Clearing Inc,2026-08-21 19:03:54,2026-08-21 19:56:25
10822,5670,93,MERCHANT_SETTLEMENT,22633.79,USD,COMPLETED,Fedwire Interbank Net,2026-09-04 11:46:16,2026-09-04 11:51:06
10823,5268,491,MERCHANT_SETTLEMENT,26948.62,USD,PENDING,Oracle Cloud Infra,2026-07-30 03:46:19,2026-07-30 04:49:52
10824,5826,43,ACH_DEBIT,102917.85,USD,COMPLETED,Fedwire Interbank Net,2026-07-21 00:15:21,2026-07-21 00:37:23
10825,5327,66,FX_CONVERSION,76058.14,USD,ON_HOLD,Apple Services US,2026-07-20 22:46:27,2026-07-20 23:52:54
10826,5670,492,INTERNAL_BOOK_TRANSFER,60270.77,USD,FAILED,Amazon AWS Services,2026-08-18 05:42:21,2026-08-18 06:40:27
10827,5265,380,INTERNAL_BOOK_TRANSFER,17416.31,USD,FAILED,Apple Services US,2026-09-06 13:39:32,2026-09-06 14:30:31
10828,5800,243,INTERNAL_BOOK_TRANSFER,50276.48,USD,PROCESSING,Walmart Global Vendor,2026-07-30 15:59:08,2026-07-30 17:46:27
10829,5184,218,FX_CONVERSION,113947.75,USD,FAILED,Stripe Clearing Inc,2026-08-03 10:11:54,2026-08-03 10:12:55
10830,5346,486,INTERNAL_BOOK_TRANSFER,88533.4,USD,COMPLETED,Oracle Cloud Infra,2026-09-17 11:42:23,2026-09-17 13:21:48
10831,5894,233,MERCHANT_SETTLEMENT,7305.8,USD,COMPLETED,Amazon AWS Services,2026-07-31 15:00:22,2026-07-31 16:58:56
10832,5502,236,ACH_DEBIT,7535.25,USD,PROCESSING,Walmart Global Vendor,2026-08-13 07:44:05,2026-08-13 08:42:17
10833,5346,346,ACH_DEBIT,115031.01,USD,COMPLETED,Oracle Cloud Infra,2026-08-14 18:28:29,2026-08-14 18:52:58
10834,5301,183,MERCHANT_SETTLEMENT,2652.9,USD,COMPLETED,Microsoft Azure Cloud,2026-07-23 06:45:35,2026-07-23 08:07:00
10835,5115,183,INTERNAL_BOOK_TRANSFER,5516.42,USD,ON_HOLD,Fedwire Interbank Net,2026-08-12 23:06:47,2026-08-12 23:30:47
10836,5087,274,WIRE_TRANSFER,18930.48,USD,COMPLETED,Apple Services US,2026-08-30 16:18:28,2026-08-30 16:56:03
10837,5354,498,MERCHANT_SETTLEMENT,103356.72,USD,COMPLETED,Oracle Cloud Infra,2026-09-13 01:47:45,2026-09-13 02:50:25
10838,5042,40,ACH_DEBIT,55935.29,USD,COMPLETED,Visa Direct Global,2026-07-29 15:24:13,2026-07-29 16:16:26
10839,5525,372,WIRE_TRANSFER,50682.8,USD,ON_HOLD,Microsoft Azure Cloud,2026-08-29 20:20:12,2026-08-29 21:14:59
10840,5023,95,INTERNAL_BOOK_TRANSFER,38547.65,USD,ON_HOLD,Stripe Clearing Inc,2026-08-30 21:44:53,2026-08-30 22:00:51
10841,5813,99,FX_CONVERSION,39165.21,USD,COMPLETED,Visa Direct Global,2026-09-07 17:34:11,2026-09-07 18:47:52
10842,5875,407,ACH_CREDIT,104146.37,USD,COMPLETED,Walmart Global Vendor,2026-09-13 11:44:26,2026-09-13 12:49:05
10843,5221,390,MERCHANT_SETTLEMENT,41236.51,USD,ON_HOLD,JPMorgan Settlement Corp,2026-08-15 16:53:13,2026-08-15 18:01:46
10844,5688,24,FX_CONVERSION,59815.93,USD,COMPLETED,Microsoft Azure Cloud,2026-08-15 07:09:35,2026-08-15 07:10:21
10845,5417,107,WIRE_TRANSFER,117313.14,USD,ON_HOLD,JPMorgan Settlement Corp,2026-08-15 12:01:41,2026-08-15 12:38:13
10846,5474,307,CARD_AUTH,146385.26,USD,COMPLETED,Stripe Clearing Inc,2026-08-10 07:29:32,2026-08-10 08:00:18
10847,5019,364,ACH_DEBIT,33178.52,USD,PROCESSING,Microsoft Azure Cloud,2026-09-16 23:34:49,2026-09-17 01:27:48
10848,5472,302,MERCHANT_SETTLEMENT,95225.21,USD,COMPLETED,Oracle Cloud Infra,2026-08-26 14:17:54,2026-08-26 15:22:55
10849,5953,286,WIRE_TRANSFER,51459.36,USD,COMPLETED,Walmart Global Vendor,2026-08-31 23:15:30,2026-08-31 23:36:18
10850,5474,438,INTERNAL_BOOK_TRANSFER,74858.97,USD,PROCESSING,JPMorgan Settlement Corp,2026-08-26 16:40:45,2026-08-26 17:15:44
10851,5413,17,INTERNAL_BOOK_TRANSFER,127847.52,USD,COMPLETED,Apple Services US,2026-09-12 07:45:16,2026-09-12 08:32:29
10852,5086,107,INTERNAL_BOOK_TRANSFER,147730.68,USD,COMPLETED,Microsoft Azure Cloud,2026-08-17 03:46:04,2026-08-17 05:28:40
10853,5323,232,INTERNAL_BOOK_TRANSFER,70120.6,USD,COMPLETED,Visa Direct Global,2026-09-14 14:46:21,2026-09-14 15:09:11
10854,5640,181,FX_CONVERSION,64744.11,USD,FAILED,Amazon AWS Services,2026-08-16 09:16:37,2026-08-16 10:32:40
10855,5762,252,ACH_CREDIT,56308.58,USD,PROCESSING,JPMorgan Settlement Corp,2026-08-25 13:34:26,2026-08-25 14:57:24
10856,5972,436,WIRE_TRANSFER,14570.0,USD,COMPLETED,Target Retail Network,2026-07-30 13:33:49,2026-07-30 14:51:49
10857,5297,92,CARD_AUTH,23889.07,USD,FAILED,Fedwire Interbank Net,2026-09-11 05:31:39,2026-09-11 06:27:30
10858,5361,385,ACH_CREDIT,62741.84,USD,PROCESSING,Microsoft Azure Cloud,2026-08-19 20:02:05,2026-08-19 21:47:21
10859,5372,323,WIRE_TRANSFER,99643.75,USD,ON_HOLD,Walmart Global Vendor,2026-09-06 14:13:31,2026-09-06 15:26:43
10860,5546,201,ACH_CREDIT,128862.08,USD,PENDING,Apple Services US,2026-08-16 14:51:34,2026-08-16 16:44:26
10861,5947,231,ACH_CREDIT,138588.52,USD,COMPLETED,Fedwire Interbank Net,2026-08-16 19:48:35,2026-08-16 19:49:07
10862,5546,425,ACH_DEBIT,114446.28,USD,ON_HOLD,JPMorgan Settlement Corp,2026-07-29 08:52:48,2026-07-29 09:45:13
10863,5595,335,MERCHANT_SETTLEMENT,146137.77,USD,PENDING,Target Retail Network,2026-07-22 15:26:28,2026-07-22 16:51:02
10864,5230,71,FX_CONVERSION,92997.74,USD,COMPLETED,Visa Direct Global,2026-09-13 05:19:46,2026-09-13 06:59:48
10865,5419,485,WIRE_TRANSFER,48770.26,USD,COMPLETED,JPMorgan Settlement Corp,2026-09-13 02:21:01,2026-09-13 03:46:30
10866,5484,351,WIRE_TRANSFER,142778.14,USD,COMPLETED,Visa Direct Global,2026-08-26 14:59:50,2026-08-26 16:15:17
10867,5524,443,ACH_CREDIT,127550.17,USD,COMPLETED,Apple Services US,2026-08-24 15:45:10,2026-08-24 17:23:58
10868,5896,123,ACH_CREDIT,70838.79,USD,ON_HOLD,Target Retail Network,2026-08-20 03:46:21,2026-08-20 04:04:32
10869,5301,34,WIRE_TRANSFER,31071.31,USD,PENDING,Apple Services US,2026-08-12 14:46:17,2026-08-12 16:19:42
10870,5618,228,ACH_CREDIT,119518.22,USD,PENDING,Oracle Cloud Infra,2026-07-30 14:47:09,2026-07-30 16:36:57
10871,5619,429,ACH_DEBIT,130816.08,USD,COMPLETED,Target Retail Network,2026-09-02 16:48:12,2026-09-02 18:26:52
10872,5986,36,WIRE_TRANSFER,112297.7,USD,ON_HOLD,Fedwire Interbank Net,2026-09-08 06:55:00,2026-09-08 07:59:16
10873,5883,198,WIRE_TRANSFER,117461.94,USD,COMPLETED,Oracle Cloud Infra,2026-07-31 13:40:45,2026-07-31 15:18:33
10874,5796,311,INTERNAL_BOOK_TRANSFER,148381.6,USD,ON_HOLD,Amazon AWS Services,2026-08-31 09:35:56,2026-08-31 10:41:39
10875,5848,372,WIRE_TRANSFER,43962.49,USD,PENDING,Amazon AWS Services,2026-08-24 02:29:30,2026-08-24 03:24:07
10876,5734,475,FX_CONVERSION,94399.68,USD,PENDING,Fedwire Interbank Net,2026-07-31 20:50:39,2026-07-31 21:04:52
10877,5150,434,ACH_DEBIT,113697.24,USD,PROCESSING,Stripe Clearing Inc,2026-08-05 05:27:39,2026-08-05 06:17:46
10878,5423,337,ACH_DEBIT,21314.4,USD,COMPLETED,Apple Services US,2026-08-09 05:18:15,2026-08-09 05:54:26
10879,5100,169,INTERNAL_BOOK_TRANSFER,104065.22,USD,PENDING,Apple Services US,2026-08-12 14:01:45,2026-08-12 15:45:11
10880,5267,176,ACH_DEBIT,103387.04,USD,COMPLETED,Apple Services US,2026-08-13 20:46:19,2026-08-13 22:03:58
10881,5282,305,WIRE_TRANSFER,114204.5,USD,COMPLETED,Oracle Cloud Infra,2026-08-16 19:51:44,2026-08-16 19:55:21
10882,5227,451,ACH_DEBIT,84542.04,USD,ON_HOLD,Microsoft Azure Cloud,2026-08-18 14:20:48,2026-08-18 15:58:37
10883,5163,291,INTERNAL_BOOK_TRANSFER,45728.93,USD,ON_HOLD,Apple Services US,2026-08-17 10:53:24,2026-08-17 11:14:34
10884,5762,413,INTERNAL_BOOK_TRANSFER,19305.18,USD,PROCESSING,Microsoft Azure Cloud,2026-08-26 03:05:01,2026-08-26 03:40:13
10885,5653,117,WIRE_TRANSFER,127641.67,USD,PROCESSING,Microsoft Azure Cloud,2026-08-03 05:28:57,2026-08-03 06:48:48
10886,5013,133,ACH_DEBIT,108178.02,USD,ON_HOLD,Oracle Cloud Infra,2026-08-28 05:27:26,2026-08-28 06:32:38
10887,5634,461,ACH_CREDIT,145861.2,USD,ON_HOLD,JPMorgan Settlement Corp,2026-09-14 19:53:43,2026-09-14 21:50:12
10888,5514,161,FX_CONVERSION,56170.34,USD,FAILED,Apple Services US,2026-08-05 05:51:03,2026-08-05 07:50:01
10889,5538,247,ACH_CREDIT,72612.92,USD,PENDING,Amazon AWS Services,2026-07-26 02:39:19,2026-07-26 03:26:08
10890,5231,159,ACH_CREDIT,33666.28,USD,COMPLETED,Visa Direct Global,2026-07-31 10:26:20,2026-07-31 11:55:09
10891,5202,183,MERCHANT_SETTLEMENT,68912.04,USD,ON_HOLD,Amazon AWS Services,2026-09-08 17:03:18,2026-09-08 17:34:33
10892,5760,104,ACH_DEBIT,99645.17,USD,PENDING,Stripe Clearing Inc,2026-08-20 19:35:47,2026-08-20 20:45:08
10893,5069,139,FX_CONVERSION,144249.4,USD,FAILED,Oracle Cloud Infra,2026-07-27 12:53:47,2026-07-27 14:42:48
10894,5058,229,FX_CONVERSION,78454.48,USD,COMPLETED,Microsoft Azure Cloud,2026-08-06 13:27:24,2026-08-06 15:01:39
10895,5959,334,CARD_AUTH,36782.31,USD,ON_HOLD,Apple Services US,2026-08-06 01:12:51,2026-08-06 01:18:25
10896,5624,137,FX_CONVERSION,41639.91,USD,ON_HOLD,Target Retail Network,2026-07-26 00:07:48,2026-07-26 00:25:58
10897,5536,156,WIRE_TRANSFER,31180.01,USD,COMPLETED,Visa Direct Global,2026-09-14 06:13:44,2026-09-14 07:18:58
10898,5476,51,FX_CONVERSION,132249.12,USD,COMPLETED,Walmart Global Vendor,2026-07-26 22:00:00,2026-07-26 22:26:54
10899,5490,60,MERCHANT_SETTLEMENT,12531.3,USD,COMPLETED,Stripe Clearing Inc,2026-09-10 11:34:54,2026-09-10 12:55:27
10900,5221,307,MERCHANT_SETTLEMENT,45012.0,USD,COMPLETED,Visa Direct Global,2026-08-30 13:10:26,2026-08-30 15:08:05
10901,5927,58,INTERNAL_BOOK_TRANSFER,132980.52,USD,FAILED,Target Retail Network,2026-09-15 00:05:41,2026-09-15 01:55:46
10902,5651,315,CARD_AUTH,68452.03,USD,COMPLETED,Microsoft Azure Cloud,2026-08-28 08:32:35,2026-08-28 09:54:46
10903,5278,253,INTERNAL_BOOK_TRANSFER,26500.78,USD,PROCESSING,Apple Services US,2026-09-07 17:56:39,2026-09-07 18:35:28
10904,5975,331,ACH_DEBIT,39648.75,USD,PROCESSING,Target Retail Network,2026-08-21 22:41:23,2026-08-21 23:19:03
10905,5695,288,FX_CONVERSION,46338.23,USD,PENDING,Stripe Clearing Inc,2026-08-06 12:16:53,2026-08-06 13:23:32
10906,5007,164,FX_CONVERSION,70589.45,USD,COMPLETED,JPMorgan Settlement Corp,2026-07-26 04:32:07,2026-07-26 06:16:01
10907,5443,345,ACH_DEBIT,14208.28,USD,FAILED,Apple Services US,2026-08-22 01:41:40,2026-08-22 03:08:50
10908,5704,276,CARD_AUTH,27419.19,USD,FAILED,Stripe Clearing Inc,2026-08-11 07:54:37,2026-08-11 08:23:48
10909,5315,257,ACH_DEBIT,48019.72,USD,PROCESSING,Apple Services US,2026-07-29 19:35:06,2026-07-29 21:08:40
10910,5308,475,FX_CONVERSION,31563.93,USD,ON_HOLD,JPMorgan Settlement Corp,2026-08-20 06:11:56,2026-08-20 06:33:22
10911,5197,393,MERCHANT_SETTLEMENT,117877.13,USD,FAILED,JPMorgan Settlement Corp,2026-09-17 01:27:39,2026-09-17 02:58:11
10912,5161,167,FX_CONVERSION,147173.64,USD,ON_HOLD,Visa Direct Global,2026-08-29 07:14:22,2026-08-29 09:00:54
10913,5744,138,ACH_CREDIT,139928.24,USD,PENDING,Microsoft Azure Cloud,2026-08-24 19:46:36,2026-08-24 20:06:28
10914,5314,171,INTERNAL_BOOK_TRANSFER,53106.51,USD,ON_HOLD,Walmart Global Vendor,2026-09-01 11:39:58,2026-09-01 12:22:06
10915,5436,289,MERCHANT_SETTLEMENT,114410.34,USD,COMPLETED,Fedwire Interbank Net,2026-07-25 04:38:47,2026-07-25 05:34:40
10916,5363,331,CARD_AUTH,21011.47,USD,PENDING,Microsoft Azure Cloud,2026-07-21 17:09:41,2026-07-21 19:01:31
10917,5722,104,ACH_CREDIT,99316.81,USD,COMPLETED,Microsoft Azure Cloud,2026-08-25 02:01:51,2026-08-25 02:05:09
10918,5330,219,CARD_AUTH,57376.7,USD,PROCESSING,Oracle Cloud Infra,2026-08-08 04:31:40,2026-08-08 06:20:37
10919,5221,317,FX_CONVERSION,66029.75,USD,COMPLETED,Stripe Clearing Inc,2026-07-27 01:11:53,2026-07-27 01:45:09
10920,5165,167,INTERNAL_BOOK_TRANSFER,71965.67,USD,ON_HOLD,Visa Direct Global,2026-09-03 10:39:04,2026-09-03 10:45:25
10921,5800,338,MERCHANT_SETTLEMENT,103178.11,USD,ON_HOLD,Apple Services US,2026-08-13 01:57:16,2026-08-13 02:35:35
10922,5622,301,MERCHANT_SETTLEMENT,8921.51,USD,COMPLETED,Walmart Global Vendor,2026-08-15 15:00:18,2026-08-15 16:13:49
10923,5379,225,ACH_DEBIT,16677.29,USD,COMPLETED,Stripe Clearing Inc,2026-08-20 08:01:00,2026-08-20 09:46:55
10924,5751,212,CARD_AUTH,22787.52,USD,COMPLETED,Visa Direct Global,2026-08-17 20:09:17,2026-08-17 21:27:44
10925,5205,288,WIRE_TRANSFER,65753.5,USD,COMPLETED,Visa Direct Global,2026-09-10 21:24:23,2026-09-10 23:08:36
10926,5677,134,FX_CONVERSION,79666.08,USD,COMPLETED,Amazon AWS Services,2026-08-02 11:05:02,2026-08-02 12:50:32
10927,5789,35,CARD_AUTH,117890.57,USD,ON_HOLD,Walmart Global Vendor,2026-08-23 21:29:48,2026-08-23 23:15:22
10928,5457,383,ACH_CREDIT,27641.81,USD,PENDING,Target Retail Network,2026-09-02 13:31:16,2026-09-02 14:20:48
10929,5342,102,INTERNAL_BOOK_TRANSFER,145716.53,USD,COMPLETED,Microsoft Azure Cloud,2026-09-16 10:18:00,2026-09-16 12:00:09
10930,5956,12,ACH_CREDIT,17901.03,USD,PENDING,Fedwire Interbank Net,2026-08-27 07:14:07,2026-08-27 09:04:15
10931,5499,409,WIRE_TRANSFER,124755.46,USD,COMPLETED,Oracle Cloud Infra,2026-08-25 02:01:45,2026-08-25 02:04:02
10932,5580,224,WIRE_TRANSFER,143969.26,USD,FAILED,Walmart Global Vendor,2026-09-10 03:17:15,2026-09-10 04:24:30
10933,5290,295,ACH_DEBIT,95165.4,USD,ON_HOLD,Stripe Clearing Inc,2026-09-12 17:01:52,2026-09-12 17:14:31
10934,5998,286,CARD_AUTH,16872.87,USD,COMPLETED,Oracle Cloud Infra,2026-07-28 08:11:49,2026-07-28 09:30:15
10935,5945,240,FX_CONVERSION,97535.02,USD,COMPLETED,Stripe Clearing Inc,2026-08-30 15:56:58,2026-08-30 17:48:42
10936,5284,239,MERCHANT_SETTLEMENT,133406.19,USD,ON_HOLD,JPMorgan Settlement Corp,2026-08-20 21:43:38,2026-08-20 21:53:41
10937,5187,332,FX_CONVERSION,50988.29,USD,PROCESSING,Fedwire Interbank Net,2026-07-21 21:49:51,2026-07-21 22:44:44
10938,5589,151,WIRE_TRANSFER,93563.06,USD,PENDING,Amazon AWS Services,2026-07-20 15:39:56,2026-07-20 16:10:46
10939,5331,219,ACH_CREDIT,38846.84,USD,COMPLETED,Visa Direct Global,2026-08-20 12:50:56,2026-08-20 14:03:42
10940,5469,335,INTERNAL_BOOK_TRANSFER,30070.12,USD,FAILED,Visa Direct Global,2026-08-23 06:09:15,2026-08-23 07:46:56
10941,5889,296,ACH_CREDIT,28347.79,USD,COMPLETED,Target Retail Network,2026-08-18 18:35:06,2026-08-18 18:59:58
10942,5104,14,FX_CONVERSION,90298.37,USD,FAILED,Amazon AWS Services,2026-08-01 04:27:22,2026-08-01 05:41:11
10943,5357,489,WIRE_TRANSFER,49136.31,USD,COMPLETED,Target Retail Network,2026-08-09 02:19:37,2026-08-09 02:47:14
10944,5311,84,MERCHANT_SETTLEMENT,148650.77,USD,COMPLETED,Target Retail Network,2026-08-23 07:47:02,2026-08-23 07:50:50
10945,5141,450,MERCHANT_SETTLEMENT,18488.88,USD,PENDING,Amazon AWS Services,2026-08-31 22:15:18,2026-09-01 00:13:49
10946,5762,438,INTERNAL_BOOK_TRANSFER,31307.83,USD,COMPLETED,Apple Services US,2026-08-31 09:39:32,2026-08-31 10:34:07
10947,5204,106,CARD_AUTH,57091.53,USD,FAILED,Stripe Clearing Inc,2026-07-28 20:07:52,2026-07-28 20:31:51
10948,5519,468,FX_CONVERSION,108684.78,USD,COMPLETED,JPMorgan Settlement Corp,2026-08-09 04:15:45,2026-08-09 04:32:15
10949,5964,251,INTERNAL_BOOK_TRANSFER,90737.34,USD,ON_HOLD,Walmart Global Vendor,2026-08-29 03:05:19,2026-08-29 03:31:28
10950,5216,47,CARD_AUTH,76049.1,USD,PENDING,Microsoft Azure Cloud,2026-09-07 05:12:35,2026-09-07 05:27:57
10951,5968,234,WIRE_TRANSFER,1113.65,USD,FAILED,Fedwire Interbank Net,2026-08-27 16:33:24,2026-08-27 18:30:33
10952,5103,182,ACH_DEBIT,141861.15,USD,FAILED,Stripe Clearing Inc,2026-08-30 23:24:39,2026-08-31 01:20:29
10953,5668,154,ACH_CREDIT,149955.99,USD,COMPLETED,Fedwire Interbank Net,2026-09-03 14:07:21,2026-09-03 14:09:35
10954,5975,494,ACH_DEBIT,109451.26,USD,COMPLETED,Amazon AWS Services,2026-08-02 11:42:32,2026-08-02 13:38:19
10955,5255,91,FX_CONVERSION,1416.36,USD,PROCESSING,JPMorgan Settlement Corp,2026-08-02 10:30:28,2026-08-02 12:05:27
10956,5482,391,WIRE_TRANSFER,9201.16,USD,FAILED,Target Retail Network,2026-08-17 06:42:26,2026-08-17 07:33:15
10957,5633,213,CARD_AUTH,23643.89,USD,COMPLETED,JPMorgan Settlement Corp,2026-09-08 04:11:44,2026-09-08 04:32:29
10958,5760,415,CARD_AUTH,100308.62,USD,COMPLETED,Stripe Clearing Inc,2026-08-04 14:07:44,2026-08-04 14:11:54
10959,5510,105,ACH_DEBIT,60563.35,USD,COMPLETED,Microsoft Azure Cloud,2026-08-19 23:55:28,2026-08-19 23:59:26
10960,5803,14,ACH_DEBIT,4299.31,USD,PENDING,Amazon AWS Services,2026-08-02 20:06:33,2026-08-02 21:02:17
10961,5048,277,MERCHANT_SETTLEMENT,114381.4,USD,ON_HOLD,Oracle Cloud Infra,2026-08-05 07:17:39,2026-08-05 07:39:19
10962,5103,8,ACH_DEBIT,134580.93,USD,COMPLETED,Fedwire Interbank Net,2026-07-26 06:19:15,2026-07-26 06:34:40
10963,5992,244,MERCHANT_SETTLEMENT,147505.74,USD,FAILED,Oracle Cloud Infra,2026-08-31 14:00:50,2026-08-31 14:19:16
10964,5878,309,CARD_AUTH,95537.55,USD,COMPLETED,Apple Services US,2026-09-03 09:45:17,2026-09-03 10:20:26
10965,5132,166,INTERNAL_BOOK_TRANSFER,81009.64,USD,PROCESSING,Stripe Clearing Inc,2026-09-04 05:06:06,2026-09-04 06:13:28
10966,5767,426,CARD_AUTH,85696.86,USD,COMPLETED,Target Retail Network,2026-09-07 19:11:17,2026-09-07 19:29:05
10967,5825,483,ACH_CREDIT,33852.52,USD,COMPLETED,Stripe Clearing Inc,2026-08-28 00:46:58,2026-08-28 01:25:35
10968,5909,315,WIRE_TRANSFER,37485.95,USD,COMPLETED,JPMorgan Settlement Corp,2026-08-18 01:24:13,2026-08-18 02:09:10
10969,5728,499,MERCHANT_SETTLEMENT,100261.91,USD,PROCESSING,Oracle Cloud Infra,2026-09-13 20:40:03,2026-09-13 21:16:33
10970,5779,461,ACH_CREDIT,49208.74,USD,COMPLETED,JPMorgan Settlement Corp,2026-09-14 01:47:50,2026-09-14 03:28:27
10971,5958,436,WIRE_TRANSFER,112196.82,USD,FAILED,Fedwire Interbank Net,2026-07-24 11:39:42,2026-07-24 13:28:13
10972,5203,94,WIRE_TRANSFER,21465.02,USD,COMPLETED,Target Retail Network,2026-08-04 12:59:26,2026-08-04 13:53:41
10973,5331,6,FX_CONVERSION,72129.7,USD,FAILED,Walmart Global Vendor,2026-08-07 01:15:21,2026-08-07 02:41:16
10974,5891,419,FX_CONVERSION,60863.68,USD,COMPLETED,Apple Services US,2026-08-14 08:09:00,2026-08-14 09:23:36
10975,5451,61,INTERNAL_BOOK_TRANSFER,41914.16,USD,FAILED,Oracle Cloud Infra,2026-08-21 13:51:14,2026-08-21 14:37:21
10976,5914,96,ACH_DEBIT,51164.25,USD,FAILED,Apple Services US,2026-09-11 02:48:08,2026-09-11 03:50:31
10977,5680,50,INTERNAL_BOOK_TRANSFER,128435.82,USD,FAILED,Oracle Cloud Infra,2026-08-14 08:17:12,2026-08-14 08:25:54
10978,5801,188,MERCHANT_SETTLEMENT,96353.03,USD,PROCESSING,JPMorgan Settlement Corp,2026-07-29 00:09:59,2026-07-29 00:41:04
10979,5999,235,CARD_AUTH,16693.21,USD,PROCESSING,Microsoft Azure Cloud,2026-08-01 02:04:09,2026-08-01 04:03:28
10980,5356,158,MERCHANT_SETTLEMENT,65438.99,USD,COMPLETED,Oracle Cloud Infra,2026-08-06 13:17:18,2026-08-06 14:11:39
10981,5840,482,FX_CONVERSION,29252.23,USD,FAILED,Target Retail Network,2026-07-21 10:43:46,2026-07-21 11:10:58
10982,5752,382,ACH_DEBIT,78848.3,USD,FAILED,JPMorgan Settlement Corp,2026-09-12 11:22:59,2026-09-12 13:20:28
10983,5544,269,WIRE_TRANSFER,120044.09,USD,COMPLETED,Oracle Cloud Infra,2026-08-11 04:41:47,2026-08-11 06:16:34
10984,5970,272,ACH_CREDIT,56186.77,USD,COMPLETED,JPMorgan Settlement Corp,2026-08-10 18:59:20,2026-08-10 20:54:32
10985,5953,385,INTERNAL_BOOK_TRANSFER,22829.28,USD,PROCESSING,Fedwire Interbank Net,2026-08-08 10:55:19,2026-08-08 11:33:24
10986,5051,492,MERCHANT_SETTLEMENT,44492.4,USD,PROCESSING,Fedwire Interbank Net,2026-09-04 02:12:11,2026-09-04 03:16:09
10987,5330,70,INTERNAL_BOOK_TRANSFER,140723.08,USD,COMPLETED,Stripe Clearing Inc,2026-08-13 05:24:37,2026-08-13 07:01:24
10988,5570,343,ACH_DEBIT,31333.4,USD,ON_HOLD,Visa Direct Global,2026-09-15 11:51:21,2026-09-15 12:00:33
10989,5061,387,MERCHANT_SETTLEMENT,21067.41,USD,PENDING,JPMorgan Settlement Corp,2026-08-12 08:45:02,2026-08-12 09:38:32
10990,5806,82,INTERNAL_BOOK_TRANSFER,62866.21,USD,PROCESSING,Target Retail Network,2026-08-12 22:59:18,2026-08-13 00:53:17
10991,5359,37,ACH_CREDIT,144504.54,USD,COMPLETED,JPMorgan Settlement Corp,2026-08-27 19:11:42,2026-08-27 19:28:38
10992,5744,379,FX_CONVERSION,141652.59,USD,COMPLETED,Target Retail Network,2026-08-31 20:55:27,2026-08-31 21:14:58
10993,5689,142,CARD_AUTH,49137.57,USD,ON_HOLD,Stripe Clearing Inc,2026-09-08 08:54:14,2026-09-08 09:36:48
10994,5537,53,CARD_AUTH,94291.33,USD,PENDING,Target Retail Network,2026-08-31 09:01:06,2026-08-31 09:41:58
10995,5842,64,FX_CONVERSION,111443.32,USD,PENDING,JPMorgan Settlement Corp,2026-07-26 15:49:15,2026-07-26 17:32:18
10996,5933,369,ACH_DEBIT,131288.5,USD,COMPLETED,Fedwire Interbank Net,2026-08-13 15:01:04,2026-08-13 15:16:33
10997,5642,239,MERCHANT_SETTLEMENT,87757.37,USD,ON_HOLD,Apple Services US,2026-08-17 02:05:56,2026-08-17 02:36:41
10998,5536,53,WIRE_TRANSFER,149640.86,USD,PROCESSING,Visa Direct Global,2026-08-24 00:34:19,2026-08-24 01:07:20
10999,5891,436,INTERNAL_BOOK_TRANSFER,74192.66,USD,ON_HOLD,Fedwire Interbank Net,2026-08-29 18:20:33,2026-08-29 18:28:22
11000,5654,54,CARD_AUTH,115497.7,USD,FAILED,Microsoft Azure Cloud,2026-08-13 06:12:22,2026-08-13 07:39:52
11001,5521,169,MERCHANT_SETTLEMENT,100055.26,USD,COMPLETED,Walmart Global Vendor,2026-07-27 21:23:32,2026-07-27 21:25:22
11002,5104,366,CARD_AUTH,72845.43,USD,PROCESSING,Apple Services US,2026-08-10 07:38:33,2026-08-10 08:59:20
11003,5445,341,ACH_DEBIT,15617.67,USD,FAILED,Apple Services US,2026-09-12 06:13:42,2026-09-12 07:36:36
11004,5858,290,MERCHANT_SETTLEMENT,91004.21,USD,FAILED,Fedwire Interbank Net,2026-07-23 21:52:25,2026-07-23 23:14:38
11005,5111,303,CARD_AUTH,119045.26,USD,COMPLETED,Visa Direct Global,2026-07-29 00:56:07,2026-07-29 01:12:14
11006,5990,392,ACH_CREDIT,54121.43,USD,ON_HOLD,Visa Direct Global,2026-08-29 18:42:15,2026-08-29 20:33:38
11007,5404,368,INTERNAL_BOOK_TRANSFER,6004.22,USD,ON_HOLD,Apple Services US,2026-09-02 13:22:47,2026-09-02 14:41:08
11008,5885,268,WIRE_TRANSFER,141031.08,USD,FAILED,Fedwire Interbank Net,2026-07-22 07:31:03,2026-07-22 08:00:37
11009,5581,93,WIRE_TRANSFER,94587.61,USD,COMPLETED,Stripe Clearing Inc,2026-08-17 04:49:30,2026-08-17 05:45:51
11010,5822,15,INTERNAL_BOOK_TRANSFER,68507.33,USD,COMPLETED,Walmart Global Vendor,2026-08-22 05:27:53,2026-08-22 06:16:04
11011,5997,495,ACH_CREDIT,41513.32,USD,FAILED,Amazon AWS Services,2026-08-20 07:56:22,2026-08-20 08:59:00
11012,5716,326,ACH_DEBIT,115297.57,USD,COMPLETED,Target Retail Network,2026-09-12 01:07:06,2026-09-12 02:52:25
11013,5885,281,INTERNAL_BOOK_TRANSFER,48299.46,USD,PENDING,Walmart Global Vendor,2026-08-05 12:41:42,2026-08-05 14:37:06
11014,5512,439,WIRE_TRANSFER,50081.48,USD,PROCESSING,Oracle Cloud Infra,2026-08-10 22:02:58,2026-08-10 22:46:16
11015,5849,157,WIRE_TRANSFER,137127.89,USD,COMPLETED,Fedwire Interbank Net,2026-08-19 04:56:14,2026-08-19 06:21:12
11016,5510,328,ACH_CREDIT,113490.88,USD,COMPLETED,Microsoft Azure Cloud,2026-09-04 22:55:46,2026-09-04 23:43:43
11017,5346,413,MERCHANT_SETTLEMENT,134369.69,USD,FAILED,JPMorgan Settlement Corp,2026-08-05 04:30:17,2026-08-05 05:14:26
11018,5017,58,ACH_CREDIT,87287.69,USD,PROCESSING,Oracle Cloud Infra,2026-08-17 13:58:31,2026-08-17 15:41:55
11019,5574,276,ACH_CREDIT,59711.04,USD,ON_HOLD,Stripe Clearing Inc,2026-08-08 02:35:17,2026-08-08 02:48:06
11020,5093,365,FX_CONVERSION,137206.77,USD,ON_HOLD,Fedwire Interbank Net,2026-08-14 09:28:03,2026-08-14 09:48:02
11021,5734,175,FX_CONVERSION,53086.43,USD,COMPLETED,Fedwire Interbank Net,2026-07-29 21:14:13,2026-07-29 23:09:40
11022,5980,377,CARD_AUTH,131472.82,USD,FAILED,Microsoft Azure Cloud,2026-09-17 09:08:35,2026-09-17 10:26:30
11023,5995,43,ACH_DEBIT,149915.85,USD,PENDING,Amazon AWS Services,2026-08-12 16:46:03,2026-08-12 18:00:57
11024,5159,342,ACH_DEBIT,3978.71,USD,COMPLETED,Target Retail Network,2026-08-12 15:28:54,2026-08-12 17:28:28
11025,5232,226,INTERNAL_BOOK_TRANSFER,121733.6,USD,COMPLETED,Amazon AWS Services,2026-08-17 15:20:56,2026-08-17 15:54:17
11026,5988,11,CARD_AUTH,91842.97,USD,FAILED,Apple Services US,2026-08-29 01:41:09,2026-08-29 02:57:11
11027,5565,291,ACH_CREDIT,61863.52,USD,FAILED,Oracle Cloud Infra,2026-09-14 05:21:20,2026-09-14 06:15:58
11028,5643,295,MERCHANT_SETTLEMENT,112025.37,USD,ON_HOLD,Walmart Global Vendor,2026-08-14 09:54:14,2026-08-14 10:53:12
11029,5380,187,ACH_CREDIT,48040.54,USD,COMPLETED,Stripe Clearing Inc,2026-08-01 21:09:42,2026-08-01 21:53:42
11030,5881,424,INTERNAL_BOOK_TRANSFER,37053.51,USD,PROCESSING,Visa Direct Global,2026-08-01 07:48:51,2026-08-01 08:02:07
11031,5940,402,FX_CONVERSION,106260.52,USD,PROCESSING,Walmart Global Vendor,2026-07-29 23:59:25,2026-07-30 01:49:43
11032,5847,310,ACH_CREDIT,108023.07,USD,ON_HOLD,Oracle Cloud Infra,2026-08-10 13:38:39,2026-08-10 14:42:15
11033,5276,295,CARD_AUTH,8004.36,USD,PROCESSING,Apple Services US,2026-09-06 02:10:28,2026-09-06 03:31:14
11034,5447,34,ACH_CREDIT,3342.21,USD,PENDING,Oracle Cloud Infra,2026-07-25 09:51:43,2026-07-25 10:39:15
11035,5489,445,INTERNAL_BOOK_TRANSFER,22203.75,USD,ON_HOLD,Walmart Global Vendor,2026-07-26 04:11:36,2026-07-26 05:49:49
11036,5283,292,ACH_DEBIT,142104.01,USD,ON_HOLD,Amazon AWS Services,2026-09-15 20:36:09,2026-09-15 21:43:14
11037,5442,361,CARD_AUTH,141413.68,USD,PENDING,Target Retail Network,2026-09-01 17:16:03,2026-09-01 17:58:26
11038,5552,357,INTERNAL_BOOK_TRANSFER,45716.89,USD,COMPLETED,Visa Direct Global,2026-09-07 03:23:29,2026-09-07 04:19:09
11039,5148,393,FX_CONVERSION,147027.29,USD,PROCESSING,Walmart Global Vendor,2026-07-20 11:33:30,2026-07-20 12:56:48
11040,5055,365,CARD_AUTH,53768.79,USD,COMPLETED,Stripe Clearing Inc,2026-09-17 10:08:45,2026-09-17 10:17:31
11041,5543,212,INTERNAL_BOOK_TRANSFER,24202.47,USD,COMPLETED,Target Retail Network,2026-09-16 05:25:36,2026-09-16 07:11:19
11042,5778,92,CARD_AUTH,27206.59,USD,ON_HOLD,Apple Services US,2026-07-31 10:13:34,2026-07-31 10:58:57
11043,5092,49,MERCHANT_SETTLEMENT,86111.3,USD,ON_HOLD,Fedwire Interbank Net,2026-08-28 09:29:15,2026-08-28 10:21:23
11044,5714,243,ACH_CREDIT,127093.73,USD,COMPLETED,Stripe Clearing Inc,2026-08-19 00:54:31,2026-08-19 01:43:05
11045,5182,363,MERCHANT_SETTLEMENT,131862.76,USD,PENDING,Stripe Clearing Inc,2026-08-06 17:50:30,2026-08-06 18:26:09
11046,5412,103,ACH_CREDIT,52696.65,USD,ON_HOLD,Stripe Clearing Inc,2026-08-21 19:22:34,2026-08-21 20:24:19
11047,5770,49,FX_CONVERSION,38684.1,USD,PROCESSING,Amazon AWS Services,2026-09-11 21:58:26,2026-09-11 22:06:35
11048,5700,192,WIRE_TRANSFER,25298.17,USD,PROCESSING,Amazon AWS Services,2026-07-20 06:37:54,2026-07-20 07:22:36
11049,5394,157,WIRE_TRANSFER,120010.82,USD,PROCESSING,Visa Direct Global,2026-08-25 05:12:07,2026-08-25 07:09:31
11050,5072,490,ACH_CREDIT,28293.01,USD,PROCESSING,Apple Services US,2026-08-06 11:21:52,2026-08-06 12:35:01
11051,5224,500,ACH_DEBIT,14567.89,USD,ON_HOLD,JPMorgan Settlement Corp,2026-09-16 01:12:56,2026-09-16 02:04:06
11052,5588,91,MERCHANT_SETTLEMENT,105962.62,USD,FAILED,JPMorgan Settlement Corp,2026-09-07 01:55:56,2026-09-07 02:16:20
11053,5834,420,MERCHANT_SETTLEMENT,4575.98,USD,COMPLETED,Oracle Cloud Infra,2026-07-31 12:03:02,2026-07-31 13:53:19
11054,5957,160,ACH_DEBIT,16188.99,USD,ON_HOLD,JPMorgan Settlement Corp,2026-09-15 02:49:05,2026-09-15 03:59:57
11055,5172,461,WIRE_TRANSFER,74660.47,USD,PROCESSING,JPMorgan Settlement Corp,2026-09-17 08:36:39,2026-09-17 09:22:47
11056,5961,233,INTERNAL_BOOK_TRANSFER,82208.59,USD,PENDING,Apple Services US,2026-07-31 02:57:34,2026-07-31 04:28:57
11057,5568,34,ACH_DEBIT,36952.55,USD,COMPLETED,Target Retail Network,2026-09-05 11:20:36,2026-09-05 11:46:23
11058,5814,207,WIRE_TRANSFER,53764.57,USD,PENDING,Visa Direct Global,2026-07-29 09:56:44,2026-07-29 11:52:33
11059,5533,47,INTERNAL_BOOK_TRANSFER,98229.42,USD,PROCESSING,Visa Direct Global,2026-09-13 15:49:12,2026-09-13 17:25:09
11060,5545,268,MERCHANT_SETTLEMENT,113544.72,USD,ON_HOLD,Target Retail Network,2026-08-16 06:11:13,2026-08-16 06:55:02
11061,5139,230,CARD_AUTH,29726.68,USD,ON_HOLD,Fedwire Interbank Net,2026-08-28 01:42:49,2026-08-28 02:42:18
11062,5387,43,MERCHANT_SETTLEMENT,3600.01,USD,COMPLETED,Walmart Global Vendor,2026-09-12 07:35:06,2026-09-12 08:41:16
11063,5625,200,ACH_DEBIT,74655.0,USD,FAILED,Microsoft Azure Cloud,2026-07-25 04:11:57,2026-07-25 05:24:03
11064,5852,22,ACH_CREDIT,142018.34,USD,COMPLETED,Visa Direct Global,2026-09-13 06:56:16,2026-09-13 08:10:27
11065,5178,329,ACH_DEBIT,110895.21,USD,PROCESSING,Amazon AWS Services,2026-07-24 09:46:20,2026-07-24 10:27:46
11066,5395,97,ACH_DEBIT,144628.98,USD,COMPLETED,Fedwire Interbank Net,2026-09-07 04:22:12,2026-09-07 05:33:49
11067,5870,92,FX_CONVERSION,55639.63,USD,ON_HOLD,Amazon AWS Services,2026-08-09 15:34:34,2026-08-09 15:48:07
11068,5469,487,ACH_CREDIT,133856.16,USD,ON_HOLD,Walmart Global Vendor,2026-07-26 21:47:17,2026-07-26 23:24:51
11069,5209,254,ACH_CREDIT,85682.74,USD,PROCESSING,Amazon AWS Services,2026-07-24 05:10:24,2026-07-24 06:02:34
11070,5211,461,INTERNAL_BOOK_TRANSFER,17472.19,USD,COMPLETED,Amazon AWS Services,2026-08-12 03:54:50,2026-08-12 05:24:58
11071,5834,469,CARD_AUTH,49629.67,USD,COMPLETED,Fedwire Interbank Net,2026-08-10 23:54:56,2026-08-11 00:45:46
11072,5940,429,MERCHANT_SETTLEMENT,6737.88,USD,COMPLETED,Visa Direct Global,2026-08-12 17:23:45,2026-08-12 18:48:43
11073,5685,133,MERCHANT_SETTLEMENT,102067.51,USD,ON_HOLD,Microsoft Azure Cloud,2026-08-08 17:10:01,2026-08-08 18:39:18
11074,5755,468,ACH_DEBIT,61395.58,USD,COMPLETED,Fedwire Interbank Net,2026-08-28 23:37:17,2026-08-29 00:28:51
11075,5285,432,ACH_CREDIT,122513.37,USD,PENDING,Microsoft Azure Cloud,2026-09-16 02:10:27,2026-09-16 02:11:57
11076,5642,355,MERCHANT_SETTLEMENT,6294.34,USD,FAILED,Apple Services US,2026-08-01 08:06:07,2026-08-01 09:36:42
11077,5707,115,WIRE_TRANSFER,95648.8,USD,COMPLETED,JPMorgan Settlement Corp,2026-09-05 06:08:38,2026-09-05 06:17:47
11078,5188,275,ACH_DEBIT,25126.24,USD,ON_HOLD,Microsoft Azure Cloud,2026-08-27 11:39:16,2026-08-27 12:18:14
11079,5550,147,ACH_DEBIT,128329.9,USD,COMPLETED,Stripe Clearing Inc,2026-07-31 09:59:40,2026-07-31 10:53:40
11080,5843,454,ACH_CREDIT,142532.63,USD,PROCESSING,Apple Services US,2026-08-08 07:38:28,2026-08-08 07:55:54
11081,5531,19,MERCHANT_SETTLEMENT,71836.26,USD,COMPLETED,Target Retail Network,2026-07-23 12:23:24,2026-07-23 14:17:13
11082,5398,95,WIRE_TRANSFER,114387.27,USD,FAILED,Stripe Clearing Inc,2026-08-12 07:05:36,2026-08-12 08:05:12
11083,5631,190,MERCHANT_SETTLEMENT,110758.62,USD,PENDING,Visa Direct Global,2026-07-23 19:25:43,2026-07-23 20:56:18
11084,5957,258,CARD_AUTH,146176.79,USD,FAILED,Target Retail Network,2026-08-19 16:34:52,2026-08-19 16:40:55
11085,5583,8,ACH_CREDIT,51218.92,USD,COMPLETED,JPMorgan Settlement Corp,2026-08-22 19:36:11,2026-08-22 20:39:20
11086,5206,462,INTERNAL_BOOK_TRANSFER,8488.29,USD,PENDING,JPMorgan Settlement Corp,2026-08-17 03:43:37,2026-08-17 04:52:43
11087,5066,116,ACH_CREDIT,94091.55,USD,COMPLETED,Apple Services US,2026-07-22 06:44:47,2026-07-22 08:43:49
11088,5452,36,CARD_AUTH,36885.65,USD,PROCESSING,Microsoft Azure Cloud,2026-09-11 21:19:57,2026-09-11 21:42:01
11089,5147,281,ACH_DEBIT,8531.02,USD,ON_HOLD,Stripe Clearing Inc,2026-08-28 14:57:48,2026-08-28 16:08:36
11090,5548,9,FX_CONVERSION,108079.5,USD,ON_HOLD,Walmart Global Vendor,2026-08-24 18:48:01,2026-08-24 18:53:20
11091,5147,462,WIRE_TRANSFER,102655.54,USD,COMPLETED,Fedwire Interbank Net,2026-07-20 03:44:32,2026-07-20 05:01:26
11092,5060,417,MERCHANT_SETTLEMENT,115310.21,USD,COMPLETED,Target Retail Network,2026-07-23 05:46:53,2026-07-23 07:03:55
11093,5559,38,WIRE_TRANSFER,97338.35,USD,PENDING,Visa Direct Global,2026-08-26 07:20:36,2026-08-26 07:59:14
11094,5703,316,MERCHANT_SETTLEMENT,67464.71,USD,ON_HOLD,Target Retail Network,2026-09-05 10:51:50,2026-09-05 12:15:33
11095,5257,177,INTERNAL_BOOK_TRANSFER,68261.54,USD,COMPLETED,Apple Services US,2026-09-09 21:48:02,2026-09-09 22:37:17
11096,5230,74,ACH_DEBIT,95573.24,USD,COMPLETED,Fedwire Interbank Net,2026-08-13 19:06:56,2026-08-13 19:28:54
11097,5377,379,WIRE_TRANSFER,64774.98,USD,COMPLETED,JPMorgan Settlement Corp,2026-07-23 22:55:51,2026-07-23 23:58:43
11098,5421,364,FX_CONVERSION,127756.33,USD,PENDING,JPMorgan Settlement Corp,2026-08-23 02:11:01,2026-08-23 02:39:30
11099,5965,208,MERCHANT_SETTLEMENT,132546.24,USD,PENDING,Apple Services US,2026-08-31 22:06:58,2026-08-31 23:00:05
11100,5475,187,ACH_DEBIT,48918.83,USD,PENDING,JPMorgan Settlement Corp,2026-09-09 06:36:46,2026-09-09 07:04:57
11101,5252,112,INTERNAL_BOOK_TRANSFER,28665.39,USD,COMPLETED,Visa Direct Global,2026-08-24 02:35:20,2026-08-24 03:38:40
11102,5562,442,CARD_AUTH,118817.05,USD,COMPLETED,Microsoft Azure Cloud,2026-08-09 13:17:37,2026-08-09 14:11:20
11103,5145,241,WIRE_TRANSFER,81435.96,USD,PENDING,Microsoft Azure Cloud,2026-08-28 20:04:30,2026-08-28 20:11:31
11104,5205,112,ACH_DEBIT,82765.39,USD,COMPLETED,Fedwire Interbank Net,2026-09-08 01:38:06,2026-09-08 02:37:08
11105,5185,483,MERCHANT_SETTLEMENT,3600.2,USD,COMPLETED,Fedwire Interbank Net,2026-09-12 21:53:31,2026-09-12 23:24:40
11106,5177,140,INTERNAL_BOOK_TRANSFER,102102.67,USD,FAILED,JPMorgan Settlement Corp,2026-08-27 20:12:39,2026-08-27 21:31:14
11107,5801,411,ACH_CREDIT,22624.15,USD,COMPLETED,Apple Services US,2026-08-12 16:17:23,2026-08-12 18:15:58
11108,5757,67,CARD_AUTH,139689.62,USD,COMPLETED,Visa Direct Global,2026-09-17 06:35:28,2026-09-17 07:47:59
11109,5753,322,WIRE_TRANSFER,101436.67,USD,FAILED,Stripe Clearing Inc,2026-07-28 03:34:58,2026-07-28 03:37:58
11110,5009,472,CARD_AUTH,130422.89,USD,COMPLETED,Stripe Clearing Inc,2026-08-19 05:47:54,2026-08-19 06:36:41
11111,5208,381,ACH_CREDIT,143694.56,USD,COMPLETED,Stripe Clearing Inc,2026-08-24 01:28:56,2026-08-24 02:54:06
11112,5932,162,FX_CONVERSION,135679.71,USD,PENDING,Apple Services US,2026-08-21 16:48:51,2026-08-21 18:24:59
11113,5180,149,ACH_DEBIT,15247.84,USD,PROCESSING,JPMorgan Settlement Corp,2026-08-03 13:59:45,2026-08-03 14:22:07
11114,5426,61,FX_CONVERSION,136537.01,USD,PENDING,JPMorgan Settlement Corp,2026-09-12 08:32:34,2026-09-12 09:48:03
11115,5644,241,INTERNAL_BOOK_TRANSFER,147495.88,USD,ON_HOLD,Target Retail Network,2026-07-30 19:55:11,2026-07-30 21:25:54
11116,5969,76,MERCHANT_SETTLEMENT,14583.36,USD,COMPLETED,JPMorgan Settlement Corp,2026-08-25 19:26:48,2026-08-25 20:31:26
11117,5389,245,ACH_CREDIT,115076.65,USD,PROCESSING,Walmart Global Vendor,2026-08-31 15:13:38,2026-08-31 16:33:34
11118,5586,94,MERCHANT_SETTLEMENT,134100.91,USD,PENDING,Visa Direct Global,2026-08-22 04:57:00,2026-08-22 05:43:28
11119,5088,454,ACH_DEBIT,10357.24,USD,COMPLETED,Visa Direct Global,2026-08-17 23:03:54,2026-08-18 00:36:28
11120,5404,470,ACH_CREDIT,16668.44,USD,FAILED,Target Retail Network,2026-08-19 23:03:09,2026-08-19 23:43:08
11121,5729,406,CARD_AUTH,12484.29,USD,PROCESSING,Apple Services US,2026-07-21 08:56:59,2026-07-21 10:21:58
11122,5913,303,MERCHANT_SETTLEMENT,148755.48,USD,COMPLETED,Microsoft Azure Cloud,2026-08-07 11:13:01,2026-08-07 12:23:11
11123,5287,267,WIRE_TRANSFER,73454.37,USD,COMPLETED,Amazon AWS Services,2026-08-12 00:13:27,2026-08-12 01:49:10
11124,5314,135,MERCHANT_SETTLEMENT,149423.19,USD,COMPLETED,Amazon AWS Services,2026-08-15 07:31:33,2026-08-15 09:14:01
11125,5778,337,MERCHANT_SETTLEMENT,98920.26,USD,COMPLETED,Oracle Cloud Infra,2026-07-22 20:52:37,2026-07-22 21:10:32
11126,5893,475,FX_CONVERSION,1626.91,USD,PROCESSING,Amazon AWS Services,2026-08-18 05:08:14,2026-08-18 06:00:17
11127,5205,464,MERCHANT_SETTLEMENT,57018.35,USD,COMPLETED,Microsoft Azure Cloud,2026-08-25 05:54:53,2026-08-25 06:40:47
11128,5376,412,FX_CONVERSION,128047.73,USD,FAILED,Fedwire Interbank Net,2026-08-28 08:36:14,2026-08-28 10:12:53
11129,5351,68,ACH_DEBIT,107874.73,USD,PROCESSING,Target Retail Network,2026-09-05 06:49:41,2026-09-05 07:28:13
11130,5274,43,MERCHANT_SETTLEMENT,137818.49,USD,COMPLETED,Walmart Global Vendor,2026-09-07 05:20:25,2026-09-07 05:35:59
11131,5024,416,ACH_CREDIT,120938.94,USD,COMPLETED,Target Retail Network,2026-07-27 01:10:10,2026-07-27 01:34:25
11132,5383,34,ACH_CREDIT,85797.24,USD,COMPLETED,Stripe Clearing Inc,2026-07-27 03:29:32,2026-07-27 03:30:56
11133,5741,7,INTERNAL_BOOK_TRANSFER,121052.86,USD,FAILED,Visa Direct Global,2026-07-26 15:46:28,2026-07-26 16:07:52
11134,5597,321,CARD_AUTH,145367.25,USD,ON_HOLD,Walmart Global Vendor,2026-07-30 02:22:44,2026-07-30 03:46:27
11135,5125,29,INTERNAL_BOOK_TRANSFER,20829.2,USD,ON_HOLD,Stripe Clearing Inc,2026-08-06 20:11:29,2026-08-06 20:24:05
11136,5736,488,WIRE_TRANSFER,601.57,USD,FAILED,Target Retail Network,2026-08-09 05:37:00,2026-08-09 05:43:54
11137,5735,41,MERCHANT_SETTLEMENT,48078.07,USD,PROCESSING,Target Retail Network,2026-09-04 01:02:02,2026-09-04 02:53:44
11138,5203,363,MERCHANT_SETTLEMENT,90828.73,USD,COMPLETED,Apple Services US,2026-08-16 19:00:26,2026-08-16 20:40:23
11139,5693,304,CARD_AUTH,129138.39,USD,PENDING,JPMorgan Settlement Corp,2026-09-07 02:31:41,2026-09-07 02:32:37
11140,5082,91,ACH_CREDIT,39508.03,USD,PROCESSING,Visa Direct Global,2026-08-07 04:58:40,2026-08-07 06:34:19
11141,5127,360,CARD_AUTH,11390.53,USD,COMPLETED,Walmart Global Vendor,2026-08-10 22:23:11,2026-08-10 22:45:26
11142,5405,326,CARD_AUTH,88856.63,USD,PROCESSING,Fedwire Interbank Net,2026-09-07 00:21:40,2026-09-07 01:49:12
11143,5293,112,MERCHANT_SETTLEMENT,37661.57,USD,COMPLETED,Target Retail Network,2026-09-09 08:02:38,2026-09-09 08:03:40
11144,5671,456,INTERNAL_BOOK_TRANSFER,37769.31,USD,FAILED,JPMorgan Settlement Corp,2026-07-26 02:25:26,2026-07-26 02:33:55
11145,5065,253,ACH_DEBIT,135406.5,USD,COMPLETED,Visa Direct Global,2026-08-30 13:57:51,2026-08-30 14:08:50
11146,5691,392,INTERNAL_BOOK_TRANSFER,66903.93,USD,ON_HOLD,Stripe Clearing Inc,2026-08-19 17:41:31,2026-08-19 19:01:54
11147,5790,470,ACH_DEBIT,104719.1,USD,PROCESSING,Stripe Clearing Inc,2026-09-13 02:06:20,2026-09-13 02:42:14
11148,5745,430,ACH_DEBIT,67632.05,USD,ON_HOLD,Apple Services US,2026-08-24 18:57:59,2026-08-24 20:06:17
11149,5308,391,MERCHANT_SETTLEMENT,47038.71,USD,ON_HOLD,Target Retail Network,2026-08-10 23:18:34,2026-08-11 00:38:49
11150,5175,22,INTERNAL_BOOK_TRANSFER,52950.75,USD,PENDING,Apple Services US,2026-08-20 07:36:09,2026-08-20 09:24:56
11151,5867,484,MERCHANT_SETTLEMENT,69557.26,USD,PENDING,Apple Services US,2026-08-03 15:33:08,2026-08-03 15:52:36
11152,5756,385,MERCHANT_SETTLEMENT,62954.37,USD,COMPLETED,JPMorgan Settlement Corp,2026-08-19 13:47:24,2026-08-19 14:39:33
11153,5892,324,ACH_CREDIT,59928.05,USD,COMPLETED,Fedwire Interbank Net,2026-08-05 14:22:38,2026-08-05 14:43:20
11154,5608,485,ACH_CREDIT,32569.03,USD,COMPLETED,Fedwire Interbank Net,2026-09-03 16:16:55,2026-09-03 16:37:27
11155,5278,173,ACH_CREDIT,3277.05,USD,PENDING,JPMorgan Settlement Corp,2026-08-18 07:01:43,2026-08-18 08:55:05
11156,5979,438,FX_CONVERSION,41668.86,USD,COMPLETED,Apple Services US,2026-09-16 17:46:32,2026-09-16 19:25:25
11157,5512,222,MERCHANT_SETTLEMENT,142100.98,USD,COMPLETED,Apple Services US,2026-07-25 15:01:21,2026-07-25 15:49:40
11158,5985,55,WIRE_TRANSFER,142943.75,USD,ON_HOLD,Apple Services US,2026-09-16 20:05:19,2026-09-16 20:44:54
11159,5145,121,FX_CONVERSION,141502.14,USD,FAILED,Target Retail Network,2026-08-29 05:55:33,2026-08-29 07:02:36
11160,5014,490,ACH_DEBIT,94735.69,USD,COMPLETED,Microsoft Azure Cloud,2026-08-30 11:24:26,2026-08-30 12:48:01
11161,5125,307,ACH_CREDIT,79457.5,USD,COMPLETED,Walmart Global Vendor,2026-08-01 06:20:36,2026-08-01 07:11:08
11162,5579,497,MERCHANT_SETTLEMENT,9492.64,USD,PENDING,Walmart Global Vendor,2026-08-29 07:27:09,2026-08-29 08:00:50
11163,5215,484,ACH_DEBIT,103250.22,USD,FAILED,Walmart Global Vendor,2026-09-04 01:22:06,2026-09-04 03:09:36
11164,5288,285,ACH_DEBIT,86593.75,USD,COMPLETED,Target Retail Network,2026-08-01 04:00:42,2026-08-01 04:44:43
11165,5801,324,FX_CONVERSION,145671.09,USD,COMPLETED,Visa Direct Global,2026-09-16 23:44:44,2026-09-17 00:17:10
11166,5833,420,ACH_CREDIT,73301.23,USD,PENDING,Amazon AWS Services,2026-08-19 06:11:08,2026-08-19 07:20:58
11167,5902,49,MERCHANT_SETTLEMENT,112535.22,USD,PROCESSING,Walmart Global Vendor,2026-07-27 17:13:53,2026-07-27 18:26:13
11168,5503,237,FX_CONVERSION,135067.12,USD,ON_HOLD,Microsoft Azure Cloud,2026-07-26 07:43:06,2026-07-26 08:44:33
11169,5399,399,ACH_CREDIT,118697.56,USD,COMPLETED,JPMorgan Settlement Corp,2026-08-24 03:26:43,2026-08-24 05:22:32
11170,5797,31,MERCHANT_SETTLEMENT,37007.05,USD,ON_HOLD,Amazon AWS Services,2026-08-20 14:14:08,2026-08-20 15:02:50
11171,5845,318,MERCHANT_SETTLEMENT,84292.86,USD,FAILED,Microsoft Azure Cloud,2026-08-19 21:30:28,2026-08-19 22:36:43
11172,5322,310,FX_CONVERSION,30029.15,USD,FAILED,Target Retail Network,2026-09-15 20:14:59,2026-09-15 21:37:40
11173,5124,152,INTERNAL_BOOK_TRANSFER,9108.4,USD,COMPLETED,Oracle Cloud Infra,2026-09-06 18:28:37,2026-09-06 19:07:15
11174,5255,405,MERCHANT_SETTLEMENT,63463.41,USD,FAILED,Amazon AWS Services,2026-08-17 18:34:25,2026-08-17 19:10:08
11175,5210,74,ACH_DEBIT,3817.41,USD,ON_HOLD,Fedwire Interbank Net,2026-07-27 11:10:39,2026-07-27 12:01:03
11176,5477,398,ACH_CREDIT,67016.87,USD,PENDING,Oracle Cloud Infra,2026-08-04 01:33:25,2026-08-04 02:54:34
11177,5455,389,ACH_DEBIT,16184.48,USD,COMPLETED,Apple Services US,2026-08-15 14:46:46,2026-08-15 15:13:51
11178,5724,311,MERCHANT_SETTLEMENT,42732.66,USD,PROCESSING,JPMorgan Settlement Corp,2026-08-20 03:57:28,2026-08-20 03:59:51
11179,5127,27,CARD_AUTH,48997.88,USD,PENDING,Walmart Global Vendor,2026-08-02 14:04:44,2026-08-02 14:47:51
11180,5852,369,MERCHANT_SETTLEMENT,82530.54,USD,ON_HOLD,Fedwire Interbank Net,2026-08-20 06:28:32,2026-08-20 07:22:37
11181,5183,168,FX_CONVERSION,125415.18,USD,COMPLETED,Microsoft Azure Cloud,2026-08-20 06:46:42,2026-08-20 08:04:00
11182,5775,292,WIRE_TRANSFER,132491.92,USD,COMPLETED,JPMorgan Settlement Corp,2026-09-06 01:06:40,2026-09-06 01:15:28
11183,5950,35,ACH_CREDIT,22757.12,USD,PROCESSING,JPMorgan Settlement Corp,2026-08-11 15:23:31,2026-08-11 15:36:08
11184,5773,185,ACH_DEBIT,50740.58,USD,PENDING,Walmart Global Vendor,2026-07-26 13:53:45,2026-07-26 15:01:04
11185,5411,280,WIRE_TRANSFER,78714.02,USD,ON_HOLD,Fedwire Interbank Net,2026-08-03 20:54:35,2026-08-03 22:09:30
11186,5843,46,CARD_AUTH,31108.4,USD,COMPLETED,Stripe Clearing Inc,2026-08-14 03:22:23,2026-08-14 03:53:30
11187,5246,29,INTERNAL_BOOK_TRANSFER,102536.36,USD,COMPLETED,Amazon AWS Services,2026-08-10 17:16:12,2026-08-10 18:21:38
11188,5044,22,ACH_CREDIT,113785.32,USD,COMPLETED,JPMorgan Settlement Corp,2026-09-06 10:12:56,2026-09-06 10:56:38
11189,5331,199,CARD_AUTH,95158.91,USD,PENDING,Amazon AWS Services,2026-09-07 08:43:56,2026-09-07 10:28:32
11190,5297,253,WIRE_TRANSFER,100454.74,USD,ON_HOLD,Fedwire Interbank Net,2026-09-11 05:26:10,2026-09-11 05:35:31
11191,5042,103,FX_CONVERSION,5425.42,USD,COMPLETED,Visa Direct Global,2026-09-05 12:58:02,2026-09-05 12:59:05
11192,5358,360,WIRE_TRANSFER,87248.15,USD,COMPLETED,Oracle Cloud Infra,2026-08-04 18:20:09,2026-08-04 19:14:27
11193,5218,78,FX_CONVERSION,1127.8,USD,ON_HOLD,Visa Direct Global,2026-08-16 03:31:13,2026-08-16 04:07:34
11194,5570,192,FX_CONVERSION,58278.56,USD,FAILED,Target Retail Network,2026-09-16 19:37:28,2026-09-16 20:12:32
11195,5343,101,ACH_DEBIT,134691.82,USD,PENDING,Stripe Clearing Inc,2026-08-16 12:45:30,2026-08-16 13:47:14
11196,5030,229,FX_CONVERSION,145161.04,USD,ON_HOLD,Oracle Cloud Infra,2026-08-28 05:05:56,2026-08-28 05:33:57
11197,5190,58,WIRE_TRANSFER,58133.43,USD,COMPLETED,Target Retail Network,2026-08-08 06:08:13,2026-08-08 07:52:01
11198,5584,377,INTERNAL_BOOK_TRANSFER,44809.35,USD,ON_HOLD,Target Retail Network,2026-09-15 10:09:45,2026-09-15 12:01:29
11199,5311,185,MERCHANT_SETTLEMENT,8179.25,USD,ON_HOLD,Target Retail Network,2026-09-12 20:37:08,2026-09-12 22:32:23
11200,5259,112,FX_CONVERSION,3596.77,USD,COMPLETED,Target Retail Network,2026-08-06 09:20:34,2026-08-06 11:18:07
11201,5342,106,MERCHANT_SETTLEMENT,142020.62,USD,PENDING,Walmart Global Vendor,2026-09-02 06:43:07,2026-09-02 07:36:33
11202,5617,386,ACH_CREDIT,138124.86,USD,PENDING,Oracle Cloud Infra,2026-09-15 18:16:36,2026-09-15 18:55:38
11203,5815,342,CARD_AUTH,140675.36,USD,COMPLETED,Visa Direct Global,2026-07-30 05:42:30,2026-07-30 05:42:37
11204,5874,16,FX_CONVERSION,7528.43,USD,COMPLETED,Microsoft Azure Cloud,2026-07-19 19:47:34,2026-07-19 20:29:04
11205,5456,196,INTERNAL_BOOK_TRANSFER,85227.65,USD,COMPLETED,Stripe Clearing Inc,2026-07-25 00:31:22,2026-07-25 01:21:42
11206,5221,331,ACH_CREDIT,145641.77,USD,ON_HOLD,Walmart Global Vendor,2026-07-27 05:05:43,2026-07-27 05:44:01
11207,5428,335,WIRE_TRANSFER,44638.4,USD,COMPLETED,Stripe Clearing Inc,2026-08-18 03:35:55,2026-08-18 03:55:21
11208,5270,234,CARD_AUTH,137187.09,USD,COMPLETED,Amazon AWS Services,2026-09-04 02:06:27,2026-09-04 02:30:22
11209,5015,58,WIRE_TRANSFER,108728.37,USD,PENDING,Visa Direct Global,2026-09-11 22:42:41,2026-09-11 23:20:03
11210,5277,12,INTERNAL_BOOK_TRANSFER,84495.74,USD,COMPLETED,JPMorgan Settlement Corp,2026-08-09 17:51:55,2026-08-09 18:00:53
11211,5408,348,MERCHANT_SETTLEMENT,4509.45,USD,PENDING,Fedwire Interbank Net,2026-09-03 00:56:03,2026-09-03 01:52:26
11212,5180,499,WIRE_TRANSFER,86524.9,USD,COMPLETED,Stripe Clearing Inc,2026-08-16 02:08:08,2026-08-16 03:45:08
11213,5289,369,MERCHANT_SETTLEMENT,30425.13,USD,COMPLETED,Amazon AWS Services,2026-08-15 05:29:21,2026-08-15 07:28:29
11214,5193,121,INTERNAL_BOOK_TRANSFER,67212.45,USD,COMPLETED,Amazon AWS Services,2026-09-12 12:08:59,2026-09-12 14:03:07
11215,5878,223,FX_CONVERSION,142823.18,USD,PENDING,Target Retail Network,2026-07-24 09:58:30,2026-07-24 10:37:42
11216,5373,46,FX_CONVERSION,55110.71,USD,FAILED,Apple Services US,2026-09-10 16:45:33,2026-09-10 17:08:00
11217,5383,338,ACH_DEBIT,108936.77,USD,PROCESSING,JPMorgan Settlement Corp,2026-08-19 23:04:55,2026-08-20 00:45:22
11218,5655,178,MERCHANT_SETTLEMENT,26115.47,USD,PENDING,Walmart Global Vendor,2026-09-03 05:05:16,2026-09-03 05:52:47
11219,5786,150,ACH_CREDIT,122138.86,USD,FAILED,Apple Services US,2026-09-10 11:20:53,2026-09-10 12:16:38
11220,5369,493,MERCHANT_SETTLEMENT,12990.13,USD,COMPLETED,JPMorgan Settlement Corp,2026-08-21 03:15:37,2026-08-21 04:04:40
11221,5661,239,MERCHANT_SETTLEMENT,113061.78,USD,FAILED,JPMorgan Settlement Corp,2026-07-23 23:23:56,2026-07-24 00:10:54
11222,5519,471,CARD_AUTH,147407.55,USD,COMPLETED,Visa Direct Global,2026-08-21 23:52:21,2026-08-22 01:06:11
11223,5648,426,INTERNAL_BOOK_TRANSFER,23935.63,USD,FAILED,Visa Direct Global,2026-08-02 08:52:44,2026-08-02 10:44:15
11224,5812,106,CARD_AUTH,103990.04,USD,COMPLETED,Fedwire Interbank Net,2026-07-30 16:28:12,2026-07-30 17:36:44
11225,5558,22,FX_CONVERSION,15595.15,USD,COMPLETED,Microsoft Azure Cloud,2026-09-11 06:24:32,2026-09-11 07:55:21
11226,5965,85,INTERNAL_BOOK_TRANSFER,34037.07,USD,ON_HOLD,Walmart Global Vendor,2026-09-05 07:38:34,2026-09-05 07:54:36
11227,5334,375,CARD_AUTH,119542.13,USD,PROCESSING,Fedwire Interbank Net,2026-09-08 14:43:52,2026-09-08 16:13:38
11228,5840,202,ACH_CREDIT,86563.7,USD,ON_HOLD,Fedwire Interbank Net,2026-07-30 03:45:46,2026-07-30 04:16:40
11229,5656,330,MERCHANT_SETTLEMENT,23376.71,USD,ON_HOLD,Target Retail Network,2026-07-19 21:09:35,2026-07-19 22:58:01
11230,5993,259,CARD_AUTH,16192.88,USD,COMPLETED,Stripe Clearing Inc,2026-08-18 14:05:52,2026-08-18 14:38:58
11231,5774,208,ACH_DEBIT,123789.25,USD,PROCESSING,Stripe Clearing Inc,2026-08-07 08:50:54,2026-08-07 08:54:11
11232,5017,16,ACH_DEBIT,18183.74,USD,COMPLETED,Stripe Clearing Inc,2026-07-26 07:56:35,2026-07-26 08:31:16
11233,5464,487,WIRE_TRANSFER,63302.37,USD,COMPLETED,Fedwire Interbank Net,2026-07-20 20:23:49,2026-07-20 21:59:10
11234,5612,154,ACH_DEBIT,58177.71,USD,COMPLETED,Microsoft Azure Cloud,2026-08-30 10:18:13,2026-08-30 11:42:50
11235,5604,471,MERCHANT_SETTLEMENT,95292.24,USD,PROCESSING,Amazon AWS Services,2026-09-05 12:39:38,2026-09-05 12:44:01
11236,5512,164,ACH_DEBIT,4680.76,USD,ON_HOLD,Apple Services US,2026-08-26 01:59:07,2026-08-26 03:41:59
11237,5552,395,WIRE_TRANSFER,63419.97,USD,PROCESSING,Visa Direct Global,2026-08-22 21:47:17,2026-08-22 23:20:52
11238,5503,14,MERCHANT_SETTLEMENT,5825.25,USD,PENDING,Stripe Clearing Inc,2026-09-03 22:18:08,2026-09-03 22:52:38
11239,5557,48,WIRE_TRANSFER,36827.67,USD,FAILED,Stripe Clearing Inc,2026-09-01 23:15:59,2026-09-02 00:07:55
11240,5768,173,ACH_CREDIT,90551.42,USD,PENDING,Amazon AWS Services,2026-08-20 04:07:05,2026-08-20 04:49:27
11241,5566,398,INTERNAL_BOOK_TRANSFER,128200.04,USD,COMPLETED,Visa Direct Global,2026-08-28 16:33:16,2026-08-28 16:46:18
11242,5011,351,ACH_CREDIT,89024.73,USD,ON_HOLD,Amazon AWS Services,2026-09-06 23:31:21,2026-09-07 00:32:06
11243,5071,258,ACH_CREDIT,69490.69,USD,ON_HOLD,Visa Direct Global,2026-08-26 12:17:28,2026-08-26 14:06:57
11244,5948,275,INTERNAL_BOOK_TRANSFER,108656.67,USD,COMPLETED,Visa Direct Global,2026-07-31 05:57:30,2026-07-31 07:32:54
11245,5530,252,ACH_CREDIT,135341.75,USD,COMPLETED,JPMorgan Settlement Corp,2026-07-23 16:32:59,2026-07-23 17:12:42
11246,5616,170,MERCHANT_SETTLEMENT,16473.89,USD,COMPLETED,Stripe Clearing Inc,2026-08-08 03:45:40,2026-08-08 04:51:34
11247,5498,128,WIRE_TRANSFER,58111.18,USD,ON_HOLD,JPMorgan Settlement Corp,2026-08-25 09:35:28,2026-08-25 09:41:32
11248,5310,94,ACH_CREDIT,51027.39,USD,ON_HOLD,Visa Direct Global,2026-09-05 17:21:43,2026-09-05 17:53:01
11249,5731,228,CARD_AUTH,105124.63,USD,COMPLETED,Stripe Clearing Inc,2026-08-04 18:55:41,2026-08-04 19:14:46
11250,5136,380,FX_CONVERSION,84426.76,USD,PENDING,Apple Services US,2026-08-24 10:11:13,2026-08-24 11:59:45
11251,5716,221,WIRE_TRANSFER,106268.76,USD,ON_HOLD,Walmart Global Vendor,2026-09-10 14:10:54,2026-09-10 14:25:30
11252,5429,243,WIRE_TRANSFER,41853.72,USD,PROCESSING,Fedwire Interbank Net,2026-07-26 07:44:56,2026-07-26 07:53:54
11253,5090,135,INTERNAL_BOOK_TRANSFER,53662.77,USD,PENDING,Oracle Cloud Infra,2026-08-12 10:32:32,2026-08-12 12:32:09
11254,5141,62,WIRE_TRANSFER,24320.67,USD,PROCESSING,JPMorgan Settlement Corp,2026-08-07 21:41:19,2026-08-07 22:42:18
11255,5676,280,ACH_DEBIT,83616.56,USD,PENDING,Stripe Clearing Inc,2026-08-06 20:02:27,2026-08-06 21:22:00
11256,5424,60,FX_CONVERSION,5987.85,USD,COMPLETED,JPMorgan Settlement Corp,2026-08-17 23:37:15,2026-08-17 23:55:31
11257,5765,360,MERCHANT_SETTLEMENT,1704.26,USD,COMPLETED,Oracle Cloud Infra,2026-07-21 00:07:05,2026-07-21 00:22:33
11258,5538,341,ACH_DEBIT,87846.5,USD,COMPLETED,Microsoft Azure Cloud,2026-08-02 03:08:52,2026-08-02 03:52:34
11259,5943,125,CARD_AUTH,72071.63,USD,COMPLETED,Target Retail Network,2026-09-03 22:02:26,2026-09-03 23:07:49
11260,5491,110,WIRE_TRANSFER,25883.8,USD,PROCESSING,Oracle Cloud Infra,2026-07-26 17:01:22,2026-07-26 17:21:23
11261,5684,66,CARD_AUTH,76492.68,USD,FAILED,Stripe Clearing Inc,2026-09-04 04:51:55,2026-09-04 06:02:05
11262,5075,290,ACH_CREDIT,37079.37,USD,FAILED,Fedwire Interbank Net,2026-08-23 22:38:43,2026-08-23 23:09:34
11263,5848,135,MERCHANT_SETTLEMENT,8974.93,USD,PENDING,Amazon AWS Services,2026-08-19 22:33:39,2026-08-20 00:20:18
11264,5405,15,ACH_CREDIT,100756.77,USD,COMPLETED,Fedwire Interbank Net,2026-09-01 11:56:48,2026-09-01 13:19:40
11265,5857,444,ACH_CREDIT,112297.69,USD,COMPLETED,Apple Services US,2026-09-17 12:34:54,2026-09-17 14:22:54
11266,5522,456,MERCHANT_SETTLEMENT,96915.17,USD,FAILED,JPMorgan Settlement Corp,2026-08-12 06:08:06,2026-08-12 07:29:57
11267,5534,148,MERCHANT_SETTLEMENT,115970.66,USD,PENDING,Visa Direct Global,2026-07-22 19:48:20,2026-07-22 20:45:23
11268,5068,288,WIRE_TRANSFER,105678.69,USD,FAILED,JPMorgan Settlement Corp,2026-07-23 16:51:27,2026-07-23 17:41:59
11269,5285,202,ACH_DEBIT,69689.72,USD,FAILED,Walmart Global Vendor,2026-08-18 06:58:11,2026-08-18 08:52:27
11270,5549,310,ACH_DEBIT,137901.08,USD,FAILED,Apple Services US,2026-09-07 11:30:44,2026-09-07 12:37:24
11271,5396,388,CARD_AUTH,125930.25,USD,PROCESSING,Oracle Cloud Infra,2026-09-16 14:00:00,2026-09-16 15:21:54
11272,5677,403,FX_CONVERSION,20612.1,USD,COMPLETED,Stripe Clearing Inc,2026-09-05 08:47:51,2026-09-05 09:34:41
11273,5546,265,FX_CONVERSION,94714.28,USD,COMPLETED,Microsoft Azure Cloud,2026-08-15 03:49:54,2026-08-15 05:49:24
11274,5296,305,FX_CONVERSION,34196.02,USD,COMPLETED,Target Retail Network,2026-09-12 18:40:52,2026-09-12 19:07:03
11275,5357,498,ACH_DEBIT,28797.59,USD,COMPLETED,Oracle Cloud Infra,2026-08-28 18:43:36,2026-08-28 19:21:42
11276,5271,307,MERCHANT_SETTLEMENT,100461.12,USD,COMPLETED,Visa Direct Global,2026-08-02 08:18:40,2026-08-02 10:08:16
11277,5789,353,ACH_DEBIT,28515.56,USD,ON_HOLD,Walmart Global Vendor,2026-09-10 12:31:49,2026-09-10 13:47:23
11278,5329,105,CARD_AUTH,69417.27,USD,PROCESSING,JPMorgan Settlement Corp,2026-07-31 04:53:30,2026-07-31 06:32:30
11279,5741,449,ACH_DEBIT,95798.52,USD,COMPLETED,Visa Direct Global,2026-08-21 13:54:17,2026-08-21 14:19:21
11280,5909,332,CARD_AUTH,74556.18,USD,COMPLETED,Fedwire Interbank Net,2026-09-04 20:22:21,2026-09-04 22:00:20
11281,5278,478,FX_CONVERSION,68875.68,USD,COMPLETED,JPMorgan Settlement Corp,2026-08-13 13:19:29,2026-08-13 14:42:18
11282,5074,130,WIRE_TRANSFER,144977.91,USD,FAILED,Oracle Cloud Infra,2026-08-26 23:42:57,2026-08-26 23:43:28
11283,5069,97,CARD_AUTH,140119.98,USD,PENDING,Apple Services US,2026-09-11 06:51:53,2026-09-11 08:11:38
11284,5841,142,FX_CONVERSION,85129.08,USD,COMPLETED,Microsoft Azure Cloud,2026-07-24 18:35:35,2026-07-24 19:34:03
11285,5644,251,FX_CONVERSION,16234.62,USD,PENDING,Fedwire Interbank Net,2026-08-19 05:26:40,2026-08-19 05:43:03
11286,5144,93,WIRE_TRANSFER,54216.53,USD,FAILED,Amazon AWS Services,2026-07-23 19:23:18,2026-07-23 21:19:03
11287,5072,143,WIRE_TRANSFER,82285.12,USD,COMPLETED,JPMorgan Settlement Corp,2026-07-29 03:12:43,2026-07-29 04:54:14
11288,5704,217,ACH_CREDIT,6015.09,USD,ON_HOLD,Visa Direct Global,2026-07-25 15:18:03,2026-07-25 15:19:28
11289,5115,173,FX_CONVERSION,107942.94,USD,COMPLETED,Fedwire Interbank Net,2026-08-12 04:35:47,2026-08-12 05:07:20
11290,5226,317,FX_CONVERSION,85603.51,USD,COMPLETED,Oracle Cloud Infra,2026-08-23 03:36:19,2026-08-23 05:31:11
11291,5243,78,WIRE_TRANSFER,83067.92,USD,COMPLETED,Target Retail Network,2026-08-05 12:11:32,2026-08-05 14:01:37
11292,5990,423,MERCHANT_SETTLEMENT,30491.5,USD,PROCESSING,Amazon AWS Services,2026-08-04 09:31:12,2026-08-04 09:43:43
11293,5585,380,FX_CONVERSION,146801.42,USD,COMPLETED,Apple Services US,2026-07-31 22:01:27,2026-07-31 22:14:35
11294,5253,433,MERCHANT_SETTLEMENT,33165.89,USD,PENDING,Visa Direct Global,2026-08-04 21:44:45,2026-08-04 22:08:31
11295,5940,113,ACH_DEBIT,16130.8,USD,COMPLETED,Microsoft Azure Cloud,2026-08-31 01:50:40,2026-08-31 03:09:53
11296,5882,308,CARD_AUTH,58021.13,USD,COMPLETED,Target Retail Network,2026-07-29 13:38:31,2026-07-29 15:34:16
11297,5084,210,INTERNAL_BOOK_TRANSFER,66634.13,USD,COMPLETED,Fedwire Interbank Net,2026-09-17 12:56:52,2026-09-17 14:39:26
11298,5390,12,FX_CONVERSION,114764.37,USD,COMPLETED,Apple Services US,2026-08-31 05:14:23,2026-08-31 07:02:16
11299,5897,269,ACH_DEBIT,48329.29,USD,PENDING,Oracle Cloud Infra,2026-09-17 14:18:39,2026-09-17 15:11:41
11300,5859,227,FX_CONVERSION,30840.7,USD,COMPLETED,Stripe Clearing Inc,2026-09-16 04:05:38,2026-09-16 05:59:59
11301,5716,350,MERCHANT_SETTLEMENT,25278.45,USD,PENDING,Target Retail Network,2026-08-09 23:34:50,2026-08-10 00:17:49
11302,5362,208,ACH_DEBIT,37334.01,USD,COMPLETED,Target Retail Network,2026-08-25 15:56:22,2026-08-25 17:18:25
11303,5899,241,WIRE_TRANSFER,102981.82,USD,PROCESSING,Target Retail Network,2026-07-26 02:31:15,2026-07-26 03:33:04
11304,5731,410,WIRE_TRANSFER,58346.07,USD,COMPLETED,Walmart Global Vendor,2026-08-25 19:29:50,2026-08-25 19:32:42
11305,5503,224,INTERNAL_BOOK_TRANSFER,66813.28,USD,PENDING,Stripe Clearing Inc,2026-08-31 06:53:56,2026-08-31 07:28:49
11306,5357,118,ACH_DEBIT,55005.36,USD,COMPLETED,Apple Services US,2026-08-04 04:09:58,2026-08-04 04:33:03
11307,5225,438,FX_CONVERSION,96760.39,USD,PROCESSING,Oracle Cloud Infra,2026-08-07 19:48:48,2026-08-07 21:44:22
11308,5038,196,ACH_DEBIT,7221.06,USD,COMPLETED,Stripe Clearing Inc,2026-08-04 05:41:37,2026-08-04 05:54:18
11309,5631,357,FX_CONVERSION,7533.98,USD,COMPLETED,Oracle Cloud Infra,2026-08-13 14:18:09,2026-08-13 15:20:05
11310,5153,151,ACH_CREDIT,128778.65,USD,COMPLETED,JPMorgan Settlement Corp,2026-08-11 01:35:10,2026-08-11 02:31:09
11311,5320,86,FX_CONVERSION,10040.63,USD,FAILED,Stripe Clearing Inc,2026-07-24 21:16:51,2026-07-24 22:35:06
11312,5671,401,CARD_AUTH,130777.45,USD,FAILED,JPMorgan Settlement Corp,2026-08-16 19:25:32,2026-08-16 20:40:25
11313,5482,483,MERCHANT_SETTLEMENT,134240.98,USD,COMPLETED,Amazon AWS Services,2026-08-07 19:03:03,2026-08-07 20:25:24
11314,5730,40,WIRE_TRANSFER,115931.24,USD,COMPLETED,JPMorgan Settlement Corp,2026-09-09 15:58:20,2026-09-09 16:15:21
11315,5798,237,FX_CONVERSION,114135.14,USD,ON_HOLD,JPMorgan Settlement Corp,2026-08-03 15:37:51,2026-08-03 16:50:47
11316,5955,96,ACH_CREDIT,118041.69,USD,COMPLETED,JPMorgan Settlement Corp,2026-08-15 06:21:47,2026-08-15 07:31:56
11317,5833,11,FX_CONVERSION,75689.1,USD,COMPLETED,Fedwire Interbank Net,2026-08-01 22:13:30,2026-08-01 22:36:23
11318,5050,241,ACH_CREDIT,126984.48,USD,COMPLETED,Visa Direct Global,2026-08-24 11:23:15,2026-08-24 12:41:41
11319,5802,143,MERCHANT_SETTLEMENT,36887.57,USD,COMPLETED,Stripe Clearing Inc,2026-08-12 22:09:11,2026-08-12 22:31:23
11320,5656,311,CARD_AUTH,6365.45,USD,PENDING,JPMorgan Settlement Corp,2026-07-19 21:06:24,2026-07-19 21:45:41
11321,5472,271,CARD_AUTH,73506.48,USD,FAILED,Fedwire Interbank Net,2026-09-11 06:05:58,2026-09-11 07:19:58
11322,5744,207,FX_CONVERSION,70006.63,USD,ON_HOLD,Oracle Cloud Infra,2026-08-23 04:30:01,2026-08-23 06:17:28
11323,5621,296,INTERNAL_BOOK_TRANSFER,125648.3,USD,PENDING,Microsoft Azure Cloud,2026-09-08 15:32:43,2026-09-08 16:28:27
11324,5171,258,CARD_AUTH,74971.76,USD,FAILED,Amazon AWS Services,2026-08-08 21:51:59,2026-08-08 22:02:05
11325,5615,189,CARD_AUTH,44784.22,USD,PROCESSING,Fedwire Interbank Net,2026-08-25 23:13:43,2026-08-26 00:05:07
11326,5307,192,WIRE_TRANSFER,47199.26,USD,COMPLETED,Amazon AWS Services,2026-08-09 18:05:10,2026-08-09 19:04:42
11327,5794,327,CARD_AUTH,22097.27,USD,FAILED,Visa Direct Global,2026-08-02 09:38:00,2026-08-02 11:06:42
11328,5813,155,MERCHANT_SETTLEMENT,36693.03,USD,COMPLETED,Target Retail Network,2026-08-31 10:46:32,2026-08-31 11:21:08
11329,5499,205,MERCHANT_SETTLEMENT,106940.86,USD,COMPLETED,Target Retail Network,2026-09-02 19:20:11,2026-09-02 19:38:04
11330,5426,492,WIRE_TRANSFER,36824.14,USD,COMPLETED,Stripe Clearing Inc,2026-08-17 12:08:41,2026-08-17 12:59:50
11331,5055,180,MERCHANT_SETTLEMENT,136411.12,USD,ON_HOLD,Fedwire Interbank Net,2026-07-27 09:48:42,2026-07-27 11:10:27
11332,5302,182,CARD_AUTH,76896.66,USD,PENDING,Amazon AWS Services,2026-09-04 08:59:24,2026-09-04 09:08:44
11333,5361,170,ACH_CREDIT,46568.85,USD,PROCESSING,JPMorgan Settlement Corp,2026-07-20 21:32:00,2026-07-20 21:45:54
11334,5150,382,INTERNAL_BOOK_TRANSFER,84249.7,USD,COMPLETED,Amazon AWS Services,2026-09-07 07:00:27,2026-09-07 07:30:23
11335,5646,267,ACH_DEBIT,3645.86,USD,PENDING,Walmart Global Vendor,2026-09-17 07:59:31,2026-09-17 09:02:26
11336,5356,319,ACH_DEBIT,42757.31,USD,COMPLETED,Oracle Cloud Infra,2026-09-14 16:22:01,2026-09-14 16:38:56
11337,5905,225,CARD_AUTH,73140.59,USD,FAILED,Oracle Cloud Infra,2026-07-23 08:01:12,2026-07-23 09:32:15
11338,5799,281,INTERNAL_BOOK_TRANSFER,112347.0,USD,PROCESSING,Stripe Clearing Inc,2026-08-03 17:03:20,2026-08-03 18:56:01
11339,5387,170,INTERNAL_BOOK_TRANSFER,107147.96,USD,ON_HOLD,Microsoft Azure Cloud,2026-08-02 19:12:07,2026-08-02 19:31:36
11340,5781,469,ACH_CREDIT,14001.56,USD,PENDING,Microsoft Azure Cloud,2026-08-27 02:47:17,2026-08-27 03:17:26
11341,5043,23,ACH_DEBIT,1842.4,USD,COMPLETED,Target Retail Network,2026-08-29 10:39:26,2026-08-29 11:57:14
11342,5199,214,CARD_AUTH,123892.76,USD,COMPLETED,Fedwire Interbank Net,2026-09-10 22:30:13,2026-09-10 23:47:52
11343,5262,470,ACH_CREDIT,110.53,USD,COMPLETED,JPMorgan Settlement Corp,2026-07-23 11:03:40,2026-07-23 11:40:00
11344,5745,248,CARD_AUTH,9937.18,USD,PENDING,JPMorgan Settlement Corp,2026-09-05 17:40:04,2026-09-05 17:55:44
11345,5082,343,MERCHANT_SETTLEMENT,121758.27,USD,COMPLETED,Visa Direct Global,2026-08-24 22:51:53,2026-08-25 00:48:06
11346,5481,490,ACH_DEBIT,86567.3,USD,PROCESSING,Walmart Global Vendor,2026-08-20 12:38:52,2026-08-20 13:50:51
11347,5160,342,INTERNAL_BOOK_TRANSFER,125308.0,USD,PROCESSING,Oracle Cloud Infra,2026-08-15 21:48:19,2026-08-15 23:38:28
11348,5609,399,ACH_CREDIT,33949.57,USD,COMPLETED,Fedwire Interbank Net,2026-09-04 18:09:54,2026-09-04 18:47:08
11349,5337,482,FX_CONVERSION,45103.18,USD,ON_HOLD,Fedwire Interbank Net,2026-07-24 19:16:37,2026-07-24 20:37:29
11350,5308,411,CARD_AUTH,38665.27,USD,FAILED,JPMorgan Settlement Corp,2026-09-11 17:02:50,2026-09-11 17:33:26
11351,5865,402,ACH_CREDIT,132114.96,USD,COMPLETED,Apple Services US,2026-08-03 16:53:18,2026-08-03 17:06:50
11352,5715,278,FX_CONVERSION,54465.18,USD,ON_HOLD,Fedwire Interbank Net,2026-08-29 12:47:27,2026-08-29 14:04:53
11353,5340,154,WIRE_TRANSFER,36393.44,USD,PROCESSING,Apple Services US,2026-07-26 06:18:32,2026-07-26 08:04:25
11354,5322,475,WIRE_TRANSFER,65357.91,USD,FAILED,Fedwire Interbank Net,2026-08-03 18:43:26,2026-08-03 19:40:04
11355,5485,16,ACH_DEBIT,140640.69,USD,COMPLETED,Microsoft Azure Cloud,2026-08-11 16:57:01,2026-08-11 18:03:31
11356,5901,252,MERCHANT_SETTLEMENT,88273.98,USD,PENDING,Fedwire Interbank Net,2026-08-11 15:37:11,2026-08-11 16:16:22
11357,5250,313,CARD_AUTH,24755.46,USD,COMPLETED,Visa Direct Global,2026-08-20 14:04:08,2026-08-20 15:25:14
11358,5386,437,WIRE_TRANSFER,15121.91,USD,COMPLETED,Amazon AWS Services,2026-08-03 09:24:14,2026-08-03 10:38:05
11359,5439,253,WIRE_TRANSFER,140157.81,USD,FAILED,JPMorgan Settlement Corp,2026-07-24 19:26:35,2026-07-24 19:26:57
11360,5483,91,WIRE_TRANSFER,20044.59,USD,FAILED,Walmart Global Vendor,2026-08-23 12:13:29,2026-08-23 13:44:30
11361,5586,45,WIRE_TRANSFER,24804.52,USD,COMPLETED,Walmart Global Vendor,2026-07-29 12:43:15,2026-07-29 12:48:39
11362,5597,43,WIRE_TRANSFER,92164.34,USD,FAILED,Target Retail Network,2026-08-05 07:44:47,2026-08-05 08:38:13
11363,5844,252,WIRE_TRANSFER,40118.23,USD,COMPLETED,Visa Direct Global,2026-09-08 21:38:36,2026-09-08 21:48:28
11364,5852,314,ACH_DEBIT,20814.37,USD,PENDING,Visa Direct Global,2026-08-14 01:34:23,2026-08-14 01:55:57
11365,5659,398,INTERNAL_BOOK_TRANSFER,77246.09,USD,PENDING,Visa Direct Global,2026-08-10 13:14:37,2026-08-10 14:48:46
11366,5291,17,MERCHANT_SETTLEMENT,127827.23,USD,ON_HOLD,JPMorgan Settlement Corp,2026-09-03 17:08:57,2026-09-03 18:59:39
11367,5464,184,FX_CONVERSION,45977.5,USD,ON_HOLD,Fedwire Interbank Net,2026-08-29 09:42:38,2026-08-29 11:32:53
11368,5953,121,CARD_AUTH,147690.19,USD,COMPLETED,Walmart Global Vendor,2026-08-09 06:22:53,2026-08-09 06:55:49
11369,5473,77,INTERNAL_BOOK_TRANSFER,23304.4,USD,COMPLETED,Amazon AWS Services,2026-09-14 21:10:18,2026-09-14 23:09:52
11370,5121,76,WIRE_TRANSFER,149733.9,USD,COMPLETED,JPMorgan Settlement Corp,2026-07-26 22:54:12,2026-07-26 23:32:51
11371,5789,171,INTERNAL_BOOK_TRANSFER,48009.9,USD,COMPLETED,Apple Services US,2026-08-31 02:10:28,2026-08-31 03:06:30
11372,5126,477,INTERNAL_BOOK_TRANSFER,100248.86,USD,ON_HOLD,Oracle Cloud Infra,2026-09-14 21:08:34,2026-09-14 21:49:57
11373,5960,364,ACH_CREDIT,134341.11,USD,ON_HOLD,Amazon AWS Services,2026-08-24 04:26:24,2026-08-24 04:47:51
11374,5401,99,ACH_DEBIT,9932.12,USD,COMPLETED,Microsoft Azure Cloud,2026-08-26 15:30:33,2026-08-26 15:56:06
11375,5833,255,MERCHANT_SETTLEMENT,98758.13,USD,PENDING,Walmart Global Vendor,2026-09-01 11:26:35,2026-09-01 11:44:48
11376,5836,168,INTERNAL_BOOK_TRANSFER,145005.42,USD,PENDING,Walmart Global Vendor,2026-09-12 19:58:18,2026-09-12 21:56:54
11377,5717,95,WIRE_TRANSFER,130379.46,USD,COMPLETED,Microsoft Azure Cloud,2026-08-29 04:39:26,2026-08-29 04:52:14
11378,5499,449,ACH_DEBIT,22246.89,USD,COMPLETED,Target Retail Network,2026-09-07 14:38:42,2026-09-07 16:01:14
11379,5508,491,ACH_DEBIT,136098.4,USD,ON_HOLD,JPMorgan Settlement Corp,2026-08-29 09:28:44,2026-08-29 09:34:03
11380,5790,5,INTERNAL_BOOK_TRANSFER,54125.43,USD,COMPLETED,Visa Direct Global,2026-08-25 00:58:46,2026-08-25 01:44:53
11381,5003,54,MERCHANT_SETTLEMENT,115741.03,USD,PROCESSING,Target Retail Network,2026-08-09 07:34:49,2026-08-09 07:55:04
11382,5341,349,INTERNAL_BOOK_TRANSFER,128669.74,USD,ON_HOLD,Oracle Cloud Infra,2026-08-15 08:56:46,2026-08-15 10:09:19
11383,5401,456,FX_CONVERSION,149044.82,USD,PROCESSING,Visa Direct Global,2026-08-07 22:01:27,2026-08-07 23:00:55
11384,5789,487,INTERNAL_BOOK_TRANSFER,120047.01,USD,PENDING,Visa Direct Global,2026-09-10 22:39:36,2026-09-10 23:19:18
11385,5552,387,MERCHANT_SETTLEMENT,6701.41,USD,COMPLETED,Amazon AWS Services,2026-08-28 08:55:59,2026-08-28 10:16:31
11386,5643,495,CARD_AUTH,9443.67,USD,FAILED,Fedwire Interbank Net,2026-09-02 19:54:16,2026-09-02 21:17:27
11387,5586,119,ACH_DEBIT,125224.54,USD,COMPLETED,Apple Services US,2026-08-14 12:34:03,2026-08-14 13:15:07
11388,5913,334,CARD_AUTH,5831.08,USD,COMPLETED,Visa Direct Global,2026-08-13 11:57:51,2026-08-13 12:51:50
11389,5272,3,FX_CONVERSION,34402.78,USD,COMPLETED,Apple Services US,2026-08-12 00:38:04,2026-08-12 01:32:21
11390,5003,221,WIRE_TRANSFER,143796.67,USD,FAILED,Microsoft Azure Cloud,2026-09-09 19:00:41,2026-09-09 20:51:57
11391,5922,280,MERCHANT_SETTLEMENT,2476.59,USD,FAILED,Microsoft Azure Cloud,2026-09-16 02:26:34,2026-09-16 03:57:12
11392,5053,255,FX_CONVERSION,32032.24,USD,ON_HOLD,Oracle Cloud Infra,2026-08-16 17:49:39,2026-08-16 19:36:11
11393,5119,438,ACH_CREDIT,138846.27,USD,PENDING,Oracle Cloud Infra,2026-08-20 17:26:05,2026-08-20 17:50:21
11394,5559,336,ACH_CREDIT,2156.84,USD,PENDING,Stripe Clearing Inc,2026-08-20 17:52:18,2026-08-20 19:20:41
11395,5252,485,MERCHANT_SETTLEMENT,3128.61,USD,COMPLETED,Microsoft Azure Cloud,2026-08-05 05:37:19,2026-08-05 07:07:09
11396,5300,344,ACH_DEBIT,62351.25,USD,PENDING,Target Retail Network,2026-08-04 17:42:09,2026-08-04 18:31:34
11397,5100,392,ACH_DEBIT,46441.47,USD,PROCESSING,Oracle Cloud Infra,2026-07-26 11:35:47,2026-07-26 11:46:16
11398,5160,448,WIRE_TRANSFER,127958.29,USD,COMPLETED,Target Retail Network,2026-07-26 05:31:14,2026-07-26 07:17:37
11399,5789,407,CARD_AUTH,141656.0,USD,COMPLETED,Stripe Clearing Inc,2026-09-01 15:21:23,2026-09-01 16:07:33
11400,5125,257,CARD_AUTH,125282.9,USD,PROCESSING,Apple Services US,2026-09-07 09:58:24,2026-09-07 10:15:09
11401,5493,343,FX_CONVERSION,41763.49,USD,COMPLETED,Walmart Global Vendor,2026-07-28 18:12:59,2026-07-28 19:01:17
11402,5181,199,CARD_AUTH,28415.7,USD,COMPLETED,Amazon AWS Services,2026-07-28 05:09:13,2026-07-28 05:17:57
11403,5167,75,ACH_DEBIT,24072.39,USD,FAILED,Oracle Cloud Infra,2026-08-07 16:13:14,2026-08-07 17:18:40
11404,5947,388,INTERNAL_BOOK_TRANSFER,52723.93,USD,COMPLETED,Fedwire Interbank Net,2026-08-30 19:20:22,2026-08-30 19:34:35
11405,5827,263,CARD_AUTH,121776.21,USD,COMPLETED,JPMorgan Settlement Corp,2026-08-07 06:50:15,2026-08-07 08:15:07
11406,5653,248,CARD_AUTH,87963.72,USD,ON_HOLD,Stripe Clearing Inc,2026-08-10 20:08:21,2026-08-10 22:02:22
11407,5673,479,CARD_AUTH,74169.17,USD,FAILED,Apple Services US,2026-08-26 10:11:18,2026-08-26 10:55:22
11408,5658,189,ACH_CREDIT,134998.13,USD,COMPLETED,Apple Services US,2026-08-07 02:01:48,2026-08-07 02:02:23
11409,5585,182,WIRE_TRANSFER,148149.67,USD,COMPLETED,Walmart Global Vendor,2026-08-29 04:02:04,2026-08-29 05:44:30
11410,5858,4,ACH_DEBIT,129304.55,USD,COMPLETED,JPMorgan Settlement Corp,2026-07-29 03:24:51,2026-07-29 04:46:07
11411,5534,288,CARD_AUTH,17496.61,USD,COMPLETED,Apple Services US,2026-09-05 19:40:44,2026-09-05 20:56:23
11412,5565,372,CARD_AUTH,51122.31,USD,PROCESSING,Amazon AWS Services,2026-08-19 14:35:25,2026-08-19 15:09:05
11413,5320,275,CARD_AUTH,63860.74,USD,COMPLETED,Stripe Clearing Inc,2026-07-25 03:43:38,2026-07-25 04:24:42
11414,5681,494,ACH_CREDIT,104393.77,USD,FAILED,Fedwire Interbank Net,2026-08-03 16:22:20,2026-08-03 17:00:44
11415,5349,436,MERCHANT_SETTLEMENT,147197.02,USD,PROCESSING,Walmart Global Vendor,2026-07-27 02:47:37,2026-07-27 03:55:43
11416,5316,379,ACH_DEBIT,61045.76,USD,COMPLETED,Microsoft Azure Cloud,2026-08-20 15:29:33,2026-08-20 15:54:51
11417,5729,48,CARD_AUTH,20635.71,USD,PROCESSING,Visa Direct Global,2026-09-16 00:48:50,2026-09-16 02:45:11
11418,5103,186,WIRE_TRANSFER,14296.66,USD,COMPLETED,Walmart Global Vendor,2026-08-19 17:29:27,2026-08-19 17:46:25
11419,5188,296,ACH_CREDIT,87344.88,USD,COMPLETED,Target Retail Network,2026-07-24 14:07:57,2026-07-24 14:45:47
11420,5319,431,CARD_AUTH,82542.73,USD,PROCESSING,Stripe Clearing Inc,2026-09-11 02:53:08,2026-09-11 04:12:02
11421,5892,354,FX_CONVERSION,44598.88,USD,PROCESSING,Microsoft Azure Cloud,2026-07-29 13:48:10,2026-07-29 14:43:21
11422,5771,477,WIRE_TRANSFER,46801.38,USD,PENDING,Stripe Clearing Inc,2026-08-21 04:20:17,2026-08-21 04:57:06
11423,5759,27,ACH_CREDIT,10335.88,USD,PROCESSING,Amazon AWS Services,2026-07-30 04:41:59,2026-07-30 05:47:11
11424,5044,241,CARD_AUTH,54185.52,USD,PROCESSING,Stripe Clearing Inc,2026-08-14 11:35:35,2026-08-14 11:57:20
11425,5606,482,FX_CONVERSION,134256.36,USD,COMPLETED,Stripe Clearing Inc,2026-08-21 06:11:37,2026-08-21 06:34:41
11426,5190,333,FX_CONVERSION,105112.25,USD,COMPLETED,Amazon AWS Services,2026-09-03 11:41:08,2026-09-03 12:11:02
11427,5747,363,ACH_CREDIT,25426.62,USD,FAILED,Oracle Cloud Infra,2026-08-11 23:43:03,2026-08-12 00:38:49
11428,5006,349,FX_CONVERSION,131264.1,USD,PROCESSING,Target Retail Network,2026-09-05 15:44:06,2026-09-05 16:58:56
11429,5244,31,MERCHANT_SETTLEMENT,31671.25,USD,ON_HOLD,Fedwire Interbank Net,2026-08-07 12:15:45,2026-08-07 14:08:28
11430,5541,150,ACH_DEBIT,20453.6,USD,PROCESSING,Fedwire Interbank Net,2026-09-13 23:22:52,2026-09-14 00:02:13
11431,5276,128,FX_CONVERSION,128424.67,USD,COMPLETED,Fedwire Interbank Net,2026-08-13 13:57:44,2026-08-13 15:26:20
11432,5620,255,WIRE_TRANSFER,146672.94,USD,PENDING,Visa Direct Global,2026-08-07 09:13:02,2026-08-07 10:55:04
11433,5260,354,ACH_CREDIT,86503.2,USD,FAILED,Visa Direct Global,2026-07-31 11:20:16,2026-07-31 12:51:58
11434,5255,68,INTERNAL_BOOK_TRANSFER,6055.4,USD,COMPLETED,Amazon AWS Services,2026-07-26 20:00:26,2026-07-26 21:33:54
11435,5405,69,ACH_CREDIT,41500.81,USD,COMPLETED,Visa Direct Global,2026-07-20 02:20:11,2026-07-20 03:49:15
11436,5216,368,WIRE_TRANSFER,124499.94,USD,COMPLETED,Fedwire Interbank Net,2026-07-30 04:59:27,2026-07-30 05:46:08
11437,5212,229,ACH_CREDIT,22069.89,USD,ON_HOLD,Stripe Clearing Inc,2026-08-24 15:02:11,2026-08-24 15:46:39
11438,5421,194,INTERNAL_BOOK_TRANSFER,77842.16,USD,COMPLETED,Apple Services US,2026-08-08 09:24:50,2026-08-08 11:22:01
11439,5651,75,ACH_CREDIT,58397.23,USD,COMPLETED,Target Retail Network,2026-09-05 09:21:05,2026-09-05 10:27:55
11440,5972,141,MERCHANT_SETTLEMENT,7364.27,USD,COMPLETED,Fedwire Interbank Net,2026-09-02 19:59:46,2026-09-02 20:21:30
11441,5063,401,CARD_AUTH,8962.83,USD,PENDING,Oracle Cloud Infra,2026-08-16 21:21:34,2026-08-16 21:49:28
11442,5424,57,ACH_DEBIT,21126.59,USD,COMPLETED,JPMorgan Settlement Corp,2026-08-30 04:46:39,2026-08-30 06:31:44
11443,5015,243,CARD_AUTH,114401.05,USD,COMPLETED,Visa Direct Global,2026-09-01 22:40:02,2026-09-01 23:27:36
11444,5311,330,ACH_CREDIT,67415.5,USD,ON_HOLD,Microsoft Azure Cloud,2026-09-04 02:52:38,2026-09-04 03:46:02
11445,5277,83,MERCHANT_SETTLEMENT,33104.72,USD,COMPLETED,Amazon AWS Services,2026-08-11 14:00:40,2026-08-11 15:28:50
11446,5498,197,ACH_CREDIT,147974.31,USD,PROCESSING,Oracle Cloud Infra,2026-08-02 20:55:40,2026-08-02 21:10:44
11447,5275,370,ACH_DEBIT,78316.42,USD,ON_HOLD,Stripe Clearing Inc,2026-08-15 05:08:20,2026-08-15 07:06:06
11448,5675,265,CARD_AUTH,46550.17,USD,PENDING,Amazon AWS Services,2026-07-25 22:29:46,2026-07-25 23:47:17
11449,5981,454,WIRE_TRANSFER,36203.21,USD,COMPLETED,Microsoft Azure Cloud,2026-08-12 13:01:03,2026-08-12 14:44:35
11450,5981,343,FX_CONVERSION,128381.2,USD,PROCESSING,Oracle Cloud Infra,2026-08-06 14:04:07,2026-08-06 15:29:52
11451,5509,271,WIRE_TRANSFER,22386.14,USD,COMPLETED,Walmart Global Vendor,2026-09-11 14:23:13,2026-09-11 15:20:36
11452,5582,175,WIRE_TRANSFER,72166.12,USD,COMPLETED,Stripe Clearing Inc,2026-08-18 13:35:24,2026-08-18 15:13:54
11453,5783,218,ACH_DEBIT,104411.79,USD,COMPLETED,Visa Direct Global,2026-08-08 04:33:43,2026-08-08 05:59:39
11454,5412,343,CARD_AUTH,144099.1,USD,PROCESSING,Visa Direct Global,2026-08-23 11:22:44,2026-08-23 11:35:56
11455,5390,242,FX_CONVERSION,29460.81,USD,COMPLETED,Walmart Global Vendor,2026-07-24 06:30:02,2026-07-24 08:27:14
11456,5345,183,MERCHANT_SETTLEMENT,113845.13,USD,PROCESSING,Walmart Global Vendor,2026-09-05 16:53:41,2026-09-05 17:24:50
11457,5442,491,FX_CONVERSION,2489.79,USD,COMPLETED,Stripe Clearing Inc,2026-09-12 16:41:11,2026-09-12 16:59:58
11458,5237,211,CARD_AUTH,6605.89,USD,PENDING,Fedwire Interbank Net,2026-09-09 18:21:58,2026-09-09 20:02:53
11459,5075,53,INTERNAL_BOOK_TRANSFER,148466.45,USD,PROCESSING,Apple Services US,2026-08-02 00:01:27,2026-08-02 00:31:40
11460,5756,110,ACH_CREDIT,55647.59,USD,COMPLETED,Microsoft Azure Cloud,2026-07-20 23:01:43,2026-07-21 00:22:00
11461,5419,62,ACH_DEBIT,96461.99,USD,PENDING,Target Retail Network,2026-07-28 21:36:06,2026-07-28 22:22:42
11462,5946,122,FX_CONVERSION,17839.34,USD,FAILED,Microsoft Azure Cloud,2026-09-15 21:57:56,2026-09-15 23:11:19
11463,5765,323,CARD_AUTH,36200.85,USD,PENDING,Microsoft Azure Cloud,2026-09-10 08:34:02,2026-09-10 08:56:55
11464,5674,388,INTERNAL_BOOK_TRANSFER,109306.61,USD,FAILED,Apple Services US,2026-08-09 19:55:22,2026-08-09 21:44:05
11465,5422,455,ACH_DEBIT,15036.98,USD,PROCESSING,Visa Direct Global,2026-08-11 02:08:47,2026-08-11 03:27:27
11466,5285,1,MERCHANT_SETTLEMENT,104464.6,USD,COMPLETED,Apple Services US,2026-09-11 20:00:47,2026-09-11 21:35:53
11467,5169,14,INTERNAL_BOOK_TRANSFER,14649.69,USD,ON_HOLD,Visa Direct Global,2026-07-21 21:32:47,2026-07-21 23:03:58
11468,5282,99,ACH_CREDIT,123351.63,USD,COMPLETED,Amazon AWS Services,2026-08-06 05:47:00,2026-08-06 06:13:49
11469,5848,108,ACH_CREDIT,19916.34,USD,PENDING,Amazon AWS Services,2026-09-01 11:06:17,2026-09-01 11:37:10
11470,5634,69,WIRE_TRANSFER,17703.93,USD,ON_HOLD,Target Retail Network,2026-08-24 10:06:34,2026-08-24 11:32:16
11471,5775,451,CARD_AUTH,44956.91,USD,ON_HOLD,Fedwire Interbank Net,2026-08-03 18:27:09,2026-08-03 20:01:09
11472,5065,427,ACH_CREDIT,71072.93,USD,COMPLETED,JPMorgan Settlement Corp,2026-08-25 04:30:07,2026-08-25 04:34:59
11473,5546,90,INTERNAL_BOOK_TRANSFER,126440.16,USD,PENDING,Stripe Clearing Inc,2026-07-28 01:25:58,2026-07-28 03:10:25
11474,5162,109,WIRE_TRANSFER,23082.53,USD,COMPLETED,Fedwire Interbank Net,2026-08-11 01:58:43,2026-08-11 03:34:19
11475,5833,86,ACH_DEBIT,107061.85,USD,ON_HOLD,Oracle Cloud Infra,2026-09-09 08:46:40,2026-09-09 10:07:32
11476,5921,493,FX_CONVERSION,147661.53,USD,PENDING,JPMorgan Settlement Corp,2026-09-15 12:31:09,2026-09-15 13:43:59
11477,5677,291,ACH_CREDIT,143043.9,USD,PENDING,JPMorgan Settlement Corp,2026-09-17 03:23:04,2026-09-17 05:17:23
11478,5814,228,ACH_DEBIT,47376.98,USD,PROCESSING,Target Retail Network,2026-07-21 18:26:19,2026-07-21 18:53:11
11479,5416,152,MERCHANT_SETTLEMENT,115889.51,USD,PENDING,Stripe Clearing Inc,2026-09-14 06:32:12,2026-09-14 06:48:01
11480,5816,356,ACH_CREDIT,135127.17,USD,COMPLETED,Oracle Cloud Infra,2026-07-30 19:27:50,2026-07-30 20:44:23
11481,5491,203,INTERNAL_BOOK_TRANSFER,87110.04,USD,ON_HOLD,JPMorgan Settlement Corp,2026-07-24 22:52:39,2026-07-25 00:03:27
11482,5185,276,ACH_CREDIT,119846.56,USD,COMPLETED,Amazon AWS Services,2026-09-07 04:27:57,2026-09-07 06:25:13
11483,5622,279,WIRE_TRANSFER,36243.55,USD,PROCESSING,Stripe Clearing Inc,2026-08-21 17:57:32,2026-08-21 19:09:18
11484,5551,48,ACH_DEBIT,39189.87,USD,PROCESSING,JPMorgan Settlement Corp,2026-08-06 03:15:48,2026-08-06 03:21:53
11485,5438,252,CARD_AUTH,125689.35,USD,COMPLETED,Target Retail Network,2026-07-28 12:02:54,2026-07-28 13:13:42
11486,5152,320,MERCHANT_SETTLEMENT,10738.96,USD,ON_HOLD,Oracle Cloud Infra,2026-07-27 14:32:59,2026-07-27 16:13:47
11487,5779,165,MERCHANT_SETTLEMENT,24716.5,USD,COMPLETED,Walmart Global Vendor,2026-07-22 17:34:58,2026-07-22 17:39:34
11488,5784,6,CARD_AUTH,4123.07,USD,ON_HOLD,Amazon AWS Services,2026-07-22 18:29:07,2026-07-22 18:40:37
11489,5331,85,CARD_AUTH,111336.28,USD,ON_HOLD,Visa Direct Global,2026-07-27 16:39:42,2026-07-27 16:51:03
11490,5705,98,MERCHANT_SETTLEMENT,142964.49,USD,COMPLETED,Apple Services US,2026-09-10 03:48:17,2026-09-10 05:16:46
11491,5381,30,CARD_AUTH,94636.32,USD,PROCESSING,Amazon AWS Services,2026-08-03 08:46:20,2026-08-03 09:34:39
11492,5321,195,INTERNAL_BOOK_TRANSFER,17296.2,USD,PROCESSING,Microsoft Azure Cloud,2026-08-17 04:30:05,2026-08-17 05:05:46
11493,5164,44,FX_CONVERSION,121919.66,USD,PROCESSING,Visa Direct Global,2026-09-10 06:05:35,2026-09-10 07:10:45
11494,5295,252,FX_CONVERSION,136540.33,USD,COMPLETED,JPMorgan Settlement Corp,2026-08-05 21:14:22,2026-08-05 23:07:00
11495,5782,148,FX_CONVERSION,93257.89,USD,COMPLETED,Walmart Global Vendor,2026-08-25 15:56:32,2026-08-25 17:00:38
11496,5042,260,MERCHANT_SETTLEMENT,70110.5,USD,COMPLETED,Visa Direct Global,2026-07-24 13:36:24,2026-07-24 13:36:51
11497,5678,134,ACH_CREDIT,56700.22,USD,ON_HOLD,Walmart Global Vendor,2026-07-28 10:25:48,2026-07-28 11:15:14
11498,5742,265,ACH_DEBIT,79517.27,USD,PENDING,Fedwire Interbank Net,2026-09-12 11:39:33,2026-09-12 11:56:25
11499,5242,212,ACH_CREDIT,119660.18,USD,PROCESSING,Target Retail Network,2026-08-20 01:14:50,2026-08-20 02:05:22
11500,5678,26,ACH_DEBIT,46536.55,USD,COMPLETED,Visa Direct Global,2026-08-25 06:20:33,2026-08-25 08:00:14
11501,5043,283,INTERNAL_BOOK_TRANSFER,5930.9,USD,PENDING,Amazon AWS Services,2026-08-28 07:31:29,2026-08-28 07:59:57
11502,5247,211,FX_CONVERSION,128407.51,USD,PROCESSING,Apple Services US,2026-08-23 07:09:37,2026-08-23 08:57:05
11503,5018,396,FX_CONVERSION,116797.72,USD,FAILED,Oracle Cloud Infra,2026-08-06 18:18:28,2026-08-06 18:35:43
11504,5067,32,ACH_DEBIT,120304.11,USD,COMPLETED,Fedwire Interbank Net,2026-08-13 08:52:21,2026-08-13 10:46:25
11505,5542,64,FX_CONVERSION,137287.4,USD,ON_HOLD,Amazon AWS Services,2026-08-14 05:21:40,2026-08-14 06:47:09
11506,5751,133,CARD_AUTH,96575.7,USD,PROCESSING,Apple Services US,2026-09-06 05:14:13,2026-09-06 05:48:17
11507,5529,100,MERCHANT_SETTLEMENT,107734.4,USD,COMPLETED,Oracle Cloud Infra,2026-07-26 01:17:17,2026-07-26 02:11:56
11508,5275,125,ACH_CREDIT,100958.31,USD,COMPLETED,Fedwire Interbank Net,2026-08-17 11:31:21,2026-08-17 13:10:33
11509,5175,268,FX_CONVERSION,96786.96,USD,ON_HOLD,Microsoft Azure Cloud,2026-08-28 09:38:37,2026-08-28 10:19:19
11510,5163,11,ACH_CREDIT,131919.99,USD,FAILED,JPMorgan Settlement Corp,2026-08-24 13:52:14,2026-08-24 15:30:55
11511,5743,433,FX_CONVERSION,64647.87,USD,COMPLETED,Microsoft Azure Cloud,2026-08-13 06:37:25,2026-08-13 06:48:43
11512,5474,448,WIRE_TRANSFER,123310.08,USD,COMPLETED,Fedwire Interbank Net,2026-08-04 00:50:35,2026-08-04 01:39:05
11513,5969,385,ACH_DEBIT,113654.88,USD,FAILED,Amazon AWS Services,2026-08-06 22:33:17,2026-08-06 23:28:25
11514,5808,118,INTERNAL_BOOK_TRANSFER,101370.9,USD,COMPLETED,Oracle Cloud Infra,2026-08-06 23:24:29,2026-08-07 00:04:41
11515,5197,492,CARD_AUTH,136717.2,USD,COMPLETED,Stripe Clearing Inc,2026-09-03 10:33:31,2026-09-03 11:25:06
11516,5316,211,CARD_AUTH,41986.51,USD,COMPLETED,Oracle Cloud Infra,2026-09-13 17:16:15,2026-09-13 19:07:34
11517,5544,259,WIRE_TRANSFER,115811.35,USD,ON_HOLD,Stripe Clearing Inc,2026-08-24 14:08:21,2026-08-24 14:41:23
11518,5570,358,FX_CONVERSION,77824.31,USD,FAILED,Microsoft Azure Cloud,2026-08-21 00:20:28,2026-08-21 01:59:36
11519,5996,69,MERCHANT_SETTLEMENT,91524.23,USD,ON_HOLD,Amazon AWS Services,2026-08-21 19:51:46,2026-08-21 19:56:58
11520,5297,352,INTERNAL_BOOK_TRANSFER,8652.55,USD,FAILED,Microsoft Azure Cloud,2026-08-12 00:15:18,2026-08-12 00:43:19
11521,5939,111,ACH_CREDIT,145460.56,USD,FAILED,Walmart Global Vendor,2026-08-07 16:35:24,2026-08-07 18:28:36
11522,5539,132,FX_CONVERSION,47278.54,USD,ON_HOLD,Stripe Clearing Inc,2026-08-27 03:32:06,2026-08-27 05:11:38
11523,5228,414,ACH_CREDIT,120897.15,USD,COMPLETED,Stripe Clearing Inc,2026-09-16 01:32:05,2026-09-16 02:34:15
11524,5539,239,INTERNAL_BOOK_TRANSFER,131792.58,USD,COMPLETED,Oracle Cloud Infra,2026-07-24 12:23:19,2026-07-24 13:46:12
11525,6000,102,ACH_CREDIT,89008.03,USD,ON_HOLD,Target Retail Network,2026-09-05 15:34:04,2026-09-05 16:03:44
11526,5138,208,INTERNAL_BOOK_TRANSFER,48470.29,USD,COMPLETED,Amazon AWS Services,2026-08-28 07:19:36,2026-08-28 09:16:23
11527,5036,371,WIRE_TRANSFER,143432.71,USD,FAILED,Visa Direct Global,2026-09-06 20:14:29,2026-09-06 21:22:22
11528,5777,493,ACH_DEBIT,148713.51,USD,COMPLETED,Apple Services US,2026-09-06 10:26:52,2026-09-06 12:24:08
11529,5417,399,FX_CONVERSION,108050.04,USD,PROCESSING,Amazon AWS Services,2026-07-20 20:38:17,2026-07-20 21:03:36
11530,5214,421,WIRE_TRANSFER,149589.54,USD,COMPLETED,Visa Direct Global,2026-07-30 04:30:23,2026-07-30 05:16:08
11531,5798,213,WIRE_TRANSFER,82472.55,USD,FAILED,Visa Direct Global,2026-09-08 16:28:32,2026-09-08 16:30:24
11532,5251,353,MERCHANT_SETTLEMENT,50094.78,USD,ON_HOLD,Apple Services US,2026-08-14 10:40:20,2026-08-14 12:19:59
11533,5291,422,FX_CONVERSION,17977.59,USD,ON_HOLD,Fedwire Interbank Net,2026-07-20 02:56:02,2026-07-20 04:20:54
11534,5697,110,MERCHANT_SETTLEMENT,55201.85,USD,FAILED,Walmart Global Vendor,2026-08-01 19:50:30,2026-08-01 19:58:29
11535,5079,160,FX_CONVERSION,10660.59,USD,COMPLETED,Oracle Cloud Infra,2026-09-13 15:41:01,2026-09-13 16:20:15
11536,5112,277,ACH_DEBIT,33896.35,USD,PENDING,Oracle Cloud Infra,2026-09-04 04:04:10,2026-09-04 04:51:04
11537,5859,14,FX_CONVERSION,20916.0,USD,PENDING,Target Retail Network,2026-08-05 09:17:57,2026-08-05 11:09:18
11538,5741,81,ACH_CREDIT,90995.28,USD,PROCESSING,JPMorgan Settlement Corp,2026-07-26 23:02:30,2026-07-26 23:35:22
11539,5463,141,ACH_DEBIT,50671.09,USD,COMPLETED,Stripe Clearing Inc,2026-08-13 14:18:25,2026-08-13 14:23:28
11540,5713,382,CARD_AUTH,109615.95,USD,COMPLETED,Oracle Cloud Infra,2026-09-09 20:59:09,2026-09-09 21:54:50
11541,5964,383,WIRE_TRANSFER,124441.81,USD,ON_HOLD,Amazon AWS Services,2026-08-21 14:11:01,2026-08-21 14:43:32
11542,5505,480,MERCHANT_SETTLEMENT,64315.0,USD,FAILED,Amazon AWS Services,2026-09-08 05:55:08,2026-09-08 07:29:55
11543,5099,60,INTERNAL_BOOK_TRANSFER,19340.18,USD,FAILED,Amazon AWS Services,2026-07-23 22:00:26,2026-07-23 22:26:51
11544,5896,29,FX_CONVERSION,132743.53,USD,COMPLETED,Fedwire Interbank Net,2026-08-27 10:46:57,2026-08-27 12:09:58
11545,5091,419,CARD_AUTH,114416.48,USD,PENDING,JPMorgan Settlement Corp,2026-09-02 01:27:46,2026-09-02 01:37:46
11546,5329,482,INTERNAL_BOOK_TRANSFER,31948.09,USD,COMPLETED,Target Retail Network,2026-08-13 11:41:47,2026-08-13 12:28:21
11547,5365,27,CARD_AUTH,64483.56,USD,PROCESSING,JPMorgan Settlement Corp,2026-08-31 04:17:05,2026-08-31 05:35:16
11548,5112,249,INTERNAL_BOOK_TRANSFER,127118.65,USD,PENDING,Oracle Cloud Infra,2026-08-02 16:02:35,2026-08-02 17:27:28
11549,5216,269,CARD_AUTH,39586.23,USD,ON_HOLD,Amazon AWS Services,2026-07-31 01:40:15,2026-07-31 02:13:23
11550,5312,459,FX_CONVERSION,769.23,USD,PROCESSING,Apple Services US,2026-08-07 15:59:05,2026-08-07 16:45:56
11551,5306,122,MERCHANT_SETTLEMENT,129428.55,USD,PROCESSING,Oracle Cloud Infra,2026-08-02 01:49:40,2026-08-02 02:45:22
11552,5048,109,ACH_CREDIT,96779.39,USD,PROCESSING,Stripe Clearing Inc,2026-07-25 00:12:09,2026-07-25 00:26:13
11553,5684,190,MERCHANT_SETTLEMENT,103674.04,USD,COMPLETED,Visa Direct Global,2026-07-24 10:26:00,2026-07-24 11:35:21
11554,5378,290,FX_CONVERSION,106139.54,USD,FAILED,Microsoft Azure Cloud,2026-08-16 13:39:00,2026-08-16 14:57:27
11555,5187,479,WIRE_TRANSFER,107205.19,USD,PENDING,Microsoft Azure Cloud,2026-09-14 10:01:27,2026-09-14 11:51:45
11556,5170,207,CARD_AUTH,89687.81,USD,PROCESSING,Visa Direct Global,2026-08-29 16:09:40,2026-08-29 17:54:25
11557,5640,294,CARD_AUTH,56396.12,USD,FAILED,Microsoft Azure Cloud,2026-09-11 11:39:06,2026-09-11 13:06:48
11558,5620,389,FX_CONVERSION,111909.33,USD,ON_HOLD,Apple Services US,2026-07-28 12:40:52,2026-07-28 13:52:14
11559,5303,75,FX_CONVERSION,117535.13,USD,PROCESSING,Fedwire Interbank Net,2026-09-13 01:04:49,2026-09-13 01:38:47
11560,5151,170,FX_CONVERSION,15464.47,USD,COMPLETED,Oracle Cloud Infra,2026-08-18 21:10:31,2026-08-18 22:28:21
11561,5634,406,CARD_AUTH,29188.19,USD,COMPLETED,Target Retail Network,2026-07-30 08:15:21,2026-07-30 08:40:41
11562,5860,400,CARD_AUTH,122909.45,USD,COMPLETED,JPMorgan Settlement Corp,2026-08-30 13:27:04,2026-08-30 14:22:20
11563,5578,287,WIRE_TRANSFER,61187.97,USD,ON_HOLD,Amazon AWS Services,2026-09-11 23:47:31,2026-09-12 00:52:10
11564,5159,204,INTERNAL_BOOK_TRANSFER,17680.0,USD,FAILED,Fedwire Interbank Net,2026-07-22 18:53:18,2026-07-22 20:21:01
11565,5453,90,INTERNAL_BOOK_TRANSFER,32406.02,USD,PROCESSING,Target Retail Network,2026-09-08 07:26:38,2026-09-08 08:49:33
11566,5226,167,INTERNAL_BOOK_TRANSFER,99390.1,USD,COMPLETED,Target Retail Network,2026-09-08 07:56:40,2026-09-08 08:15:39
11567,5674,460,FX_CONVERSION,113558.03,USD,FAILED,Microsoft Azure Cloud,2026-07-20 02:55:46,2026-07-20 03:42:54
11568,5984,209,INTERNAL_BOOK_TRANSFER,17693.29,USD,COMPLETED,Visa Direct Global,2026-09-17 01:11:24,2026-09-17 02:10:45
11569,5350,16,FX_CONVERSION,120692.77,USD,FAILED,JPMorgan Settlement Corp,2026-08-28 06:21:27,2026-08-28 07:42:09
11570,5782,184,FX_CONVERSION,101491.38,USD,PENDING,Microsoft Azure Cloud,2026-07-28 21:38:07,2026-07-28 23:25:11
11571,5564,196,FX_CONVERSION,56760.27,USD,PENDING,Stripe Clearing Inc,2026-08-09 20:33:36,2026-08-09 20:35:43
11572,5576,247,CARD_AUTH,63907.71,USD,ON_HOLD,JPMorgan Settlement Corp,2026-08-07 07:10:14,2026-08-07 09:00:31
11573,5542,161,FX_CONVERSION,50544.78,USD,FAILED,Stripe Clearing Inc,2026-08-13 06:48:41,2026-08-13 08:43:54
11574,5197,398,ACH_DEBIT,59815.91,USD,COMPLETED,Target Retail Network,2026-09-14 21:00:15,2026-09-14 22:49:03
11575,5792,160,CARD_AUTH,76367.21,USD,ON_HOLD,Amazon AWS Services,2026-07-22 16:24:13,2026-07-22 18:17:58
11576,5983,85,MERCHANT_SETTLEMENT,112856.24,USD,COMPLETED,Amazon AWS Services,2026-09-07 17:14:28,2026-09-07 18:13:50
11577,5615,201,MERCHANT_SETTLEMENT,9414.65,USD,COMPLETED,Stripe Clearing Inc,2026-08-26 09:58:58,2026-08-26 11:07:50
11578,5207,39,WIRE_TRANSFER,100255.72,USD,FAILED,Visa Direct Global,2026-08-21 08:00:24,2026-08-21 09:52:55
11579,5993,422,CARD_AUTH,3847.65,USD,COMPLETED,Fedwire Interbank Net,2026-09-09 01:39:46,2026-09-09 01:47:29
11580,5627,332,ACH_DEBIT,12039.12,USD,ON_HOLD,Visa Direct Global,2026-07-26 22:15:09,2026-07-27 00:12:21
11581,5756,165,WIRE_TRANSFER,67984.48,USD,FAILED,JPMorgan Settlement Corp,2026-09-08 11:40:15,2026-09-08 12:07:04
11582,5893,299,MERCHANT_SETTLEMENT,96320.11,USD,ON_HOLD,JPMorgan Settlement Corp,2026-07-24 16:58:35,2026-07-24 18:38:19
11583,5378,113,INTERNAL_BOOK_TRANSFER,41988.4,USD,COMPLETED,Apple Services US,2026-08-31 14:33:31,2026-08-31 15:34:02
11584,5614,145,MERCHANT_SETTLEMENT,24368.2,USD,ON_HOLD,Apple Services US,2026-08-02 09:21:59,2026-08-02 11:01:11
11585,5413,391,CARD_AUTH,61761.92,USD,COMPLETED,Visa Direct Global,2026-08-02 03:27:14,2026-08-02 04:14:21
11586,5020,285,CARD_AUTH,13833.58,USD,FAILED,Apple Services US,2026-09-03 20:35:44,2026-09-03 21:28:18
11587,5946,25,ACH_CREDIT,84824.29,USD,PROCESSING,Stripe Clearing Inc,2026-08-14 09:52:38,2026-08-14 09:55:49
11588,5407,480,FX_CONVERSION,101203.16,USD,COMPLETED,Stripe Clearing Inc,2026-08-07 18:46:46,2026-08-07 19:13:56
11589,5208,233,ACH_CREDIT,13401.25,USD,COMPLETED,Walmart Global Vendor,2026-08-23 13:41:21,2026-08-23 15:19:02
11590,5953,88,ACH_CREDIT,51727.88,USD,PENDING,Stripe Clearing Inc,2026-09-03 04:24:32,2026-09-03 05:38:59
11591,5950,41,MERCHANT_SETTLEMENT,1621.44,USD,FAILED,JPMorgan Settlement Corp,2026-07-29 16:38:52,2026-07-29 16:49:40
11592,5618,84,WIRE_TRANSFER,56990.25,USD,COMPLETED,Fedwire Interbank Net,2026-08-11 22:17:17,2026-08-12 00:10:01
11593,5526,343,ACH_DEBIT,19875.57,USD,PENDING,Oracle Cloud Infra,2026-09-13 11:58:21,2026-09-13 12:45:31
11594,5386,63,ACH_CREDIT,32757.99,USD,COMPLETED,Oracle Cloud Infra,2026-08-17 15:11:51,2026-08-17 15:53:51
11595,5271,304,WIRE_TRANSFER,108904.98,USD,COMPLETED,Visa Direct Global,2026-08-20 04:28:05,2026-08-20 04:34:41
11596,5145,443,MERCHANT_SETTLEMENT,44120.48,USD,COMPLETED,Stripe Clearing Inc,2026-08-30 16:26:45,2026-08-30 17:04:26
11597,5292,28,ACH_CREDIT,67774.78,USD,ON_HOLD,Microsoft Azure Cloud,2026-07-29 16:33:07,2026-07-29 17:27:35
11598,5482,274,WIRE_TRANSFER,139154.44,USD,PENDING,Apple Services US,2026-09-07 16:03:29,2026-09-07 16:26:49
11599,5938,96,WIRE_TRANSFER,2127.17,USD,COMPLETED,Stripe Clearing Inc,2026-09-05 13:13:27,2026-09-05 15:05:34
11600,5604,275,CARD_AUTH,27379.65,USD,ON_HOLD,Target Retail Network,2026-08-14 04:10:26,2026-08-14 05:21:26
11601,5953,499,MERCHANT_SETTLEMENT,25764.07,USD,PROCESSING,Walmart Global Vendor,2026-09-05 12:35:47,2026-09-05 14:22:57
11602,5749,352,FX_CONVERSION,65703.98,USD,FAILED,Fedwire Interbank Net,2026-08-11 07:30:18,2026-08-11 09:29:48
11603,5843,277,ACH_CREDIT,131499.6,USD,FAILED,Oracle Cloud Infra,2026-08-06 00:42:55,2026-08-06 01:57:12
11604,5698,164,MERCHANT_SETTLEMENT,4398.3,USD,COMPLETED,Visa Direct Global,2026-09-01 11:30:56,2026-09-01 13:11:53
11605,5024,253,CARD_AUTH,105430.48,USD,PROCESSING,Fedwire Interbank Net,2026-08-27 22:19:10,2026-08-27 23:52:11
11606,5950,61,MERCHANT_SETTLEMENT,71761.49,USD,COMPLETED,Fedwire Interbank Net,2026-09-06 00:37:00,2026-09-06 01:09:17
11607,5922,208,FX_CONVERSION,116988.49,USD,COMPLETED,Amazon AWS Services,2026-08-24 06:29:00,2026-08-24 08:13:28
11608,5003,193,FX_CONVERSION,21566.26,USD,ON_HOLD,JPMorgan Settlement Corp,2026-08-06 08:14:50,2026-08-06 08:45:29
11609,5645,179,ACH_DEBIT,101090.77,USD,COMPLETED,Fedwire Interbank Net,2026-08-24 08:42:25,2026-08-24 08:44:31
11610,5796,172,FX_CONVERSION,148331.29,USD,COMPLETED,Microsoft Azure Cloud,2026-08-28 03:20:13,2026-08-28 04:38:02
11611,5154,376,WIRE_TRANSFER,78437.79,USD,FAILED,JPMorgan Settlement Corp,2026-07-26 21:17:53,2026-07-26 22:35:52
11612,5143,168,FX_CONVERSION,59704.92,USD,PENDING,Visa Direct Global,2026-07-23 15:39:38,2026-07-23 16:55:50
11613,5605,274,CARD_AUTH,102287.41,USD,COMPLETED,Fedwire Interbank Net,2026-09-16 22:45:12,2026-09-16 23:59:15
11614,5296,402,FX_CONVERSION,130215.01,USD,COMPLETED,JPMorgan Settlement Corp,2026-07-23 11:49:24,2026-07-23 13:45:39
11615,5339,409,WIRE_TRANSFER,142711.24,USD,ON_HOLD,Target Retail Network,2026-09-10 11:22:48,2026-09-10 12:22:01
11616,5999,369,FX_CONVERSION,107519.88,USD,COMPLETED,Oracle Cloud Infra,2026-08-17 03:52:17,2026-08-17 05:20:53
11617,5134,153,FX_CONVERSION,50675.03,USD,ON_HOLD,Visa Direct Global,2026-09-07 13:17:47,2026-09-07 14:33:26
11618,5645,34,INTERNAL_BOOK_TRANSFER,12625.48,USD,COMPLETED,Apple Services US,2026-09-10 19:19:34,2026-09-10 20:28:56
11619,5469,493,CARD_AUTH,112682.5,USD,COMPLETED,Apple Services US,2026-07-28 17:22:02,2026-07-28 18:10:51
11620,5946,92,ACH_CREDIT,134282.08,USD,PENDING,Apple Services US,2026-08-26 17:41:34,2026-08-26 18:46:51
11621,5201,277,CARD_AUTH,145817.15,USD,COMPLETED,Amazon AWS Services,2026-09-17 14:10:58,2026-09-17 15:12:45
11622,5282,195,CARD_AUTH,11722.29,USD,PROCESSING,Stripe Clearing Inc,2026-09-02 14:55:28,2026-09-02 16:03:07
11623,5626,273,MERCHANT_SETTLEMENT,57686.86,USD,COMPLETED,Visa Direct Global,2026-09-13 14:40:09,2026-09-13 15:39:49
11624,5518,255,INTERNAL_BOOK_TRANSFER,126830.63,USD,FAILED,JPMorgan Settlement Corp,2026-08-19 21:41:44,2026-08-19 22:52:17
11625,5591,101,MERCHANT_SETTLEMENT,149128.93,USD,COMPLETED,Oracle Cloud Infra,2026-08-19 17:21:21,2026-08-19 18:54:29
11626,5537,1,MERCHANT_SETTLEMENT,96541.51,USD,ON_HOLD,Target Retail Network,2026-08-24 14:51:34,2026-08-24 14:58:43
11627,5713,138,WIRE_TRANSFER,99544.1,USD,FAILED,Walmart Global Vendor,2026-08-26 16:53:47,2026-08-26 17:45:52
11628,5746,318,ACH_DEBIT,102849.88,USD,PROCESSING,Amazon AWS Services,2026-07-22 19:09:12,2026-07-22 20:41:10
11629,5128,86,ACH_DEBIT,134967.57,USD,COMPLETED,Walmart Global Vendor,2026-08-25 04:29:14,2026-08-25 05:05:57
11630,5258,94,FX_CONVERSION,58991.48,USD,PROCESSING,Fedwire Interbank Net,2026-08-07 20:44:01,2026-08-07 21:03:15
11631,5362,424,CARD_AUTH,91718.02,USD,COMPLETED,Target Retail Network,2026-08-01 17:54:41,2026-08-01 19:28:05
11632,5546,379,FX_CONVERSION,127015.38,USD,FAILED,Fedwire Interbank Net,2026-08-10 09:31:39,2026-08-10 11:30:00
11633,5964,100,FX_CONVERSION,144072.21,USD,PROCESSING,Stripe Clearing Inc,2026-08-21 20:27:42,2026-08-21 21:23:03
11634,5169,134,WIRE_TRANSFER,102678.43,USD,COMPLETED,JPMorgan Settlement Corp,2026-09-09 13:50:40,2026-09-09 15:34:43
11635,5346,370,MERCHANT_SETTLEMENT,26705.75,USD,COMPLETED,Fedwire Interbank Net,2026-08-05 02:29:31,2026-08-05 03:48:10
11636,5176,207,FX_CONVERSION,33267.67,USD,ON_HOLD,Target Retail Network,2026-08-22 03:46:34,2026-08-22 04:58:58
11637,5623,401,INTERNAL_BOOK_TRANSFER,55523.85,USD,COMPLETED,Oracle Cloud Infra,2026-07-30 03:15:34,2026-07-30 04:32:05
11638,5728,201,ACH_DEBIT,54886.8,USD,ON_HOLD,Apple Services US,2026-09-08 04:58:37,2026-09-08 05:34:35
11639,5980,198,CARD_AUTH,83813.99,USD,COMPLETED,Visa Direct Global,2026-08-19 22:27:12,2026-08-20 00:10:30
11640,5500,396,INTERNAL_BOOK_TRANSFER,43113.89,USD,COMPLETED,Target Retail Network,2026-07-20 13:29:07,2026-07-20 13:55:42
11641,5314,322,FX_CONVERSION,18019.11,USD,ON_HOLD,Oracle Cloud Infra,2026-09-13 20:11:44,2026-09-13 20:21:59
11642,5949,427,WIRE_TRANSFER,137084.26,USD,PROCESSING,Apple Services US,2026-08-04 19:49:02,2026-08-04 19:55:31
11643,5204,268,CARD_AUTH,105710.45,USD,PROCESSING,Target Retail Network,2026-08-14 22:53:52,2026-08-15 00:42:16
11644,5039,45,CARD_AUTH,54649.76,USD,PENDING,Microsoft Azure Cloud,2026-07-28 09:18:31,2026-07-28 10:03:00
11645,5301,233,WIRE_TRANSFER,49032.34,USD,COMPLETED,Target Retail Network,2026-07-30 05:37:00,2026-07-30 06:06:39
11646,5747,89,ACH_DEBIT,92916.63,USD,COMPLETED,Fedwire Interbank Net,2026-09-04 00:35:41,2026-09-04 02:15:08
11647,5867,487,FX_CONVERSION,14629.7,USD,FAILED,Fedwire Interbank Net,2026-09-01 06:07:04,2026-09-01 08:03:24
11648,5325,24,WIRE_TRANSFER,143971.06,USD,COMPLETED,JPMorgan Settlement Corp,2026-07-30 10:00:11,2026-07-30 10:38:58
11649,5974,395,CARD_AUTH,13093.83,USD,FAILED,Walmart Global Vendor,2026-08-06 00:58:02,2026-08-06 02:00:27
11650,5393,316,FX_CONVERSION,142197.6,USD,COMPLETED,Visa Direct Global,2026-09-08 16:07:45,2026-09-08 17:12:23
11651,5575,31,FX_CONVERSION,109882.09,USD,COMPLETED,Apple Services US,2026-07-20 11:26:41,2026-07-20 12:03:51
11652,5370,67,ACH_CREDIT,126709.29,USD,PROCESSING,Oracle Cloud Infra,2026-08-22 15:24:23,2026-08-22 16:19:22
11653,5167,456,ACH_CREDIT,140277.75,USD,PROCESSING,Fedwire Interbank Net,2026-08-29 05:18:53,2026-08-29 05:26:56
11654,5979,167,CARD_AUTH,115944.62,USD,PROCESSING,Fedwire Interbank Net,2026-09-01 11:50:00,2026-09-01 13:03:39
11655,5453,144,ACH_DEBIT,129392.41,USD,COMPLETED,Apple Services US,2026-08-21 15:06:46,2026-08-21 16:16:30
11656,5346,380,INTERNAL_BOOK_TRANSFER,41960.43,USD,ON_HOLD,Walmart Global Vendor,2026-09-14 22:39:31,2026-09-14 23:37:12
11657,5988,187,CARD_AUTH,130022.45,USD,FAILED,Visa Direct Global,2026-08-16 18:56:07,2026-08-16 19:20:28
11658,5515,66,ACH_DEBIT,143701.84,USD,COMPLETED,Stripe Clearing Inc,2026-08-30 09:19:59,2026-08-30 10:05:26
11659,5027,70,CARD_AUTH,963.97,USD,COMPLETED,Amazon AWS Services,2026-08-03 23:08:40,2026-08-04 00:58:11
11660,5315,191,INTERNAL_BOOK_TRANSFER,34455.65,USD,ON_HOLD,Target Retail Network,2026-07-26 21:17:10,2026-07-26 21:49:31
11661,5135,330,CARD_AUTH,132465.59,USD,FAILED,Stripe Clearing Inc,2026-08-20 11:21:22,2026-08-20 13:20:01
11662,5325,36,ACH_CREDIT,860.81,USD,COMPLETED,Apple Services US,2026-07-23 02:30:20,2026-07-23 03:41:39
11663,5209,325,INTERNAL_BOOK_TRANSFER,63867.07,USD,ON_HOLD,JPMorgan Settlement Corp,2026-07-29 13:38:54,2026-07-29 14:17:44
11664,5311,146,CARD_AUTH,77983.6,USD,PROCESSING,Fedwire Interbank Net,2026-08-26 06:48:35,2026-08-26 08:08:44
11665,5635,367,MERCHANT_SETTLEMENT,21632.68,USD,FAILED,Target Retail Network,2026-08-29 21:36:02,2026-08-29 22:37:25
11666,5921,327,CARD_AUTH,66173.83,USD,COMPLETED,Fedwire Interbank Net,2026-08-03 08:36:28,2026-08-03 10:18:31
11667,5007,67,ACH_DEBIT,126898.42,USD,ON_HOLD,JPMorgan Settlement Corp,2026-08-24 15:13:01,2026-08-24 15:52:24
11668,5215,487,WIRE_TRANSFER,78886.24,USD,FAILED,JPMorgan Settlement Corp,2026-09-10 13:54:08,2026-09-10 15:44:29
11669,5836,55,INTERNAL_BOOK_TRANSFER,20080.96,USD,FAILED,Stripe Clearing Inc,2026-08-01 02:03:37,2026-08-01 02:31:01
11670,5622,74,CARD_AUTH,96781.23,USD,ON_HOLD,Microsoft Azure Cloud,2026-07-28 19:33:14,2026-07-28 19:41:22
11671,5387,379,WIRE_TRANSFER,132825.24,USD,PROCESSING,Target Retail Network,2026-08-29 03:38:54,2026-08-29 04:14:48
11672,5502,82,ACH_CREDIT,107638.89,USD,PENDING,Walmart Global Vendor,2026-07-22 04:13:12,2026-07-22 05:25:59
11673,5170,393,MERCHANT_SETTLEMENT,60619.0,USD,ON_HOLD,Stripe Clearing Inc,2026-09-02 02:23:30,2026-09-02 02:47:44
11674,5806,93,ACH_DEBIT,72025.19,USD,COMPLETED,Microsoft Azure Cloud,2026-08-24 02:03:31,2026-08-24 03:20:20
11675,5643,137,MERCHANT_SETTLEMENT,20372.04,USD,COMPLETED,Visa Direct Global,2026-07-22 23:57:10,2026-07-23 00:41:40
11676,5146,317,WIRE_TRANSFER,76651.7,USD,FAILED,Apple Services US,2026-08-25 22:51:25,2026-08-26 00:21:17
11677,5568,124,INTERNAL_BOOK_TRANSFER,15360.38,USD,COMPLETED,Oracle Cloud Infra,2026-08-06 11:03:06,2026-08-06 12:41:15
11678,5451,492,WIRE_TRANSFER,96822.09,USD,COMPLETED,Stripe Clearing Inc,2026-09-02 05:02:47,2026-09-02 06:36:43
11679,5221,102,MERCHANT_SETTLEMENT,118087.17,USD,ON_HOLD,Target Retail Network,2026-09-12 15:06:57,2026-09-12 16:36:31
11680,5597,495,ACH_CREDIT,143504.75,USD,COMPLETED,Walmart Global Vendor,2026-08-06 11:22:13,2026-08-06 11:45:51
11681,5159,296,FX_CONVERSION,136448.53,USD,COMPLETED,Fedwire Interbank Net,2026-08-05 10:40:42,2026-08-05 10:54:32
11682,5751,219,CARD_AUTH,49060.37,USD,FAILED,Visa Direct Global,2026-07-27 03:22:44,2026-07-27 04:50:14
11683,5311,121,FX_CONVERSION,82610.3,USD,COMPLETED,JPMorgan Settlement Corp,2026-08-20 09:18:52,2026-08-20 10:48:08
11684,5373,360,ACH_CREDIT,118408.13,USD,FAILED,Oracle Cloud Infra,2026-08-08 13:13:46,2026-08-08 13:57:34
11685,5570,482,ACH_DEBIT,40035.44,USD,COMPLETED,Apple Services US,2026-09-02 18:42:10,2026-09-02 20:22:53
11686,5762,452,MERCHANT_SETTLEMENT,32849.82,USD,FAILED,Fedwire Interbank Net,2026-08-16 23:09:12,2026-08-16 23:43:01
11687,5965,11,FX_CONVERSION,49910.64,USD,FAILED,Microsoft Azure Cloud,2026-09-13 21:41:49,2026-09-13 23:32:35
11688,5976,397,MERCHANT_SETTLEMENT,91691.84,USD,ON_HOLD,Stripe Clearing Inc,2026-08-06 08:16:27,2026-08-06 09:17:32
11689,5619,423,CARD_AUTH,129095.69,USD,PENDING,Amazon AWS Services,2026-08-06 23:02:02,2026-08-07 00:20:04
11690,5179,226,WIRE_TRANSFER,24334.8,USD,COMPLETED,Target Retail Network,2026-09-15 16:18:31,2026-09-15 17:22:34
11691,5778,270,MERCHANT_SETTLEMENT,107821.86,USD,COMPLETED,Apple Services US,2026-08-20 13:26:56,2026-08-20 13:45:53
11692,5594,488,FX_CONVERSION,141872.03,USD,PROCESSING,Target Retail Network,2026-08-01 12:15:00,2026-08-01 12:35:27
11693,5029,416,INTERNAL_BOOK_TRANSFER,112918.65,USD,COMPLETED,JPMorgan Settlement Corp,2026-08-24 04:40:05,2026-08-24 05:34:23
11694,5747,405,INTERNAL_BOOK_TRANSFER,129450.22,USD,PROCESSING,Target Retail Network,2026-08-05 15:30:38,2026-08-05 15:35:51
11695,5905,23,ACH_DEBIT,114155.61,USD,PENDING,Visa Direct Global,2026-09-03 00:42:07,2026-09-03 01:53:00
11696,5516,260,CARD_AUTH,85349.19,USD,COMPLETED,Target Retail Network,2026-08-24 23:02:35,2026-08-25 00:33:46
11697,5527,183,ACH_CREDIT,35538.84,USD,PROCESSING,Fedwire Interbank Net,2026-07-25 17:38:01,2026-07-25 19:27:08
11698,5858,473,CARD_AUTH,118555.76,USD,FAILED,Amazon AWS Services,2026-08-08 10:27:13,2026-08-08 10:29:40
11699,5285,155,ACH_CREDIT,138383.67,USD,ON_HOLD,Stripe Clearing Inc,2026-09-13 10:10:44,2026-09-13 12:07:34
11700,5814,294,ACH_DEBIT,16444.83,USD,COMPLETED,Walmart Global Vendor,2026-08-04 15:35:57,2026-08-04 16:04:42
11701,5893,373,FX_CONVERSION,134783.55,USD,FAILED,Stripe Clearing Inc,2026-07-22 00:59:35,2026-07-22 02:46:01
11702,5153,330,FX_CONVERSION,25143.24,USD,ON_HOLD,Visa Direct Global,2026-08-22 15:14:47,2026-08-22 16:45:31
11703,5025,48,ACH_DEBIT,29846.35,USD,COMPLETED,Oracle Cloud Infra,2026-08-07 13:08:48,2026-08-07 13:16:37
11704,5627,422,ACH_CREDIT,136750.42,USD,PROCESSING,Fedwire Interbank Net,2026-09-03 11:10:31,2026-09-03 11:21:53
11705,5216,352,FX_CONVERSION,74992.54,USD,PROCESSING,Stripe Clearing Inc,2026-08-02 22:04:27,2026-08-02 22:58:50
11706,5050,325,ACH_CREDIT,109770.15,USD,COMPLETED,Target Retail Network,2026-08-04 02:33:00,2026-08-04 02:49:12
11707,5888,352,INTERNAL_BOOK_TRANSFER,144018.12,USD,PENDING,Apple Services US,2026-08-02 09:08:38,2026-08-02 09:16:01
11708,5118,311,CARD_AUTH,111909.64,USD,COMPLETED,Stripe Clearing Inc,2026-07-30 18:24:11,2026-07-30 19:16:30
11709,5413,54,ACH_CREDIT,136995.0,USD,COMPLETED,Stripe Clearing Inc,2026-09-17 18:40:07,2026-09-17 20:18:43
11710,5033,229,ACH_CREDIT,108456.97,USD,ON_HOLD,Oracle Cloud Infra,2026-08-31 07:32:19,2026-08-31 08:06:21
11711,5203,474,FX_CONVERSION,112022.42,USD,COMPLETED,Amazon AWS Services,2026-08-17 07:56:12,2026-08-17 09:14:21
11712,5198,221,MERCHANT_SETTLEMENT,50613.88,USD,PROCESSING,Amazon AWS Services,2026-08-06 04:29:34,2026-08-06 05:31:49
11713,5667,449,INTERNAL_BOOK_TRANSFER,121693.7,USD,FAILED,Oracle Cloud Infra,2026-07-29 21:14:42,2026-07-29 21:35:12
11714,5783,402,ACH_DEBIT,26441.58,USD,COMPLETED,Microsoft Azure Cloud,2026-07-22 00:41:15,2026-07-22 02:29:10
11715,5572,350,MERCHANT_SETTLEMENT,93811.81,USD,COMPLETED,Walmart Global Vendor,2026-07-20 16:08:29,2026-07-20 17:27:16
11716,5681,168,ACH_CREDIT,22540.88,USD,COMPLETED,Fedwire Interbank Net,2026-08-01 07:54:49,2026-08-01 07:57:14
11717,5861,422,FX_CONVERSION,29068.65,USD,FAILED,Walmart Global Vendor,2026-08-22 19:16:20,2026-08-22 20:54:56
11718,5390,430,CARD_AUTH,9926.45,USD,ON_HOLD,Amazon AWS Services,2026-08-09 15:52:02,2026-08-09 17:29:49
11719,5683,292,FX_CONVERSION,51802.51,USD,FAILED,Visa Direct Global,2026-09-06 00:50:05,2026-09-06 02:42:36
11720,5018,398,WIRE_TRANSFER,34349.15,USD,PENDING,Stripe Clearing Inc,2026-08-02 14:22:22,2026-08-02 15:00:03
11721,5196,218,ACH_DEBIT,82465.73,USD,PROCESSING,Walmart Global Vendor,2026-08-26 10:24:19,2026-08-26 11:06:18
11722,5781,474,ACH_CREDIT,31821.99,USD,COMPLETED,Microsoft Azure Cloud,2026-07-27 02:24:52,2026-07-27 04:06:20
11723,5798,80,WIRE_TRANSFER,21148.78,USD,PENDING,Amazon AWS Services,2026-08-29 20:10:24,2026-08-29 20:27:17
11724,5371,315,ACH_CREDIT,71909.85,USD,PROCESSING,Apple Services US,2026-08-15 19:23:47,2026-08-15 19:32:06
11725,5171,307,FX_CONVERSION,9251.72,USD,ON_HOLD,Stripe Clearing Inc,2026-08-30 16:35:26,2026-08-30 17:33:42
11726,5883,303,WIRE_TRANSFER,61866.16,USD,COMPLETED,JPMorgan Settlement Corp,2026-08-16 03:28:39,2026-08-16 04:41:14
11727,5666,484,WIRE_TRANSFER,51375.32,USD,COMPLETED,JPMorgan Settlement Corp,2026-07-20 13:25:39,2026-07-20 13:56:01
11728,5719,364,CARD_AUTH,42836.59,USD,COMPLETED,Amazon AWS Services,2026-07-31 22:19:49,2026-07-31 22:22:12
11729,5631,186,MERCHANT_SETTLEMENT,143489.47,USD,PROCESSING,Apple Services US,2026-08-24 14:35:31,2026-08-24 15:33:22
11730,5915,403,ACH_DEBIT,93445.58,USD,COMPLETED,Apple Services US,2026-09-15 02:51:24,2026-09-15 04:23:55
11731,5798,179,ACH_DEBIT,42774.77,USD,FAILED,JPMorgan Settlement Corp,2026-08-12 17:13:10,2026-08-12 17:47:33
11732,5492,431,WIRE_TRANSFER,20550.88,USD,FAILED,Microsoft Azure Cloud,2026-09-02 15:43:00,2026-09-02 16:42:21
11733,5003,57,WIRE_TRANSFER,83252.56,USD,FAILED,Stripe Clearing Inc,2026-09-07 17:54:14,2026-09-07 18:11:03
11734,5040,107,WIRE_TRANSFER,120919.46,USD,ON_HOLD,Fedwire Interbank Net,2026-09-11 14:19:09,2026-09-11 14:50:36
11735,5103,231,MERCHANT_SETTLEMENT,41443.96,USD,COMPLETED,Apple Services US,2026-08-04 12:57:55,2026-08-04 13:55:51
11736,5529,22,FX_CONVERSION,1994.52,USD,COMPLETED,Walmart Global Vendor,2026-09-01 07:07:48,2026-09-01 07:22:32
11737,5152,304,WIRE_TRANSFER,130268.24,USD,COMPLETED,Walmart Global Vendor,2026-07-25 17:27:02,2026-07-25 18:30:23
11738,5087,101,FX_CONVERSION,6392.01,USD,PENDING,Stripe Clearing Inc,2026-08-12 18:09:52,2026-08-12 18:17:18
11739,5474,365,ACH_CREDIT,49837.92,USD,COMPLETED,Microsoft Azure Cloud,2026-08-23 21:14:38,2026-08-23 22:27:10
11740,5977,142,MERCHANT_SETTLEMENT,45053.33,USD,FAILED,Fedwire Interbank Net,2026-08-05 19:30:18,2026-08-05 19:45:58
11741,5721,101,WIRE_TRANSFER,2639.5,USD,PENDING,JPMorgan Settlement Corp,2026-08-22 16:50:41,2026-08-22 18:03:21
11742,5881,271,INTERNAL_BOOK_TRANSFER,53316.47,USD,PENDING,Fedwire Interbank Net,2026-09-15 16:55:29,2026-09-15 17:30:12
11743,5509,16,ACH_CREDIT,18096.88,USD,COMPLETED,Walmart Global Vendor,2026-08-08 03:23:32,2026-08-08 04:55:14
11744,5823,447,CARD_AUTH,30075.23,USD,PENDING,JPMorgan Settlement Corp,2026-08-31 11:49:28,2026-08-31 12:24:15
11745,5859,224,MERCHANT_SETTLEMENT,65535.69,USD,COMPLETED,Stripe Clearing Inc,2026-08-23 02:51:54,2026-08-23 04:11:52
11746,5066,269,ACH_CREDIT,124608.27,USD,ON_HOLD,Apple Services US,2026-07-21 15:59:55,2026-07-21 16:04:22
11747,5059,137,MERCHANT_SETTLEMENT,62235.53,USD,COMPLETED,Microsoft Azure Cloud,2026-08-20 21:29:58,2026-08-20 22:55:38
11748,5604,13,CARD_AUTH,10195.46,USD,COMPLETED,Amazon AWS Services,2026-09-01 05:11:47,2026-09-01 06:32:13
11749,5498,342,MERCHANT_SETTLEMENT,18670.84,USD,COMPLETED,Amazon AWS Services,2026-07-21 17:33:13,2026-07-21 19:15:33
11750,5671,135,FX_CONVERSION,35412.28,USD,FAILED,Oracle Cloud Infra,2026-07-26 10:05:36,2026-07-26 11:57:42
11751,5733,289,CARD_AUTH,104997.73,USD,ON_HOLD,Microsoft Azure Cloud,2026-09-13 13:40:52,2026-09-13 13:41:21
11752,5323,128,INTERNAL_BOOK_TRANSFER,149622.81,USD,COMPLETED,Walmart Global Vendor,2026-08-05 12:50:27,2026-08-05 12:56:18
11753,5262,313,FX_CONVERSION,75288.11,USD,FAILED,Visa Direct Global,2026-08-17 17:17:46,2026-08-17 18:46:07
11754,5851,307,CARD_AUTH,74548.7,USD,PENDING,Visa Direct Global,2026-09-09 04:52:04,2026-09-09 05:59:26
11755,5655,115,INTERNAL_BOOK_TRANSFER,9791.64,USD,PENDING,Visa Direct Global,2026-08-31 10:45:19,2026-08-31 12:18:56
11756,5124,417,MERCHANT_SETTLEMENT,57348.94,USD,PROCESSING,Microsoft Azure Cloud,2026-07-29 17:34:37,2026-07-29 18:30:47
11757,5930,196,WIRE_TRANSFER,22287.69,USD,PENDING,Microsoft Azure Cloud,2026-07-24 14:11:30,2026-07-24 15:17:48
11758,5492,293,ACH_DEBIT,37255.44,USD,FAILED,JPMorgan Settlement Corp,2026-08-20 02:49:47,2026-08-20 03:49:31
11759,5188,108,INTERNAL_BOOK_TRANSFER,103340.56,USD,PROCESSING,Visa Direct Global,2026-09-15 14:30:14,2026-09-15 15:09:47
11760,5597,292,WIRE_TRANSFER,149350.7,USD,PENDING,Amazon AWS Services,2026-07-26 07:52:54,2026-07-26 09:30:07
11761,5843,467,ACH_DEBIT,24792.7,USD,PENDING,JPMorgan Settlement Corp,2026-07-22 09:04:13,2026-07-22 09:33:33
11762,5479,27,FX_CONVERSION,69125.02,USD,PROCESSING,JPMorgan Settlement Corp,2026-07-30 02:02:56,2026-07-30 02:15:10
11763,5421,29,CARD_AUTH,23775.23,USD,ON_HOLD,Amazon AWS Services,2026-08-14 00:25:47,2026-08-14 00:38:50
11764,5871,477,FX_CONVERSION,141558.56,USD,FAILED,Stripe Clearing Inc,2026-08-11 15:51:05,2026-08-11 16:41:35
11765,5701,360,CARD_AUTH,92291.23,USD,PROCESSING,Visa Direct Global,2026-09-06 19:14:25,2026-09-06 21:01:00
11766,5599,230,ACH_CREDIT,134619.64,USD,COMPLETED,Apple Services US,2026-07-21 23:59:50,2026-07-22 01:39:42
11767,5857,276,FX_CONVERSION,93903.64,USD,COMPLETED,Oracle Cloud Infra,2026-07-22 18:55:27,2026-07-22 20:46:51
11768,5841,436,WIRE_TRANSFER,145576.98,USD,PENDING,Microsoft Azure Cloud,2026-08-18 08:24:28,2026-08-18 09:37:36
11769,5142,83,CARD_AUTH,18058.87,USD,COMPLETED,Oracle Cloud Infra,2026-09-07 15:29:10,2026-09-07 17:09:56
11770,5950,120,FX_CONVERSION,147428.84,USD,PROCESSING,Walmart Global Vendor,2026-08-31 07:36:38,2026-08-31 07:38:17
11771,5553,89,WIRE_TRANSFER,121785.34,USD,COMPLETED,Oracle Cloud Infra,2026-07-24 08:52:29,2026-07-24 09:49:44
11772,5486,164,MERCHANT_SETTLEMENT,99996.11,USD,FAILED,JPMorgan Settlement Corp,2026-08-07 03:58:23,2026-08-07 04:50:23
11773,5577,44,ACH_DEBIT,89362.37,USD,COMPLETED,Stripe Clearing Inc,2026-08-04 03:32:37,2026-08-04 04:42:27
11774,5913,256,INTERNAL_BOOK_TRANSFER,122575.99,USD,COMPLETED,JPMorgan Settlement Corp,2026-09-16 01:38:35,2026-09-16 03:10:12
11775,5434,287,FX_CONVERSION,22587.22,USD,ON_HOLD,Fedwire Interbank Net,2026-09-13 23:59:49,2026-09-14 01:31:24
11776,5953,435,MERCHANT_SETTLEMENT,99696.07,USD,COMPLETED,Microsoft Azure Cloud,2026-07-24 00:16:55,2026-07-24 01:37:23
11777,5364,118,INTERNAL_BOOK_TRANSFER,17709.59,USD,FAILED,Stripe Clearing Inc,2026-09-14 05:32:24,2026-09-14 06:30:18
11778,5116,182,MERCHANT_SETTLEMENT,6627.56,USD,PROCESSING,Target Retail Network,2026-08-06 00:16:44,2026-08-06 01:23:22
11779,5291,346,CARD_AUTH,103647.45,USD,PROCESSING,Target Retail Network,2026-08-21 04:25:56,2026-08-21 06:04:42
11780,5387,182,WIRE_TRANSFER,116860.24,USD,PENDING,Visa Direct Global,2026-08-27 11:32:47,2026-08-27 11:57:40
11781,5300,328,WIRE_TRANSFER,132718.06,USD,PENDING,Microsoft Azure Cloud,2026-09-17 00:45:56,2026-09-17 01:37:23
11782,5393,280,ACH_CREDIT,108060.37,USD,PROCESSING,Fedwire Interbank Net,2026-07-22 07:28:19,2026-07-22 08:04:40
11783,5464,262,ACH_DEBIT,22775.04,USD,PENDING,Amazon AWS Services,2026-08-03 16:10:06,2026-08-03 17:26:45
11784,5347,53,MERCHANT_SETTLEMENT,21372.82,USD,COMPLETED,Visa Direct Global,2026-08-12 10:22:12,2026-08-12 12:14:59
11785,5646,209,ACH_DEBIT,81404.61,USD,COMPLETED,Amazon AWS Services,2026-09-06 14:45:26,2026-09-06 16:03:52
11786,5984,405,CARD_AUTH,33320.23,USD,PROCESSING,Fedwire Interbank Net,2026-09-09 13:03:35,2026-09-09 14:38:47
11787,5514,117,FX_CONVERSION,6187.64,USD,PENDING,JPMorgan Settlement Corp,2026-08-13 22:11:35,2026-08-13 23:05:37
11788,5492,78,CARD_AUTH,79093.45,USD,PROCESSING,Visa Direct Global,2026-07-26 10:34:17,2026-07-26 11:32:22
11789,5023,320,CARD_AUTH,9535.38,USD,COMPLETED,Stripe Clearing Inc,2026-08-09 15:28:47,2026-08-09 17:22:08
11790,5116,301,CARD_AUTH,149133.3,USD,COMPLETED,Walmart Global Vendor,2026-09-16 01:08:59,2026-09-16 02:36:27
11791,5835,84,CARD_AUTH,130973.15,USD,ON_HOLD,Fedwire Interbank Net,2026-07-30 07:20:13,2026-07-30 07:52:03
11792,5219,244,INTERNAL_BOOK_TRANSFER,61159.98,USD,COMPLETED,Walmart Global Vendor,2026-08-06 22:32:04,2026-08-06 23:06:05
11793,5045,471,ACH_DEBIT,48199.94,USD,PROCESSING,Stripe Clearing Inc,2026-08-27 17:15:20,2026-08-27 18:00:48
11794,5799,425,INTERNAL_BOOK_TRANSFER,3314.57,USD,COMPLETED,Walmart Global Vendor,2026-08-15 20:31:43,2026-08-15 22:14:15
11795,5310,254,ACH_CREDIT,39346.22,USD,PROCESSING,Stripe Clearing Inc,2026-08-30 11:13:17,2026-08-30 11:56:46
11796,5666,17,CARD_AUTH,29007.86,USD,COMPLETED,Microsoft Azure Cloud,2026-07-22 13:36:34,2026-07-22 15:24:11
11797,5581,214,MERCHANT_SETTLEMENT,126773.14,USD,PENDING,Apple Services US,2026-07-26 04:00:32,2026-07-26 05:46:04
11798,5529,65,INTERNAL_BOOK_TRANSFER,38822.68,USD,PROCESSING,Visa Direct Global,2026-09-10 21:29:25,2026-09-10 22:55:34
11799,5043,280,FX_CONVERSION,143465.03,USD,ON_HOLD,Amazon AWS Services,2026-08-27 17:28:49,2026-08-27 18:31:56
11800,5854,283,ACH_CREDIT,14557.75,USD,COMPLETED,Apple Services US,2026-08-15 02:56:37,2026-08-15 03:53:11
11801,5530,435,WIRE_TRANSFER,118096.95,USD,FAILED,Walmart Global Vendor,2026-08-06 18:10:17,2026-08-06 19:04:13
11802,5642,193,ACH_DEBIT,81898.83,USD,PROCESSING,Oracle Cloud Infra,2026-09-17 18:25:57,2026-09-17 20:15:54
11803,5938,128,INTERNAL_BOOK_TRANSFER,146289.0,USD,PENDING,Visa Direct Global,2026-09-11 04:19:12,2026-09-11 05:19:24
11804,5320,477,FX_CONVERSION,57190.14,USD,COMPLETED,Stripe Clearing Inc,2026-08-20 14:29:49,2026-08-20 15:16:21
11805,5603,134,ACH_DEBIT,120541.9,USD,COMPLETED,Stripe Clearing Inc,2026-07-31 20:59:02,2026-07-31 22:22:54
11806,5139,370,FX_CONVERSION,101936.63,USD,COMPLETED,Apple Services US,2026-08-23 21:41:53,2026-08-23 22:15:36
11807,5714,476,MERCHANT_SETTLEMENT,133375.9,USD,COMPLETED,Walmart Global Vendor,2026-07-30 19:59:06,2026-07-30 20:08:47
11808,5486,41,MERCHANT_SETTLEMENT,102423.0,USD,COMPLETED,Target Retail Network,2026-09-15 16:34:00,2026-09-15 17:47:30
11809,5771,395,FX_CONVERSION,121130.49,USD,COMPLETED,Fedwire Interbank Net,2026-08-19 08:20:52,2026-08-19 08:54:53
11810,5421,500,INTERNAL_BOOK_TRANSFER,97151.76,USD,COMPLETED,Oracle Cloud Infra,2026-09-14 01:33:54,2026-09-14 02:09:28
11811,5336,191,FX_CONVERSION,8395.78,USD,PENDING,Amazon AWS Services,2026-07-24 14:18:09,2026-07-24 14:21:36
11812,5609,336,INTERNAL_BOOK_TRANSFER,85870.88,USD,FAILED,JPMorgan Settlement Corp,2026-08-17 19:49:24,2026-08-17 21:01:53
11813,5995,298,ACH_DEBIT,26860.07,USD,COMPLETED,Fedwire Interbank Net,2026-08-25 05:41:17,2026-08-25 07:14:32
11814,5886,141,CARD_AUTH,135456.92,USD,FAILED,Oracle Cloud Infra,2026-09-17 09:04:27,2026-09-17 10:03:54
11815,5442,255,MERCHANT_SETTLEMENT,7524.58,USD,FAILED,Fedwire Interbank Net,2026-08-14 06:34:47,2026-08-14 06:56:57
11816,5015,420,CARD_AUTH,139710.68,USD,COMPLETED,Fedwire Interbank Net,2026-08-24 04:23:21,2026-08-24 05:30:20
11817,5775,227,ACH_DEBIT,80639.49,USD,COMPLETED,Visa Direct Global,2026-09-01 13:47:40,2026-09-01 15:34:35
11818,5976,158,CARD_AUTH,47857.21,USD,COMPLETED,Target Retail Network,2026-09-06 23:49:09,2026-09-07 01:39:10
11819,5624,15,MERCHANT_SETTLEMENT,19650.54,USD,FAILED,Walmart Global Vendor,2026-08-13 21:09:38,2026-08-13 22:58:47
11820,5415,449,MERCHANT_SETTLEMENT,117497.39,USD,FAILED,JPMorgan Settlement Corp,2026-08-29 11:29:30,2026-08-29 12:15:31
11821,5718,149,WIRE_TRANSFER,16282.54,USD,ON_HOLD,Walmart Global Vendor,2026-09-16 10:22:42,2026-09-16 11:45:49
11822,5356,118,WIRE_TRANSFER,1398.68,USD,ON_HOLD,Fedwire Interbank Net,2026-08-04 09:12:48,2026-08-04 11:09:41
11823,5192,61,ACH_CREDIT,22844.99,USD,COMPLETED,Apple Services US,2026-08-30 09:30:25,2026-08-30 10:35:48
11824,5711,337,MERCHANT_SETTLEMENT,46610.02,USD,COMPLETED,Walmart Global Vendor,2026-09-17 08:48:02,2026-09-17 08:57:18
11825,5400,15,WIRE_TRANSFER,11883.25,USD,COMPLETED,Stripe Clearing Inc,2026-07-28 18:50:44,2026-07-28 19:41:40
11826,5933,498,CARD_AUTH,75516.74,USD,COMPLETED,Oracle Cloud Infra,2026-09-08 00:37:48,2026-09-08 02:05:11
11827,5398,31,WIRE_TRANSFER,114080.05,USD,PROCESSING,Amazon AWS Services,2026-07-30 08:14:22,2026-07-30 09:19:14
11828,5603,265,MERCHANT_SETTLEMENT,72193.28,USD,PENDING,Oracle Cloud Infra,2026-08-01 05:41:16,2026-08-01 06:08:05
11829,5896,41,ACH_CREDIT,86686.7,USD,COMPLETED,Apple Services US,2026-07-21 03:30:27,2026-07-21 05:20:01
11830,5280,229,ACH_CREDIT,149132.55,USD,PENDING,Microsoft Azure Cloud,2026-08-04 18:10:28,2026-08-04 19:37:44
11831,5832,218,WIRE_TRANSFER,22112.96,USD,COMPLETED,JPMorgan Settlement Corp,2026-07-25 00:22:04,2026-07-25 00:49:59
11832,5542,129,ACH_CREDIT,110319.11,USD,PENDING,Walmart Global Vendor,2026-08-10 22:59:35,2026-08-10 23:58:23
11833,5355,357,FX_CONVERSION,109431.33,USD,FAILED,Oracle Cloud Infra,2026-07-24 11:50:14,2026-07-24 12:53:17
11834,5568,180,CARD_AUTH,95342.99,USD,COMPLETED,Microsoft Azure Cloud,2026-09-07 17:36:30,2026-09-07 18:00:27
11835,5318,66,WIRE_TRANSFER,100770.74,USD,ON_HOLD,Target Retail Network,2026-09-06 16:55:26,2026-09-06 17:39:47
11836,5900,130,ACH_DEBIT,119542.57,USD,COMPLETED,Amazon AWS Services,2026-07-22 21:01:15,2026-07-22 22:33:36
11837,5968,220,ACH_DEBIT,45843.17,USD,COMPLETED,Microsoft Azure Cloud,2026-09-03 04:28:54,2026-09-03 05:15:12
11838,5758,75,CARD_AUTH,29541.88,USD,COMPLETED,Stripe Clearing Inc,2026-08-02 09:51:47,2026-08-02 10:18:17
11839,5158,479,INTERNAL_BOOK_TRANSFER,147709.21,USD,COMPLETED,Oracle Cloud Infra,2026-09-17 12:18:15,2026-09-17 14:02:49
11840,5755,375,MERCHANT_SETTLEMENT,102333.92,USD,PROCESSING,Stripe Clearing Inc,2026-09-01 14:05:41,2026-09-01 15:05:37
11841,5923,397,MERCHANT_SETTLEMENT,114629.61,USD,COMPLETED,Microsoft Azure Cloud,2026-08-04 23:24:44,2026-08-05 00:31:37
11842,5174,16,ACH_CREDIT,130144.85,USD,PROCESSING,Oracle Cloud Infra,2026-08-25 16:05:10,2026-08-25 17:38:47
11843,5174,420,WIRE_TRANSFER,134663.5,USD,COMPLETED,Amazon AWS Services,2026-09-10 12:49:26,2026-09-10 12:57:48
11844,5821,434,WIRE_TRANSFER,91021.11,USD,PENDING,Target Retail Network,2026-07-23 20:56:41,2026-07-23 21:31:34
11845,5337,366,INTERNAL_BOOK_TRANSFER,29174.83,USD,PENDING,Visa Direct Global,2026-08-11 02:38:53,2026-08-11 03:23:20
11846,5737,280,FX_CONVERSION,124465.87,USD,COMPLETED,Visa Direct Global,2026-08-11 02:23:54,2026-08-11 03:09:10
11847,5869,118,ACH_DEBIT,1797.49,USD,FAILED,Stripe Clearing Inc,2026-09-07 19:06:50,2026-09-07 19:16:21
11848,5733,447,MERCHANT_SETTLEMENT,66095.5,USD,PROCESSING,Microsoft Azure Cloud,2026-09-07 17:55:01,2026-09-07 18:04:14
11849,5863,218,ACH_DEBIT,148335.07,USD,COMPLETED,Microsoft Azure Cloud,2026-08-13 12:33:00,2026-08-13 14:04:33
11850,5979,185,ACH_DEBIT,39301.96,USD,COMPLETED,Oracle Cloud Infra,2026-08-09 05:43:34,2026-08-09 07:35:31
11851,5548,451,ACH_DEBIT,103273.05,USD,PENDING,Visa Direct Global,2026-08-09 22:26:56,2026-08-09 23:28:30
11852,5722,402,FX_CONVERSION,16095.74,USD,ON_HOLD,Walmart Global Vendor,2026-08-12 05:09:48,2026-08-12 06:37:45
11853,5611,64,ACH_CREDIT,80506.45,USD,PROCESSING,Oracle Cloud Infra,2026-08-13 15:01:41,2026-08-13 17:01:06
11854,5552,377,MERCHANT_SETTLEMENT,120590.77,USD,PROCESSING,Visa Direct Global,2026-08-30 03:27:20,2026-08-30 04:47:28
11855,5541,264,CARD_AUTH,23272.08,USD,FAILED,Visa Direct Global,2026-07-25 17:43:36,2026-07-25 18:25:28
11856,5323,247,FX_CONVERSION,105469.21,USD,FAILED,Apple Services US,2026-07-29 23:37:57,2026-07-30 00:15:28
11857,5860,231,INTERNAL_BOOK_TRANSFER,20651.54,USD,PENDING,Target Retail Network,2026-07-23 08:39:25,2026-07-23 10:30:07
11858,5092,442,INTERNAL_BOOK_TRANSFER,147974.7,USD,PROCESSING,Fedwire Interbank Net,2026-08-13 08:26:56,2026-08-13 08:50:54
11859,5275,68,ACH_CREDIT,124750.53,USD,ON_HOLD,Target Retail Network,2026-09-15 08:08:46,2026-09-15 09:10:13
11860,5167,267,ACH_CREDIT,35759.5,USD,FAILED,Stripe Clearing Inc,2026-08-03 11:30:17,2026-08-03 11:45:45
11861,5662,338,FX_CONVERSION,75008.13,USD,PENDING,JPMorgan Settlement Corp,2026-09-12 20:00:02,2026-09-12 20:28:48
11862,5177,265,CARD_AUTH,77214.97,USD,COMPLETED,Visa Direct Global,2026-09-11 21:46:54,2026-09-11 22:15:56
11863,5172,75,WIRE_TRANSFER,6741.67,USD,COMPLETED,Amazon AWS Services,2026-08-06 19:07:06,2026-08-06 19:38:35
11864,5180,456,WIRE_TRANSFER,2466.7,USD,ON_HOLD,Oracle Cloud Infra,2026-08-26 07:04:32,2026-08-26 08:07:36
11865,5445,195,WIRE_TRANSFER,6820.79,USD,COMPLETED,Oracle Cloud Infra,2026-09-15 18:34:14,2026-09-15 20:05:59
11866,5889,286,CARD_AUTH,101518.55,USD,ON_HOLD,Fedwire Interbank Net,2026-07-31 15:21:31,2026-07-31 15:23:07
11867,5561,43,CARD_AUTH,44338.72,USD,COMPLETED,Fedwire Interbank Net,2026-07-28 20:20:16,2026-07-28 20:59:46
11868,5064,470,INTERNAL_BOOK_TRANSFER,35304.27,USD,PROCESSING,Microsoft Azure Cloud,2026-08-19 19:51:04,2026-08-19 21:19:52
11869,5250,329,WIRE_TRANSFER,88455.36,USD,FAILED,Amazon AWS Services,2026-09-04 16:16:55,2026-09-04 16:54:43
11870,5432,401,CARD_AUTH,114971.11,USD,PROCESSING,JPMorgan Settlement Corp,2026-08-07 18:07:27,2026-08-07 18:50:31
11871,5317,210,CARD_AUTH,147366.75,USD,COMPLETED,Stripe Clearing Inc,2026-07-23 05:01:19,2026-07-23 05:01:53
11872,5204,376,CARD_AUTH,149187.91,USD,PENDING,Fedwire Interbank Net,2026-08-06 12:44:44,2026-08-06 12:45:17
11873,5379,419,CARD_AUTH,41860.54,USD,COMPLETED,Visa Direct Global,2026-08-25 15:20:46,2026-08-25 16:20:35
11874,5855,39,ACH_DEBIT,2956.78,USD,ON_HOLD,Amazon AWS Services,2026-08-31 03:31:07,2026-08-31 04:30:17
11875,5996,460,INTERNAL_BOOK_TRANSFER,58505.66,USD,COMPLETED,Stripe Clearing Inc,2026-07-26 23:47:50,2026-07-26 23:49:41
11876,5927,332,MERCHANT_SETTLEMENT,137423.12,USD,COMPLETED,Stripe Clearing Inc,2026-07-28 14:10:35,2026-07-28 15:46:47
11877,5861,457,ACH_CREDIT,148017.57,USD,COMPLETED,Apple Services US,2026-09-10 09:54:56,2026-09-10 10:39:14
11878,5103,205,FX_CONVERSION,122696.38,USD,PROCESSING,Microsoft Azure Cloud,2026-09-03 09:37:50,2026-09-03 09:43:38
11879,5536,315,WIRE_TRANSFER,55108.77,USD,PROCESSING,Target Retail Network,2026-08-30 13:30:08,2026-08-30 14:27:31
11880,5562,104,ACH_DEBIT,83105.54,USD,PENDING,Oracle Cloud Infra,2026-09-12 22:04:02,2026-09-12 23:21:12
11881,5637,208,ACH_CREDIT,58277.74,USD,PENDING,Amazon AWS Services,2026-09-09 01:59:38,2026-09-09 02:31:40
11882,5553,222,FX_CONVERSION,83324.46,USD,ON_HOLD,Visa Direct Global,2026-07-31 07:27:38,2026-07-31 08:32:13
11883,5542,350,INTERNAL_BOOK_TRANSFER,96134.97,USD,FAILED,Visa Direct Global,2026-07-26 21:03:09,2026-07-26 21:52:56
11884,5032,190,CARD_AUTH,88714.71,USD,COMPLETED,Walmart Global Vendor,2026-09-01 20:34:56,2026-09-01 22:30:14
11885,5080,292,MERCHANT_SETTLEMENT,134521.46,USD,COMPLETED,Visa Direct Global,2026-08-11 19:25:57,2026-08-11 19:43:18
11886,5023,483,WIRE_TRANSFER,19927.27,USD,ON_HOLD,Walmart Global Vendor,2026-09-01 22:57:14,2026-09-02 00:53:16
11887,5987,324,FX_CONVERSION,86607.61,USD,FAILED,JPMorgan Settlement Corp,2026-08-25 17:33:44,2026-08-25 17:35:49
11888,5310,41,FX_CONVERSION,128220.79,USD,FAILED,Visa Direct Global,2026-08-24 14:32:24,2026-08-24 14:51:29
11889,5964,38,CARD_AUTH,69161.57,USD,COMPLETED,Oracle Cloud Infra,2026-08-19 08:16:12,2026-08-19 08:32:21
11890,5472,250,MERCHANT_SETTLEMENT,43636.18,USD,COMPLETED,JPMorgan Settlement Corp,2026-09-05 05:32:25,2026-09-05 06:13:01
11891,5395,309,ACH_CREDIT,117614.26,USD,COMPLETED,Oracle Cloud Infra,2026-09-11 08:41:10,2026-09-11 09:01:00
11892,5288,48,FX_CONVERSION,106922.84,USD,PENDING,JPMorgan Settlement Corp,2026-08-31 03:07:27,2026-08-31 03:43:53
11893,5182,84,ACH_CREDIT,90483.9,USD,PENDING,Walmart Global Vendor,2026-09-07 13:20:44,2026-09-07 14:41:02
11894,5077,231,WIRE_TRANSFER,121679.23,USD,COMPLETED,Walmart Global Vendor,2026-08-14 16:31:48,2026-08-14 16:49:53
11895,5108,422,FX_CONVERSION,52008.38,USD,COMPLETED,Walmart Global Vendor,2026-09-05 00:28:52,2026-09-05 02:22:44
11896,5856,24,ACH_DEBIT,65282.05,USD,PROCESSING,JPMorgan Settlement Corp,2026-07-20 02:29:45,2026-07-20 04:25:11
11897,5592,73,ACH_CREDIT,126688.58,USD,COMPLETED,Apple Services US,2026-07-19 19:54:45,2026-07-19 21:31:48
11898,5589,10,INTERNAL_BOOK_TRANSFER,7491.39,USD,ON_HOLD,Fedwire Interbank Net,2026-08-10 03:22:35,2026-08-10 04:58:48
11899,5921,176,MERCHANT_SETTLEMENT,41284.83,USD,COMPLETED,Apple Services US,2026-08-05 11:48:26,2026-08-05 12:17:21
11900,5848,70,ACH_DEBIT,127146.63,USD,PENDING,JPMorgan Settlement Corp,2026-09-06 16:04:32,2026-09-06 16:26:51
11901,5942,287,FX_CONVERSION,49231.89,USD,ON_HOLD,Microsoft Azure Cloud,2026-07-20 07:33:15,2026-07-20 07:41:18
11902,5092,249,FX_CONVERSION,97801.32,USD,FAILED,Oracle Cloud Infra,2026-08-06 13:39:05,2026-08-06 14:01:08
11903,5706,135,INTERNAL_BOOK_TRANSFER,67907.55,USD,COMPLETED,JPMorgan Settlement Corp,2026-08-29 13:42:30,2026-08-29 13:52:28
11904,5399,483,FX_CONVERSION,138631.33,USD,FAILED,Walmart Global Vendor,2026-07-20 10:19:38,2026-07-20 11:25:27
11905,5068,31,CARD_AUTH,52731.38,USD,PROCESSING,Amazon AWS Services,2026-07-28 16:54:14,2026-07-28 17:10:10
11906,5589,191,WIRE_TRANSFER,91572.7,USD,FAILED,Apple Services US,2026-07-30 10:14:32,2026-07-30 12:06:03
11907,5673,45,ACH_DEBIT,27910.23,USD,COMPLETED,Amazon AWS Services,2026-08-24 00:59:12,2026-08-24 01:30:19
11908,5970,419,CARD_AUTH,119097.02,USD,COMPLETED,Visa Direct Global,2026-08-02 01:03:23,2026-08-02 01:30:43
11909,5045,17,MERCHANT_SETTLEMENT,10655.72,USD,PENDING,Visa Direct Global,2026-08-19 07:14:03,2026-08-19 08:47:02
11910,5016,3,MERCHANT_SETTLEMENT,38482.81,USD,ON_HOLD,Stripe Clearing Inc,2026-09-06 18:35:43,2026-09-06 19:54:10
11911,5805,160,FX_CONVERSION,106713.84,USD,ON_HOLD,Microsoft Azure Cloud,2026-08-10 20:43:37,2026-08-10 22:34:23
11912,5662,73,CARD_AUTH,85134.08,USD,PENDING,Fedwire Interbank Net,2026-09-15 09:47:22,2026-09-15 11:03:16
11913,5587,110,CARD_AUTH,128623.12,USD,COMPLETED,JPMorgan Settlement Corp,2026-09-15 14:38:09,2026-09-15 15:13:20
11914,5286,490,MERCHANT_SETTLEMENT,114904.63,USD,PENDING,Stripe Clearing Inc,2026-09-07 19:02:23,2026-09-07 19:21:45
11915,5486,104,CARD_AUTH,46645.77,USD,PROCESSING,Stripe Clearing Inc,2026-08-09 12:36:12,2026-08-09 14:21:29
11916,5743,397,WIRE_TRANSFER,5352.85,USD,COMPLETED,Amazon AWS Services,2026-08-03 17:59:07,2026-08-03 18:47:13
11917,5794,288,INTERNAL_BOOK_TRANSFER,91626.01,USD,COMPLETED,JPMorgan Settlement Corp,2026-07-26 11:54:06,2026-07-26 12:58:07
11918,5914,152,ACH_CREDIT,145623.77,USD,FAILED,Walmart Global Vendor,2026-08-31 08:02:10,2026-08-31 08:37:12
11919,5537,392,CARD_AUTH,36312.82,USD,FAILED,JPMorgan Settlement Corp,2026-08-29 16:01:08,2026-08-29 17:13:34
11920,5062,208,CARD_AUTH,40969.81,USD,PROCESSING,Fedwire Interbank Net,2026-07-23 14:27:21,2026-07-23 16:09:11
11921,5440,230,ACH_CREDIT,88253.4,USD,COMPLETED,Microsoft Azure Cloud,2026-08-17 21:49:58,2026-08-17 23:04:02
11922,5516,100,FX_CONVERSION,45563.72,USD,COMPLETED,Walmart Global Vendor,2026-08-10 22:42:11,2026-08-10 23:34:30
11923,5944,409,INTERNAL_BOOK_TRANSFER,145357.87,USD,COMPLETED,Fedwire Interbank Net,2026-08-02 05:06:01,2026-08-02 06:19:51
11924,5049,170,ACH_DEBIT,7985.09,USD,FAILED,Apple Services US,2026-08-15 16:31:44,2026-08-15 18:08:01
11925,5052,202,ACH_DEBIT,67361.9,USD,COMPLETED,Walmart Global Vendor,2026-07-27 14:19:40,2026-07-27 15:09:28
11926,5984,204,ACH_CREDIT,30918.74,USD,COMPLETED,Amazon AWS Services,2026-09-15 12:02:47,2026-09-15 12:07:30
11927,5554,480,ACH_DEBIT,135349.49,USD,COMPLETED,Stripe Clearing Inc,2026-07-23 22:48:54,2026-07-23 23:56:20
11928,5645,359,ACH_DEBIT,109599.85,USD,ON_HOLD,Visa Direct Global,2026-07-29 16:47:16,2026-07-29 17:19:14
11929,5103,487,WIRE_TRANSFER,149517.29,USD,PENDING,Oracle Cloud Infra,2026-08-26 11:38:38,2026-08-26 11:51:39
11930,5616,352,WIRE_TRANSFER,21370.5,USD,FAILED,Microsoft Azure Cloud,2026-09-01 01:07:39,2026-09-01 02:40:50
11931,5399,28,INTERNAL_BOOK_TRANSFER,105412.16,USD,COMPLETED,Amazon AWS Services,2026-08-28 06:06:20,2026-08-28 07:44:19
11932,5636,190,ACH_CREDIT,47286.52,USD,COMPLETED,Stripe Clearing Inc,2026-08-06 00:30:19,2026-08-06 00:30:29
11933,5915,43,INTERNAL_BOOK_TRANSFER,20307.03,USD,PENDING,Walmart Global Vendor,2026-09-12 18:23:26,2026-09-12 19:12:18
11934,5893,493,WIRE_TRANSFER,1611.58,USD,FAILED,Fedwire Interbank Net,2026-07-24 18:04:57,2026-07-24 18:15:48
11935,5328,57,ACH_DEBIT,32209.84,USD,ON_HOLD,JPMorgan Settlement Corp,2026-08-22 12:23:47,2026-08-22 14:12:48
11936,5671,352,INTERNAL_BOOK_TRANSFER,88240.58,USD,PENDING,Visa Direct Global,2026-08-21 19:31:32,2026-08-21 19:35:59
11937,5449,145,WIRE_TRANSFER,143380.37,USD,PENDING,Stripe Clearing Inc,2026-08-31 19:54:03,2026-08-31 21:30:16
11938,5196,433,ACH_CREDIT,69568.01,USD,PROCESSING,Amazon AWS Services,2026-08-23 04:20:14,2026-08-23 05:57:01
11939,5761,303,INTERNAL_BOOK_TRANSFER,54939.78,USD,COMPLETED,Target Retail Network,2026-07-26 05:00:33,2026-07-26 05:07:12
11940,5010,202,ACH_DEBIT,143609.98,USD,PROCESSING,Target Retail Network,2026-08-18 08:17:15,2026-08-18 10:02:51
11941,5739,7,ACH_CREDIT,103512.31,USD,PROCESSING,Stripe Clearing Inc,2026-07-20 02:46:16,2026-07-20 03:24:13
11942,5357,65,WIRE_TRANSFER,131746.14,USD,PENDING,Amazon AWS Services,2026-09-06 23:57:36,2026-09-07 01:21:11
11943,5716,498,CARD_AUTH,42649.96,USD,COMPLETED,Oracle Cloud Infra,2026-08-17 22:34:10,2026-08-17 23:59:50
11944,5629,466,WIRE_TRANSFER,143312.9,USD,ON_HOLD,Walmart Global Vendor,2026-09-17 13:41:43,2026-09-17 15:05:59
11945,5914,90,FX_CONVERSION,53892.47,USD,FAILED,Target Retail Network,2026-08-25 02:47:15,2026-08-25 04:20:59
11946,5581,175,ACH_CREDIT,6880.03,USD,PENDING,Stripe Clearing Inc,2026-07-23 01:16:00,2026-07-23 01:24:10
11947,5418,494,MERCHANT_SETTLEMENT,85420.15,USD,PROCESSING,Amazon AWS Services,2026-07-21 16:33:37,2026-07-21 17:28:00
11948,5585,220,CARD_AUTH,82136.24,USD,COMPLETED,Oracle Cloud Infra,2026-08-26 09:12:49,2026-08-26 10:50:48
11949,5450,245,ACH_DEBIT,6637.7,USD,ON_HOLD,Target Retail Network,2026-09-04 07:52:47,2026-09-04 09:01:15
11950,5274,356,INTERNAL_BOOK_TRANSFER,18818.26,USD,COMPLETED,Target Retail Network,2026-09-13 04:36:36,2026-09-13 06:32:30
11951,5296,158,FX_CONVERSION,104841.07,USD,COMPLETED,Target Retail Network,2026-07-21 19:33:55,2026-07-21 19:34:22
11952,5403,252,MERCHANT_SETTLEMENT,56562.43,USD,FAILED,JPMorgan Settlement Corp,2026-08-21 06:27:12,2026-08-21 07:12:04
11953,5009,112,ACH_CREDIT,94941.83,USD,FAILED,Amazon AWS Services,2026-07-26 21:35:24,2026-07-26 22:42:49
11954,5218,195,ACH_DEBIT,38284.58,USD,PENDING,JPMorgan Settlement Corp,2026-08-16 13:53:38,2026-08-16 14:08:09
11955,5471,276,ACH_DEBIT,27586.35,USD,COMPLETED,JPMorgan Settlement Corp,2026-09-13 10:13:01,2026-09-13 11:49:00
11956,5798,77,ACH_CREDIT,118396.9,USD,COMPLETED,Walmart Global Vendor,2026-07-29 01:43:00,2026-07-29 01:52:36
11957,5016,378,CARD_AUTH,4816.93,USD,COMPLETED,Fedwire Interbank Net,2026-07-24 07:52:43,2026-07-24 08:41:25
11958,5251,3,INTERNAL_BOOK_TRANSFER,114651.82,USD,PROCESSING,Oracle Cloud Infra,2026-08-29 00:28:16,2026-08-29 01:38:02
11959,5260,125,WIRE_TRANSFER,22741.66,USD,COMPLETED,Stripe Clearing Inc,2026-08-26 02:36:59,2026-08-26 03:30:40
11960,5455,113,CARD_AUTH,20434.19,USD,COMPLETED,Microsoft Azure Cloud,2026-08-21 07:14:22,2026-08-21 08:16:46
11961,5343,387,FX_CONVERSION,83483.84,USD,PROCESSING,Apple Services US,2026-08-20 05:03:44,2026-08-20 07:00:51
11962,5580,441,ACH_CREDIT,13182.29,USD,PROCESSING,Visa Direct Global,2026-08-29 22:35:31,2026-08-29 23:18:09
11963,5172,203,WIRE_TRANSFER,34661.39,USD,FAILED,Target Retail Network,2026-08-29 12:17:55,2026-08-29 13:49:37
11964,5824,452,ACH_CREDIT,119606.09,USD,ON_HOLD,JPMorgan Settlement Corp,2026-09-02 05:59:36,2026-09-02 06:50:12
11965,5363,267,ACH_CREDIT,11684.17,USD,PENDING,Apple Services US,2026-07-22 05:14:32,2026-07-22 06:49:29
11966,5611,65,WIRE_TRANSFER,136102.0,USD,COMPLETED,Stripe Clearing Inc,2026-08-22 05:56:12,2026-08-22 07:51:13
11967,5166,116,INTERNAL_BOOK_TRANSFER,112796.48,USD,COMPLETED,JPMorgan Settlement Corp,2026-08-07 04:16:40,2026-08-07 05:15:39
11968,5718,491,ACH_CREDIT,14869.17,USD,FAILED,Visa Direct Global,2026-08-05 10:02:08,2026-08-05 10:11:26
11969,5362,465,FX_CONVERSION,117856.92,USD,PROCESSING,Visa Direct Global,2026-09-05 06:50:03,2026-09-05 08:28:49
11970,5005,352,ACH_DEBIT,84842.59,USD,PENDING,Stripe Clearing Inc,2026-07-30 16:54:00,2026-07-30 18:02:46
11971,5448,109,FX_CONVERSION,55730.29,USD,PROCESSING,Oracle Cloud Infra,2026-07-27 17:48:11,2026-07-27 19:27:58
11972,5603,451,ACH_DEBIT,85357.25,USD,PENDING,Apple Services US,2026-08-05 02:01:33,2026-08-05 03:37:44
11973,5708,49,MERCHANT_SETTLEMENT,83413.27,USD,COMPLETED,Amazon AWS Services,2026-08-21 19:15:28,2026-08-21 19:47:49
11974,5491,274,CARD_AUTH,121249.26,USD,PROCESSING,Target Retail Network,2026-07-26 08:17:07,2026-07-26 09:31:57
11975,5385,312,ACH_CREDIT,76290.58,USD,PROCESSING,Apple Services US,2026-08-05 13:26:28,2026-08-05 15:16:16
11976,5522,142,ACH_DEBIT,144217.72,USD,COMPLETED,Amazon AWS Services,2026-07-29 03:24:27,2026-07-29 04:34:41
11977,5142,87,INTERNAL_BOOK_TRANSFER,113105.19,USD,COMPLETED,Amazon AWS Services,2026-07-25 01:32:24,2026-07-25 01:56:44
11978,5565,110,FX_CONVERSION,44199.82,USD,COMPLETED,Target Retail Network,2026-08-01 22:58:24,2026-08-02 00:28:56
11979,5969,80,WIRE_TRANSFER,37813.38,USD,COMPLETED,Microsoft Azure Cloud,2026-09-05 03:12:11,2026-09-05 03:50:19
11980,5671,109,INTERNAL_BOOK_TRANSFER,19774.01,USD,ON_HOLD,Oracle Cloud Infra,2026-07-30 11:24:17,2026-07-30 11:33:22
11981,5432,499,ACH_DEBIT,86601.93,USD,ON_HOLD,Target Retail Network,2026-07-20 19:33:24,2026-07-20 21:05:23
11982,5130,377,INTERNAL_BOOK_TRANSFER,110224.73,USD,COMPLETED,Amazon AWS Services,2026-08-09 00:06:51,2026-08-09 00:13:51
11983,5284,480,INTERNAL_BOOK_TRANSFER,104389.54,USD,COMPLETED,JPMorgan Settlement Corp,2026-08-01 12:03:17,2026-08-01 13:41:15
11984,5450,255,ACH_DEBIT,127576.79,USD,COMPLETED,Stripe Clearing Inc,2026-08-12 11:37:52,2026-08-12 12:28:52
11985,5736,100,WIRE_TRANSFER,134779.26,USD,FAILED,JPMorgan Settlement Corp,2026-09-06 16:38:01,2026-09-06 16:50:52
11986,5428,172,WIRE_TRANSFER,61088.82,USD,PENDING,Target Retail Network,2026-07-20 02:29:43,2026-07-20 04:02:56
11987,5845,30,ACH_DEBIT,107294.36,USD,PROCESSING,Target Retail Network,2026-08-31 12:58:33,2026-08-31 14:01:01
11988,5471,183,MERCHANT_SETTLEMENT,135466.48,USD,COMPLETED,Visa Direct Global,2026-09-09 23:41:54,2026-09-10 00:12:36
11989,5136,394,WIRE_TRANSFER,102576.11,USD,ON_HOLD,JPMorgan Settlement Corp,2026-09-15 21:42:45,2026-09-15 21:55:04
11990,5426,350,CARD_AUTH,102876.17,USD,ON_HOLD,Stripe Clearing Inc,2026-09-03 10:11:46,2026-09-03 10:52:36
11991,5388,443,FX_CONVERSION,6155.95,USD,COMPLETED,Visa Direct Global,2026-09-09 08:49:28,2026-09-09 09:19:20
11992,5123,484,CARD_AUTH,4400.5,USD,COMPLETED,Oracle Cloud Infra,2026-08-15 14:40:39,2026-08-15 14:49:51
11993,5635,199,MERCHANT_SETTLEMENT,24351.72,USD,PROCESSING,Stripe Clearing Inc,2026-08-08 12:51:04,2026-08-08 13:07:19
11994,5430,250,WIRE_TRANSFER,75175.8,USD,COMPLETED,Fedwire Interbank Net,2026-09-11 22:05:39,2026-09-11 22:56:03
11995,5993,431,MERCHANT_SETTLEMENT,126219.23,USD,PENDING,Apple Services US,2026-07-23 18:19:39,2026-07-23 19:12:02
11996,5240,359,MERCHANT_SETTLEMENT,139481.02,USD,COMPLETED,Visa Direct Global,2026-09-07 13:09:18,2026-09-07 14:59:10
11997,5404,186,ACH_DEBIT,9090.64,USD,PROCESSING,Microsoft Azure Cloud,2026-08-13 13:20:53,2026-08-13 14:01:59
11998,5672,19,MERCHANT_SETTLEMENT,144797.73,USD,PENDING,Target Retail Network,2026-08-18 13:11:51,2026-08-18 14:34:29
11999,5789,97,INTERNAL_BOOK_TRANSFER,33727.73,USD,PENDING,Walmart Global Vendor,2026-07-20 15:39:41,2026-07-20 16:21:02
12000,5663,310,MERCHANT_SETTLEMENT,25112.46,USD,COMPLETED,JPMorgan Settlement Corp,2026-08-05 05:26:14,2026-08-05 06:18:55
12001,5138,223,CARD_AUTH,17643.18,USD,COMPLETED,JPMorgan Settlement Corp,2026-08-13 15:39:23,2026-08-13 16:09:01
12002,5805,211,INTERNAL_BOOK_TRANSFER,20638.81,USD,FAILED,Walmart Global Vendor,2026-09-11 16:33:38,2026-09-11 18:08:39
12003,5329,137,INTERNAL_BOOK_TRANSFER,22717.48,USD,ON_HOLD,Oracle Cloud Infra,2026-09-07 15:42:08,2026-09-07 17:09:05
12004,5908,489,WIRE_TRANSFER,80082.03,USD,PENDING,Visa Direct Global,2026-09-17 19:06:51,2026-09-17 19:20:19
12005,5758,319,MERCHANT_SETTLEMENT,22149.57,USD,COMPLETED,Microsoft Azure Cloud,2026-07-28 00:59:08,2026-07-28 02:29:03
12006,5616,293,INTERNAL_BOOK_TRANSFER,57055.74,USD,COMPLETED,Target Retail Network,2026-09-12 03:58:46,2026-09-12 04:45:06
12007,5825,123,ACH_CREDIT,108031.95,USD,COMPLETED,Apple Services US,2026-08-06 22:43:04,2026-08-06 23:33:04
12008,5683,30,ACH_DEBIT,79756.26,USD,COMPLETED,Target Retail Network,2026-08-14 03:20:37,2026-08-14 03:48:19
12009,5973,418,WIRE_TRANSFER,121342.39,USD,COMPLETED,Stripe Clearing Inc,2026-07-27 11:07:17,2026-07-27 12:43:48
12010,5855,188,CARD_AUTH,100277.62,USD,PENDING,Fedwire Interbank Net,2026-07-22 12:59:27,2026-07-22 13:50:34
12011,5737,137,ACH_DEBIT,129538.54,USD,FAILED,Fedwire Interbank Net,2026-09-12 13:19:23,2026-09-12 14:51:38
12012,5276,256,ACH_DEBIT,119415.11,USD,PENDING,Visa Direct Global,2026-08-14 20:50:28,2026-08-14 22:29:05
12013,5791,483,INTERNAL_BOOK_TRANSFER,50342.48,USD,COMPLETED,Walmart Global Vendor,2026-08-12 02:50:46,2026-08-12 03:50:27
12014,5380,289,MERCHANT_SETTLEMENT,148669.46,USD,COMPLETED,Fedwire Interbank Net,2026-08-26 08:45:07,2026-08-26 10:24:36
12015,5609,398,FX_CONVERSION,57361.92,USD,FAILED,Stripe Clearing Inc,2026-08-30 15:51:33,2026-08-30 16:20:07
12016,5928,144,ACH_CREDIT,11885.28,USD,COMPLETED,Microsoft Azure Cloud,2026-08-24 17:47:29,2026-08-24 17:50:35
12017,5549,358,WIRE_TRANSFER,85913.88,USD,FAILED,Visa Direct Global,2026-08-18 13:37:00,2026-08-18 14:46:26
12018,5090,418,ACH_DEBIT,27825.49,USD,PENDING,Visa Direct Global,2026-08-02 16:02:31,2026-08-02 16:46:42
12019,5806,482,ACH_DEBIT,86368.31,USD,PENDING,Microsoft Azure Cloud,2026-09-01 04:37:14,2026-09-01 05:02:07
12020,5116,437,ACH_CREDIT,2057.09,USD,FAILED,Microsoft Azure Cloud,2026-08-02 02:19:32,2026-08-02 02:52:19
12021,5377,398,INTERNAL_BOOK_TRANSFER,88285.69,USD,COMPLETED,Microsoft Azure Cloud,2026-08-06 10:54:44,2026-08-06 11:47:21
12022,5126,478,CARD_AUTH,42905.49,USD,ON_HOLD,Microsoft Azure Cloud,2026-09-10 16:27:31,2026-09-10 17:47:16
12023,5201,127,CARD_AUTH,134591.71,USD,PENDING,Stripe Clearing Inc,2026-08-18 01:08:44,2026-08-18 02:54:52
12024,5325,454,ACH_DEBIT,32043.7,USD,FAILED,Amazon AWS Services,2026-09-01 18:53:00,2026-09-01 20:10:26
12025,5423,113,INTERNAL_BOOK_TRANSFER,115553.84,USD,COMPLETED,Stripe Clearing Inc,2026-07-21 13:52:53,2026-07-21 13:57:03
12026,5547,331,INTERNAL_BOOK_TRANSFER,109637.46,USD,PENDING,Oracle Cloud Infra,2026-08-23 09:56:06,2026-08-23 10:18:59
12027,5146,478,WIRE_TRANSFER,11933.6,USD,ON_HOLD,Oracle Cloud Infra,2026-09-01 04:30:13,2026-09-01 04:42:54
12028,5939,478,FX_CONVERSION,42146.04,USD,COMPLETED,Target Retail Network,2026-08-24 01:02:06,2026-08-24 02:53:32
12029,5993,337,ACH_DEBIT,110875.31,USD,COMPLETED,Fedwire Interbank Net,2026-09-06 21:38:18,2026-09-06 23:27:16
12030,5472,133,ACH_DEBIT,126625.2,USD,ON_HOLD,Apple Services US,2026-07-24 13:02:20,2026-07-24 13:17:46
12031,5510,100,INTERNAL_BOOK_TRANSFER,144731.91,USD,FAILED,Amazon AWS Services,2026-09-09 04:30:57,2026-09-09 05:27:08
12032,5816,175,INTERNAL_BOOK_TRANSFER,123057.95,USD,COMPLETED,Apple Services US,2026-09-02 18:10:15,2026-09-02 19:12:10
12033,5136,296,MERCHANT_SETTLEMENT,60061.04,USD,COMPLETED,Fedwire Interbank Net,2026-08-07 02:32:32,2026-08-07 02:59:14
12034,5480,2,WIRE_TRANSFER,41817.0,USD,COMPLETED,Amazon AWS Services,2026-08-23 11:53:50,2026-08-23 13:45:13
12035,5157,417,MERCHANT_SETTLEMENT,139866.08,USD,COMPLETED,Amazon AWS Services,2026-08-24 12:04:44,2026-08-24 12:49:15
12036,5665,266,INTERNAL_BOOK_TRANSFER,147612.93,USD,COMPLETED,Amazon AWS Services,2026-08-03 13:55:01,2026-08-03 15:01:09
12037,5877,350,ACH_CREDIT,109430.13,USD,COMPLETED,Microsoft Azure Cloud,2026-08-06 21:54:04,2026-08-06 22:37:48
12038,5475,340,CARD_AUTH,141805.85,USD,COMPLETED,Fedwire Interbank Net,2026-07-22 09:26:59,2026-07-22 10:49:33
12039,5309,117,FX_CONVERSION,103852.8,USD,COMPLETED,Target Retail Network,2026-08-27 11:10:07,2026-08-27 12:22:26
12040,5826,322,INTERNAL_BOOK_TRANSFER,13049.98,USD,COMPLETED,Amazon AWS Services,2026-08-08 02:12:53,2026-08-08 02:29:34
12041,5203,194,FX_CONVERSION,51896.16,USD,ON_HOLD,JPMorgan Settlement Corp,2026-09-08 03:01:31,2026-09-08 04:47:29
12042,5401,91,INTERNAL_BOOK_TRANSFER,4043.16,USD,ON_HOLD,JPMorgan Settlement Corp,2026-09-13 17:02:50,2026-09-13 18:42:04
12043,5647,439,MERCHANT_SETTLEMENT,117619.46,USD,COMPLETED,JPMorgan Settlement Corp,2026-08-25 02:09:22,2026-08-25 03:33:28
12044,5361,424,CARD_AUTH,98899.77,USD,COMPLETED,Target Retail Network,2026-08-03 05:28:17,2026-08-03 05:51:26
12045,5155,328,INTERNAL_BOOK_TRANSFER,115634.52,USD,PENDING,Target Retail Network,2026-09-17 15:02:06,2026-09-17 15:28:08
12046,5916,268,FX_CONVERSION,91198.56,USD,COMPLETED,Microsoft Azure Cloud,2026-08-24 02:59:53,2026-08-24 04:56:24
12047,5486,354,INTERNAL_BOOK_TRANSFER,124250.21,USD,FAILED,Target Retail Network,2026-08-23 04:44:27,2026-08-23 05:15:19
12048,5133,117,MERCHANT_SETTLEMENT,64037.84,USD,PROCESSING,Walmart Global Vendor,2026-07-23 04:45:49,2026-07-23 05:50:00
12049,5407,47,WIRE_TRANSFER,82695.51,USD,PENDING,Amazon AWS Services,2026-09-07 11:32:14,2026-09-07 11:57:54
12050,5399,311,MERCHANT_SETTLEMENT,118192.24,USD,COMPLETED,Oracle Cloud Infra,2026-08-04 04:51:27,2026-08-04 06:44:49
12051,5875,103,MERCHANT_SETTLEMENT,5810.67,USD,COMPLETED,Apple Services US,2026-07-31 22:17:57,2026-07-31 22:39:19
12052,5406,52,ACH_DEBIT,96729.98,USD,FAILED,Oracle Cloud Infra,2026-08-10 09:40:38,2026-08-10 10:56:56
12053,5695,287,INTERNAL_BOOK_TRANSFER,144287.28,USD,ON_HOLD,Stripe Clearing Inc,2026-09-05 16:31:57,2026-09-05 18:02:59
12054,5813,432,INTERNAL_BOOK_TRANSFER,65225.68,USD,ON_HOLD,Microsoft Azure Cloud,2026-09-09 16:23:22,2026-09-09 18:20:48
12055,5265,400,MERCHANT_SETTLEMENT,71784.75,USD,COMPLETED,Apple Services US,2026-08-14 07:48:09,2026-08-14 08:06:07
12056,5149,108,ACH_CREDIT,147323.3,USD,COMPLETED,JPMorgan Settlement Corp,2026-08-04 11:49:37,2026-08-04 13:26:55
12057,5521,9,INTERNAL_BOOK_TRANSFER,15942.38,USD,PROCESSING,Microsoft Azure Cloud,2026-08-13 11:03:57,2026-08-13 11:25:03
12058,5355,287,INTERNAL_BOOK_TRANSFER,128713.27,USD,PROCESSING,JPMorgan Settlement Corp,2026-08-06 16:49:49,2026-08-06 17:14:17
12059,5752,491,ACH_DEBIT,60769.28,USD,PENDING,JPMorgan Settlement Corp,2026-09-17 19:39:27,2026-09-17 20:25:37
12060,5217,191,INTERNAL_BOOK_TRANSFER,7420.58,USD,PENDING,Target Retail Network,2026-09-04 07:25:43,2026-09-04 09:23:49
12061,5818,126,WIRE_TRANSFER,128266.23,USD,COMPLETED,Oracle Cloud Infra,2026-07-25 04:54:47,2026-07-25 05:31:56
12062,5407,351,CARD_AUTH,73779.41,USD,COMPLETED,Target Retail Network,2026-07-20 10:28:51,2026-07-20 11:35:13
12063,5686,162,ACH_CREDIT,128519.43,USD,COMPLETED,Stripe Clearing Inc,2026-09-12 08:35:27,2026-09-12 09:19:45
12064,5153,7,INTERNAL_BOOK_TRANSFER,10784.24,USD,FAILED,Fedwire Interbank Net,2026-08-05 18:25:11,2026-08-05 19:20:03
12065,5677,30,FX_CONVERSION,117687.26,USD,ON_HOLD,Fedwire Interbank Net,2026-08-11 01:56:07,2026-08-11 03:14:08
12066,5849,369,MERCHANT_SETTLEMENT,98536.4,USD,PENDING,Stripe Clearing Inc,2026-08-19 07:02:59,2026-08-19 08:42:48
12067,5284,405,MERCHANT_SETTLEMENT,6779.29,USD,COMPLETED,Microsoft Azure Cloud,2026-09-13 00:53:03,2026-09-13 01:03:03
12068,5819,90,INTERNAL_BOOK_TRANSFER,98961.91,USD,COMPLETED,Stripe Clearing Inc,2026-08-30 09:21:37,2026-08-30 11:00:03
12069,5275,37,WIRE_TRANSFER,84945.03,USD,ON_HOLD,Walmart Global Vendor,2026-08-20 20:36:22,2026-08-20 21:34:55
12070,5279,9,FX_CONVERSION,140003.48,USD,COMPLETED,Visa Direct Global,2026-08-25 07:51:24,2026-08-25 09:12:22
12071,5217,303,ACH_DEBIT,67642.9,USD,PENDING,Walmart Global Vendor,2026-08-06 18:31:56,2026-08-06 18:40:14
12072,5489,412,WIRE_TRANSFER,121685.34,USD,COMPLETED,Microsoft Azure Cloud,2026-08-05 04:56:01,2026-08-05 05:55:26
12073,6000,82,INTERNAL_BOOK_TRANSFER,2261.46,USD,PROCESSING,Apple Services US,2026-07-29 03:41:09,2026-07-29 03:59:47
12074,5747,339,WIRE_TRANSFER,22472.35,USD,COMPLETED,Target Retail Network,2026-09-13 07:38:02,2026-09-13 08:11:22
12075,5770,367,MERCHANT_SETTLEMENT,135892.94,USD,PROCESSING,Fedwire Interbank Net,2026-09-02 18:04:25,2026-09-02 19:17:07
12076,5581,332,MERCHANT_SETTLEMENT,60912.66,USD,PROCESSING,Oracle Cloud Infra,2026-09-03 21:35:27,2026-09-03 22:04:58
12077,5076,85,MERCHANT_SETTLEMENT,73595.42,USD,PENDING,Target Retail Network,2026-07-27 13:57:29,2026-07-27 15:46:30
12078,5617,395,ACH_CREDIT,19799.88,USD,ON_HOLD,Fedwire Interbank Net,2026-07-22 13:45:26,2026-07-22 14:48:22
12079,5983,174,INTERNAL_BOOK_TRANSFER,86527.14,USD,PROCESSING,Oracle Cloud Infra,2026-09-03 22:57:38,2026-09-04 00:26:17
12080,5558,216,ACH_DEBIT,35604.16,USD,ON_HOLD,Target Retail Network,2026-09-13 07:50:55,2026-09-13 09:26:20
12081,5710,159,ACH_CREDIT,17315.78,USD,COMPLETED,Fedwire Interbank Net,2026-08-20 17:58:00,2026-08-20 18:40:14
12082,5193,16,FX_CONVERSION,100825.38,USD,FAILED,Visa Direct Global,2026-08-21 08:04:37,2026-08-21 08:29:30
12083,5239,64,ACH_CREDIT,6876.44,USD,COMPLETED,Visa Direct Global,2026-07-26 13:08:31,2026-07-26 13:56:39
12084,5863,13,CARD_AUTH,52382.41,USD,FAILED,Fedwire Interbank Net,2026-08-15 06:14:47,2026-08-15 06:53:28
12085,5577,328,MERCHANT_SETTLEMENT,119936.25,USD,COMPLETED,Apple Services US,2026-07-20 11:49:12,2026-07-20 13:26:21
12086,5052,1,ACH_CREDIT,63144.5,USD,PROCESSING,Apple Services US,2026-08-27 05:41:10,2026-08-27 06:23:03
12087,5317,279,INTERNAL_BOOK_TRANSFER,114383.35,USD,PENDING,Fedwire Interbank Net,2026-08-17 17:33:51,2026-08-17 18:52:05
12088,5459,304,MERCHANT_SETTLEMENT,138505.54,USD,COMPLETED,Fedwire Interbank Net,2026-08-08 08:50:54,2026-08-08 09:43:38
12089,5912,178,MERCHANT_SETTLEMENT,103601.82,USD,COMPLETED,Microsoft Azure Cloud,2026-08-20 22:11:05,2026-08-20 22:15:40
12090,5024,209,ACH_CREDIT,52967.0,USD,ON_HOLD,Target Retail Network,2026-09-03 11:33:19,2026-09-03 12:00:35
12091,5039,302,INTERNAL_BOOK_TRANSFER,57933.79,USD,COMPLETED,Visa Direct Global,2026-08-30 05:52:41,2026-08-30 07:16:56
12092,5191,493,MERCHANT_SETTLEMENT,66221.16,USD,COMPLETED,Visa Direct Global,2026-08-23 14:11:20,2026-08-23 14:30:10
12093,5583,357,MERCHANT_SETTLEMENT,33430.84,USD,COMPLETED,Amazon AWS Services,2026-08-24 20:10:27,2026-08-24 21:31:34
12094,5478,369,WIRE_TRANSFER,26907.87,USD,COMPLETED,Stripe Clearing Inc,2026-08-04 12:07:15,2026-08-04 13:19:33
12095,5165,237,MERCHANT_SETTLEMENT,101171.47,USD,PENDING,Microsoft Azure Cloud,2026-08-11 14:49:34,2026-08-11 15:00:20
12096,5874,161,FX_CONVERSION,43515.24,USD,PROCESSING,Visa Direct Global,2026-09-12 03:42:45,2026-09-12 05:37:35
12097,5584,391,ACH_DEBIT,91768.51,USD,COMPLETED,Microsoft Azure Cloud,2026-08-29 00:20:18,2026-08-29 01:50:08
12098,5446,127,ACH_DEBIT,145856.9,USD,FAILED,Microsoft Azure Cloud,2026-08-17 04:33:09,2026-08-17 06:14:59
12099,5227,158,INTERNAL_BOOK_TRANSFER,38628.62,USD,COMPLETED,Microsoft Azure Cloud,2026-09-17 05:48:11,2026-09-17 06:04:49
12100,5406,292,FX_CONVERSION,88373.72,USD,FAILED,Visa Direct Global,2026-08-12 08:44:20,2026-08-12 10:38:15
12101,5723,484,CARD_AUTH,38790.71,USD,PROCESSING,Apple Services US,2026-08-16 12:04:33,2026-08-16 12:35:32
12102,5589,452,ACH_DEBIT,131564.15,USD,COMPLETED,Amazon AWS Services,2026-09-08 21:01:50,2026-09-08 22:45:33
12103,5693,429,INTERNAL_BOOK_TRANSFER,104948.89,USD,COMPLETED,JPMorgan Settlement Corp,2026-08-10 14:57:38,2026-08-10 15:04:14
12104,5608,169,FX_CONVERSION,63034.02,USD,PROCESSING,Apple Services US,2026-08-10 00:58:26,2026-08-10 02:17:06
12105,5686,419,FX_CONVERSION,96390.9,USD,PROCESSING,Visa Direct Global,2026-08-15 00:00:16,2026-08-15 00:13:58
12106,5256,81,WIRE_TRANSFER,145101.56,USD,FAILED,Visa Direct Global,2026-09-01 01:57:41,2026-09-01 02:15:23
12107,5063,354,ACH_CREDIT,17294.09,USD,PENDING,Amazon AWS Services,2026-09-04 07:45:32,2026-09-04 08:30:14
12108,5309,461,CARD_AUTH,77798.09,USD,COMPLETED,Microsoft Azure Cloud,2026-08-28 21:39:40,2026-08-28 22:30:20
12109,5345,242,CARD_AUTH,87851.33,USD,FAILED,JPMorgan Settlement Corp,2026-07-23 10:40:05,2026-07-23 11:13:32
12110,5011,22,ACH_DEBIT,41739.06,USD,PENDING,Microsoft Azure Cloud,2026-08-25 20:44:01,2026-08-25 20:52:51
12111,5152,371,FX_CONVERSION,33536.71,USD,COMPLETED,Amazon AWS Services,2026-08-02 13:20:18,2026-08-02 15:01:02
12112,5896,183,WIRE_TRANSFER,20476.09,USD,COMPLETED,Target Retail Network,2026-09-02 15:04:33,2026-09-02 15:50:08
12113,5880,202,CARD_AUTH,53452.27,USD,ON_HOLD,Visa Direct Global,2026-08-26 20:16:46,2026-08-26 20:42:50
12114,5339,299,ACH_DEBIT,94210.15,USD,FAILED,Apple Services US,2026-07-20 01:10:09,2026-07-20 02:26:03
12115,5963,221,CARD_AUTH,11855.68,USD,PROCESSING,Visa Direct Global,2026-08-10 00:40:54,2026-08-10 00:50:22
12116,5268,362,ACH_DEBIT,82893.98,USD,COMPLETED,Microsoft Azure Cloud,2026-08-20 14:19:57,2026-08-20 15:14:10
12117,5398,114,WIRE_TRANSFER,10895.5,USD,PROCESSING,Oracle Cloud Infra,2026-08-24 20:13:56,2026-08-24 20:20:34
12118,5907,105,ACH_DEBIT,133540.12,USD,COMPLETED,Fedwire Interbank Net,2026-08-04 02:56:19,2026-08-04 04:27:58
12119,5759,70,WIRE_TRANSFER,128699.91,USD,COMPLETED,Microsoft Azure Cloud,2026-09-02 05:52:05,2026-09-02 06:32:08
12120,5188,136,MERCHANT_SETTLEMENT,31207.04,USD,COMPLETED,Amazon AWS Services,2026-08-18 01:45:08,2026-08-18 02:16:53
12121,5680,231,INTERNAL_BOOK_TRANSFER,86927.56,USD,PROCESSING,Fedwire Interbank Net,2026-09-10 06:41:47,2026-09-10 08:35:21
12122,5029,17,FX_CONVERSION,118725.78,USD,ON_HOLD,Walmart Global Vendor,2026-08-02 12:01:03,2026-08-02 13:18:49
12123,5882,144,MERCHANT_SETTLEMENT,112995.78,USD,COMPLETED,JPMorgan Settlement Corp,2026-07-28 12:43:06,2026-07-28 14:11:28
12124,5679,498,MERCHANT_SETTLEMENT,65737.45,USD,COMPLETED,Stripe Clearing Inc,2026-09-03 01:12:04,2026-09-03 01:48:07
12125,5193,20,ACH_DEBIT,31196.1,USD,COMPLETED,Amazon AWS Services,2026-08-03 21:19:59,2026-08-03 21:51:14
12126,5550,407,CARD_AUTH,125211.49,USD,COMPLETED,JPMorgan Settlement Corp,2026-08-04 13:13:40,2026-08-04 15:05:02
12127,5573,313,ACH_DEBIT,63333.38,USD,COMPLETED,JPMorgan Settlement Corp,2026-09-01 08:44:53,2026-09-01 10:27:35
12128,5345,374,CARD_AUTH,113090.03,USD,FAILED,JPMorgan Settlement Corp,2026-08-08 03:24:19,2026-08-08 03:51:50
12129,5137,267,ACH_CREDIT,93550.87,USD,COMPLETED,Amazon AWS Services,2026-08-02 01:21:16,2026-08-02 01:23:34
12130,5138,170,MERCHANT_SETTLEMENT,86053.41,USD,COMPLETED,Target Retail Network,2026-08-08 16:05:00,2026-08-08 18:04:56
12131,5011,118,WIRE_TRANSFER,32938.84,USD,COMPLETED,Fedwire Interbank Net,2026-09-03 07:19:45,2026-09-03 08:20:02
12132,5070,376,INTERNAL_BOOK_TRANSFER,18450.73,USD,PENDING,Apple Services US,2026-08-24 06:44:55,2026-08-24 08:36:22
12133,5011,225,CARD_AUTH,64044.84,USD,FAILED,Apple Services US,2026-09-17 00:24:38,2026-09-17 01:47:59
12134,5356,385,CARD_AUTH,47295.77,USD,ON_HOLD,Amazon AWS Services,2026-08-05 16:11:48,2026-08-05 16:49:50
12135,5658,190,ACH_CREDIT,8431.58,USD,COMPLETED,Target Retail Network,2026-09-14 07:16:46,2026-09-14 08:32:46
12136,5789,133,CARD_AUTH,73158.5,USD,COMPLETED,Amazon AWS Services,2026-08-09 20:54:57,2026-08-09 21:32:00
12137,5734,470,CARD_AUTH,19793.64,USD,COMPLETED,Oracle Cloud Infra,2026-08-17 13:30:45,2026-08-17 14:33:25
12138,5070,485,CARD_AUTH,87239.82,USD,ON_HOLD,Amazon AWS Services,2026-07-28 15:30:22,2026-07-28 16:32:27
12139,5735,84,ACH_CREDIT,99296.23,USD,COMPLETED,Microsoft Azure Cloud,2026-07-24 21:13:02,2026-07-24 22:04:05
12140,5060,225,CARD_AUTH,131804.2,USD,PENDING,Microsoft Azure Cloud,2026-09-10 21:07:31,2026-09-10 22:10:45
12141,5748,398,WIRE_TRANSFER,124758.85,USD,PENDING,Apple Services US,2026-08-20 00:01:22,2026-08-20 01:54:04
12142,5267,212,WIRE_TRANSFER,93354.42,USD,FAILED,Visa Direct Global,2026-08-06 13:54:16,2026-08-06 14:30:21
12143,5052,198,ACH_DEBIT,95982.0,USD,COMPLETED,Oracle Cloud Infra,2026-08-31 14:41:26,2026-08-31 15:02:33
12144,5808,347,MERCHANT_SETTLEMENT,94347.81,USD,COMPLETED,Oracle Cloud Infra,2026-07-26 01:06:32,2026-07-26 01:31:10
12145,5160,163,FX_CONVERSION,6039.96,USD,PROCESSING,Walmart Global Vendor,2026-08-26 05:31:55,2026-08-26 06:25:49
12146,5777,274,ACH_DEBIT,106899.06,USD,PROCESSING,JPMorgan Settlement Corp,2026-08-12 20:16:02,2026-08-12 21:22:23
12147,5256,322,ACH_CREDIT,67719.42,USD,FAILED,Stripe Clearing Inc,2026-08-06 21:53:50,2026-08-06 22:07:31
12148,5134,44,WIRE_TRANSFER,146899.49,USD,COMPLETED,Oracle Cloud Infra,2026-09-02 06:43:51,2026-09-02 07:54:02
12149,5043,121,INTERNAL_BOOK_TRANSFER,52015.0,USD,ON_HOLD,Oracle Cloud Infra,2026-08-29 04:57:17,2026-08-29 06:47:35
12150,5941,381,FX_CONVERSION,7523.72,USD,COMPLETED,Apple Services US,2026-07-24 15:04:34,2026-07-24 17:02:28
12151,5845,249,ACH_DEBIT,104045.71,USD,FAILED,Target Retail Network,2026-09-15 21:49:39,2026-09-15 22:10:21
12152,5361,54,FX_CONVERSION,145744.39,USD,PROCESSING,Microsoft Azure Cloud,2026-08-23 06:53:12,2026-08-23 07:17:36
12153,5613,163,INTERNAL_BOOK_TRANSFER,132865.34,USD,FAILED,Stripe Clearing Inc,2026-09-05 18:51:18,2026-09-05 19:05:18
12154,5177,90,ACH_CREDIT,135799.82,USD,PENDING,Microsoft Azure Cloud,2026-08-13 01:47:05,2026-08-13 02:17:14
12155,5571,233,ACH_CREDIT,24553.8,USD,COMPLETED,Microsoft Azure Cloud,2026-08-03 08:29:19,2026-08-03 08:49:06
12156,5116,193,ACH_CREDIT,56548.52,USD,COMPLETED,Microsoft Azure Cloud,2026-09-15 05:08:23,2026-09-15 06:36:40
12157,5392,436,ACH_CREDIT,136318.07,USD,ON_HOLD,Amazon AWS Services,2026-09-10 05:04:47,2026-09-10 06:56:20
12158,5201,104,ACH_DEBIT,44182.14,USD,PENDING,Amazon AWS Services,2026-08-18 09:51:02,2026-08-18 10:59:41
12159,5861,266,MERCHANT_SETTLEMENT,76298.72,USD,PROCESSING,Walmart Global Vendor,2026-07-20 23:08:07,2026-07-20 23:45:11
12160,5476,11,CARD_AUTH,24952.78,USD,FAILED,Walmart Global Vendor,2026-09-17 10:08:39,2026-09-17 11:42:00
12161,5387,393,FX_CONVERSION,102661.26,USD,COMPLETED,Visa Direct Global,2026-08-19 05:37:49,2026-08-19 06:03:46
12162,5807,350,MERCHANT_SETTLEMENT,74538.11,USD,PROCESSING,JPMorgan Settlement Corp,2026-08-27 09:27:21,2026-08-27 10:25:45
12163,5650,337,ACH_CREDIT,24015.17,USD,PROCESSING,Walmart Global Vendor,2026-08-29 00:43:42,2026-08-29 01:15:37
12164,5275,95,MERCHANT_SETTLEMENT,138194.29,USD,PENDING,Walmart Global Vendor,2026-08-05 09:03:22,2026-08-05 09:25:17
12165,5934,184,FX_CONVERSION,23063.23,USD,PENDING,Stripe Clearing Inc,2026-08-27 14:21:52,2026-08-27 15:09:38
12166,5556,43,ACH_CREDIT,121433.04,USD,COMPLETED,Amazon AWS Services,2026-08-24 15:20:10,2026-08-24 16:38:26
12167,5743,475,ACH_CREDIT,22658.06,USD,COMPLETED,Stripe Clearing Inc,2026-07-26 17:59:43,2026-07-26 18:43:50
12168,5947,443,CARD_AUTH,61591.94,USD,COMPLETED,JPMorgan Settlement Corp,2026-09-15 05:51:41,2026-09-15 06:35:08
12169,5324,388,INTERNAL_BOOK_TRANSFER,105177.33,USD,PENDING,Target Retail Network,2026-08-31 03:28:19,2026-08-31 04:01:45
12170,5475,343,INTERNAL_BOOK_TRANSFER,121859.39,USD,ON_HOLD,Fedwire Interbank Net,2026-08-05 13:23:59,2026-08-05 15:16:56
12171,5638,371,ACH_DEBIT,99620.61,USD,COMPLETED,Amazon AWS Services,2026-08-30 17:09:21,2026-08-30 18:00:54
12172,5078,172,INTERNAL_BOOK_TRANSFER,38900.23,USD,PROCESSING,Amazon AWS Services,2026-09-11 08:13:04,2026-09-11 08:59:31
12173,5100,100,ACH_CREDIT,108584.75,USD,COMPLETED,Oracle Cloud Infra,2026-07-23 18:01:13,2026-07-23 18:07:15
12174,5280,294,FX_CONVERSION,127753.93,USD,COMPLETED,JPMorgan Settlement Corp,2026-07-26 01:26:34,2026-07-26 03:18:27
12175,5658,43,ACH_CREDIT,127579.37,USD,COMPLETED,JPMorgan Settlement Corp,2026-07-27 05:29:29,2026-07-27 06:20:22
12176,5768,152,FX_CONVERSION,99420.54,USD,COMPLETED,Walmart Global Vendor,2026-09-10 02:09:44,2026-09-10 02:30:47
12177,5891,223,FX_CONVERSION,62588.32,USD,PENDING,Fedwire Interbank Net,2026-08-17 18:03:16,2026-08-17 18:04:30
12178,5107,391,FX_CONVERSION,16482.99,USD,COMPLETED,Microsoft Azure Cloud,2026-09-11 19:58:42,2026-09-11 21:12:08
12179,5060,200,ACH_DEBIT,148323.56,USD,FAILED,JPMorgan Settlement Corp,2026-07-19 22:00:28,2026-07-19 22:06:21
12180,5814,199,ACH_CREDIT,85513.55,USD,PROCESSING,Apple Services US,2026-08-31 18:16:27,2026-08-31 19:43:40
12181,5538,246,ACH_CREDIT,124790.53,USD,PROCESSING,Walmart Global Vendor,2026-08-26 11:12:59,2026-08-26 12:40:08
12182,5412,145,CARD_AUTH,59909.69,USD,COMPLETED,Stripe Clearing Inc,2026-09-15 16:04:11,2026-09-15 17:03:42
12183,5742,67,ACH_CREDIT,44447.09,USD,COMPLETED,Stripe Clearing Inc,2026-09-17 02:22:26,2026-09-17 02:41:45
12184,5733,477,MERCHANT_SETTLEMENT,121304.38,USD,COMPLETED,Stripe Clearing Inc,2026-08-07 14:12:39,2026-08-07 14:37:43
12185,5018,157,INTERNAL_BOOK_TRANSFER,9618.45,USD,COMPLETED,JPMorgan Settlement Corp,2026-09-17 05:12:53,2026-09-17 05:47:30
12186,5545,112,CARD_AUTH,145887.74,USD,COMPLETED,Apple Services US,2026-09-07 10:40:23,2026-09-07 11:58:03
12187,5792,442,INTERNAL_BOOK_TRANSFER,129879.59,USD,COMPLETED,Apple Services US,2026-09-17 12:49:06,2026-09-17 13:50:08
12188,5158,423,CARD_AUTH,60952.83,USD,PROCESSING,Visa Direct Global,2026-09-17 08:05:08,2026-09-17 08:43:07
12189,5590,354,FX_CONVERSION,14503.3,USD,COMPLETED,Oracle Cloud Infra,2026-08-08 03:51:11,2026-08-08 04:06:24
12190,5754,282,WIRE_TRANSFER,8576.0,USD,PENDING,Fedwire Interbank Net,2026-08-28 14:43:25,2026-08-28 14:46:21
12191,5756,353,INTERNAL_BOOK_TRANSFER,25234.94,USD,COMPLETED,Amazon AWS Services,2026-07-20 08:18:47,2026-07-20 09:06:21
12192,5959,101,INTERNAL_BOOK_TRANSFER,24215.43,USD,COMPLETED,Target Retail Network,2026-09-10 15:19:01,2026-09-10 16:13:10
12193,5194,447,WIRE_TRANSFER,602.73,USD,ON_HOLD,Amazon AWS Services,2026-08-20 12:53:28,2026-08-20 14:44:05
12194,5184,139,ACH_CREDIT,132947.29,USD,COMPLETED,Oracle Cloud Infra,2026-07-20 00:13:25,2026-07-20 01:02:00
12195,5567,353,ACH_CREDIT,138737.64,USD,FAILED,Visa Direct Global,2026-08-05 10:02:03,2026-08-05 11:32:14
12196,5798,290,CARD_AUTH,91729.61,USD,COMPLETED,Apple Services US,2026-08-27 11:25:43,2026-08-27 12:38:42
12197,5715,222,ACH_CREDIT,123399.77,USD,FAILED,Fedwire Interbank Net,2026-08-12 12:29:05,2026-08-12 14:26:17
12198,5233,91,CARD_AUTH,83382.83,USD,COMPLETED,Oracle Cloud Infra,2026-09-16 23:48:28,2026-09-17 00:41:09
12199,5690,405,ACH_CREDIT,32193.55,USD,PENDING,Fedwire Interbank Net,2026-07-27 21:52:41,2026-07-27 23:01:48
12200,5345,326,WIRE_TRANSFER,132493.9,USD,PROCESSING,Fedwire Interbank Net,2026-08-06 00:17:16,2026-08-06 01:11:38
12201,5466,54,ACH_CREDIT,65122.45,USD,COMPLETED,Stripe Clearing Inc,2026-07-19 21:40:57,2026-07-19 21:51:11
12202,5195,80,INTERNAL_BOOK_TRANSFER,75888.82,USD,COMPLETED,Target Retail Network,2026-08-10 17:28:39,2026-08-10 19:06:36
12203,5624,79,WIRE_TRANSFER,100962.37,USD,FAILED,Oracle Cloud Infra,2026-08-10 13:16:33,2026-08-10 14:04:19
12204,5920,96,MERCHANT_SETTLEMENT,110582.67,USD,ON_HOLD,Stripe Clearing Inc,2026-09-09 02:55:37,2026-09-09 04:00:48
12205,5334,363,CARD_AUTH,110449.2,USD,ON_HOLD,Amazon AWS Services,2026-08-28 05:57:38,2026-08-28 07:03:33
12206,5505,198,WIRE_TRANSFER,97605.3,USD,PENDING,Walmart Global Vendor,2026-09-14 07:55:54,2026-09-14 08:18:47
12207,5007,326,FX_CONVERSION,78409.17,USD,FAILED,Microsoft Azure Cloud,2026-08-12 20:10:00,2026-08-12 21:55:15
12208,5077,319,ACH_CREDIT,70076.92,USD,PENDING,Fedwire Interbank Net,2026-07-31 03:53:07,2026-07-31 04:56:05
12209,5941,258,INTERNAL_BOOK_TRANSFER,16623.03,USD,PROCESSING,Fedwire Interbank Net,2026-09-14 02:13:58,2026-09-14 04:10:32
12210,5547,330,ACH_CREDIT,81164.37,USD,COMPLETED,Walmart Global Vendor,2026-09-06 02:58:47,2026-09-06 03:23:11
12211,5753,346,WIRE_TRANSFER,148601.6,USD,FAILED,JPMorgan Settlement Corp,2026-08-26 18:22:32,2026-08-26 19:14:04
12212,5378,357,CARD_AUTH,59903.39,USD,PENDING,JPMorgan Settlement Corp,2026-09-17 04:59:05,2026-09-17 06:57:56
12213,5363,295,CARD_AUTH,14153.22,USD,COMPLETED,Apple Services US,2026-08-08 15:27:05,2026-08-08 16:09:13
12214,5632,260,FX_CONVERSION,84836.74,USD,COMPLETED,Walmart Global Vendor,2026-08-20 11:45:21,2026-08-20 12:15:57
12215,5617,140,INTERNAL_BOOK_TRANSFER,65287.7,USD,ON_HOLD,Amazon AWS Services,2026-08-31 23:09:09,2026-09-01 00:50:01
12216,5306,454,ACH_CREDIT,86910.46,USD,PROCESSING,Amazon AWS Services,2026-09-01 00:49:00,2026-09-01 01:25:41
12217,5643,244,ACH_CREDIT,114730.82,USD,PENDING,Fedwire Interbank Net,2026-09-15 03:11:22,2026-09-15 03:53:01
12218,5065,392,MERCHANT_SETTLEMENT,86125.01,USD,PENDING,Apple Services US,2026-07-21 22:05:15,2026-07-21 23:22:07
12219,5004,284,CARD_AUTH,89303.67,USD,COMPLETED,Apple Services US,2026-08-13 13:45:15,2026-08-13 15:01:40
12220,5361,352,FX_CONVERSION,127595.04,USD,COMPLETED,Fedwire Interbank Net,2026-08-15 14:25:49,2026-08-15 14:36:10
12221,5977,261,ACH_CREDIT,120414.19,USD,FAILED,Oracle Cloud Infra,2026-08-18 04:06:30,2026-08-18 04:21:56
12222,5421,237,ACH_CREDIT,43364.42,USD,PENDING,Oracle Cloud Infra,2026-08-22 03:51:49,2026-08-22 04:20:03
12223,5409,376,FX_CONVERSION,80477.04,USD,PROCESSING,Stripe Clearing Inc,2026-08-25 19:08:50,2026-08-25 19:48:54
12224,5796,300,FX_CONVERSION,4217.94,USD,COMPLETED,Walmart Global Vendor,2026-07-20 18:47:03,2026-07-20 20:35:18
12225,5620,86,INTERNAL_BOOK_TRANSFER,96010.64,USD,FAILED,Fedwire Interbank Net,2026-07-20 18:52:09,2026-07-20 19:36:50
12226,5989,88,WIRE_TRANSFER,125358.33,USD,COMPLETED,JPMorgan Settlement Corp,2026-08-27 12:16:36,2026-08-27 12:35:44
12227,5985,235,WIRE_TRANSFER,59521.53,USD,COMPLETED,Oracle Cloud Infra,2026-09-16 06:08:05,2026-09-16 06:16:31
12228,5019,431,FX_CONVERSION,26892.16,USD,PROCESSING,Microsoft Azure Cloud,2026-08-23 15:17:51,2026-08-23 16:28:56
12229,5107,395,ACH_CREDIT,107.2,USD,PROCESSING,Visa Direct Global,2026-09-11 18:17:00,2026-09-11 18:43:01
12230,5896,341,CARD_AUTH,6196.8,USD,PENDING,Microsoft Azure Cloud,2026-09-10 08:03:33,2026-09-10 09:18:52
12231,5243,317,FX_CONVERSION,110540.71,USD,COMPLETED,Stripe Clearing Inc,2026-09-11 13:07:42,2026-09-11 13:55:14
12232,5426,444,ACH_CREDIT,2210.46,USD,PENDING,Walmart Global Vendor,2026-07-21 01:25:23,2026-07-21 01:31:55
12233,5001,109,WIRE_TRANSFER,101956.73,USD,ON_HOLD,Fedwire Interbank Net,2026-08-27 23:31:15,2026-08-27 23:45:14
12234,5607,455,CARD_AUTH,116788.79,USD,COMPLETED,Target Retail Network,2026-07-21 12:03:12,2026-07-21 12:52:05
12235,5397,150,WIRE_TRANSFER,83704.99,USD,FAILED,Visa Direct Global,2026-08-07 10:11:20,2026-08-07 12:04:07
12236,5449,278,INTERNAL_BOOK_TRANSFER,126704.57,USD,COMPLETED,Fedwire Interbank Net,2026-09-01 09:36:36,2026-09-01 10:54:26
12237,5054,258,CARD_AUTH,71991.12,USD,ON_HOLD,Amazon AWS Services,2026-07-31 07:27:54,2026-07-31 08:40:27
12238,5484,83,MERCHANT_SETTLEMENT,131731.14,USD,FAILED,Amazon AWS Services,2026-07-22 20:32:31,2026-07-22 20:48:01
12239,5647,385,ACH_CREDIT,64173.61,USD,ON_HOLD,Stripe Clearing Inc,2026-07-24 10:41:58,2026-07-24 11:13:34
12240,5278,471,ACH_DEBIT,45470.19,USD,COMPLETED,JPMorgan Settlement Corp,2026-09-16 05:15:28,2026-09-16 06:36:49
12241,5961,23,MERCHANT_SETTLEMENT,72605.35,USD,ON_HOLD,Walmart Global Vendor,2026-08-29 18:57:39,2026-08-29 20:14:00
12242,5925,476,MERCHANT_SETTLEMENT,122779.66,USD,COMPLETED,JPMorgan Settlement Corp,2026-08-18 00:52:48,2026-08-18 00:58:09
12243,5387,73,CARD_AUTH,116723.47,USD,COMPLETED,Walmart Global Vendor,2026-08-22 05:47:55,2026-08-22 07:11:27
12244,5612,224,CARD_AUTH,71666.34,USD,COMPLETED,Fedwire Interbank Net,2026-08-06 03:08:51,2026-08-06 03:34:05
12245,5962,438,ACH_CREDIT,18754.94,USD,COMPLETED,Walmart Global Vendor,2026-08-11 17:29:06,2026-08-11 17:58:36
12246,5955,326,INTERNAL_BOOK_TRANSFER,98994.65,USD,PENDING,Amazon AWS Services,2026-08-13 22:23:55,2026-08-13 23:32:07
12247,5315,246,MERCHANT_SETTLEMENT,45553.86,USD,COMPLETED,Walmart Global Vendor,2026-08-24 23:26:42,2026-08-25 00:48:19
12248,5229,308,MERCHANT_SETTLEMENT,48955.82,USD,COMPLETED,Target Retail Network,2026-09-09 16:57:38,2026-09-09 17:28:28
12249,5321,4,MERCHANT_SETTLEMENT,124569.83,USD,COMPLETED,Microsoft Azure Cloud,2026-08-21 03:45:23,2026-08-21 05:24:57
12250,5357,112,WIRE_TRANSFER,24954.88,USD,FAILED,Visa Direct Global,2026-07-25 07:05:28,2026-07-25 07:06:00
12251,5759,128,MERCHANT_SETTLEMENT,19181.11,USD,COMPLETED,Stripe Clearing Inc,2026-07-26 10:11:51,2026-07-26 11:49:50
12252,5798,242,ACH_CREDIT,138472.32,USD,ON_HOLD,JPMorgan Settlement Corp,2026-09-02 19:22:18,2026-09-02 20:29:55
12253,5161,218,CARD_AUTH,40623.59,USD,ON_HOLD,Oracle Cloud Infra,2026-08-12 17:52:46,2026-08-12 19:17:09
12254,5355,285,ACH_DEBIT,106862.16,USD,COMPLETED,Oracle Cloud Infra,2026-08-20 08:25:57,2026-08-20 08:49:22
12255,5186,300,INTERNAL_BOOK_TRANSFER,45808.79,USD,ON_HOLD,Walmart Global Vendor,2026-08-02 09:51:42,2026-08-02 11:29:06
12256,5880,161,WIRE_TRANSFER,60927.18,USD,PROCESSING,Walmart Global Vendor,2026-09-05 07:48:51,2026-09-05 08:39:12
12257,5630,44,MERCHANT_SETTLEMENT,10007.82,USD,COMPLETED,Amazon AWS Services,2026-09-09 04:38:48,2026-09-09 06:35:09
12258,5653,25,ACH_DEBIT,46294.71,USD,COMPLETED,Microsoft Azure Cloud,2026-09-01 08:14:18,2026-09-01 09:16:23
12259,5315,138,MERCHANT_SETTLEMENT,34567.79,USD,COMPLETED,Target Retail Network,2026-08-23 10:45:37,2026-08-23 12:31:09
12260,5145,153,MERCHANT_SETTLEMENT,131079.97,USD,ON_HOLD,Microsoft Azure Cloud,2026-07-30 17:03:51,2026-07-30 18:57:42
12261,5809,433,MERCHANT_SETTLEMENT,17884.84,USD,PROCESSING,Microsoft Azure Cloud,2026-09-13 06:28:28,2026-09-13 07:31:16
12262,5205,134,ACH_DEBIT,127114.7,USD,PROCESSING,Target Retail Network,2026-07-23 09:09:52,2026-07-23 09:55:27
12263,5237,251,FX_CONVERSION,80159.21,USD,COMPLETED,Target Retail Network,2026-07-31 22:36:11,2026-07-31 23:48:36
12264,5223,216,WIRE_TRANSFER,131080.26,USD,COMPLETED,Target Retail Network,2026-08-12 02:11:10,2026-08-12 04:03:57
12265,5660,267,FX_CONVERSION,147060.96,USD,PENDING,Amazon AWS Services,2026-09-07 15:06:01,2026-09-07 16:10:52
12266,5519,274,ACH_CREDIT,121817.55,USD,PROCESSING,Stripe Clearing Inc,2026-08-23 01:26:59,2026-08-23 03:15:31
12267,5179,246,FX_CONVERSION,71296.06,USD,COMPLETED,Microsoft Azure Cloud,2026-09-11 16:40:10,2026-09-11 17:39:36
12268,5189,162,INTERNAL_BOOK_TRANSFER,9413.14,USD,COMPLETED,Stripe Clearing Inc,2026-09-01 01:05:34,2026-09-01 02:40:03
12269,5314,210,ACH_DEBIT,124764.13,USD,COMPLETED,Walmart Global Vendor,2026-08-10 19:22:55,2026-08-10 20:28:53
12270,5832,413,CARD_AUTH,76791.13,USD,COMPLETED,Oracle Cloud Infra,2026-09-12 15:12:34,2026-09-12 17:10:32
12271,5110,183,MERCHANT_SETTLEMENT,102841.88,USD,COMPLETED,Microsoft Azure Cloud,2026-08-15 22:23:31,2026-08-16 00:22:17
12272,5391,255,WIRE_TRANSFER,110289.85,USD,PENDING,Fedwire Interbank Net,2026-08-04 14:37:19,2026-08-04 15:58:17
12273,5829,204,FX_CONVERSION,139823.1,USD,COMPLETED,Target Retail Network,2026-08-09 04:52:25,2026-08-09 06:43:35
12274,5406,70,FX_CONVERSION,90700.27,USD,COMPLETED,Fedwire Interbank Net,2026-08-30 13:46:13,2026-08-30 14:22:04
12275,5995,464,ACH_DEBIT,7922.9,USD,PROCESSING,Visa Direct Global,2026-09-14 16:52:13,2026-09-14 18:40:12
12276,5030,354,WIRE_TRANSFER,16847.47,USD,PROCESSING,Visa Direct Global,2026-09-11 14:55:32,2026-09-11 15:42:04
12277,5492,117,FX_CONVERSION,2569.35,USD,COMPLETED,Walmart Global Vendor,2026-08-04 17:16:46,2026-08-04 17:29:50
12278,5722,44,FX_CONVERSION,89177.99,USD,ON_HOLD,Oracle Cloud Infra,2026-08-17 00:42:24,2026-08-17 01:21:44
12279,5175,334,ACH_DEBIT,58494.92,USD,ON_HOLD,Oracle Cloud Infra,2026-09-07 23:46:32,2026-09-08 00:27:14
12280,5635,385,CARD_AUTH,100507.21,USD,ON_HOLD,Apple Services US,2026-09-14 09:53:02,2026-09-14 10:43:43
12281,5449,88,FX_CONVERSION,136628.07,USD,COMPLETED,Apple Services US,2026-08-20 17:26:56,2026-08-20 18:53:43
12282,5728,293,ACH_DEBIT,113141.33,USD,COMPLETED,Oracle Cloud Infra,2026-07-30 14:47:48,2026-07-30 16:42:55
12283,5607,27,ACH_CREDIT,21540.73,USD,PENDING,Visa Direct Global,2026-09-02 18:04:53,2026-09-02 19:44:47
12284,5552,312,INTERNAL_BOOK_TRANSFER,134581.73,USD,FAILED,Stripe Clearing Inc,2026-08-02 04:32:22,2026-08-02 05:13:18
12285,5542,277,ACH_CREDIT,95903.86,USD,FAILED,Apple Services US,2026-07-27 18:43:35,2026-07-27 19:46:45
12286,5015,475,ACH_DEBIT,112598.27,USD,PROCESSING,Microsoft Azure Cloud,2026-08-14 07:53:16,2026-08-14 08:38:13
12287,5831,51,CARD_AUTH,39900.1,USD,COMPLETED,Fedwire Interbank Net,2026-09-06 00:19:34,2026-09-06 02:03:29
12288,5895,82,FX_CONVERSION,149237.2,USD,PROCESSING,Stripe Clearing Inc,2026-07-27 21:10:30,2026-07-27 21:35:27
12289,5744,112,INTERNAL_BOOK_TRANSFER,4477.48,USD,PROCESSING,Oracle Cloud Infra,2026-08-22 00:02:01,2026-08-22 01:44:46
12290,5445,435,FX_CONVERSION,17134.13,USD,COMPLETED,Visa Direct Global,2026-08-12 16:26:13,2026-08-12 17:49:33
12291,5504,428,FX_CONVERSION,11991.42,USD,COMPLETED,Visa Direct Global,2026-07-20 22:14:00,2026-07-21 00:06:11
12292,5024,378,CARD_AUTH,92589.03,USD,FAILED,Visa Direct Global,2026-08-05 00:43:54,2026-08-05 02:37:46
12293,5108,228,MERCHANT_SETTLEMENT,86574.61,USD,COMPLETED,Walmart Global Vendor,2026-08-03 04:11:09,2026-08-03 05:27:43
12294,5883,218,MERCHANT_SETTLEMENT,87790.74,USD,COMPLETED,Walmart Global Vendor,2026-07-28 12:09:30,2026-07-28 13:35:19
12295,5849,337,ACH_DEBIT,111683.54,USD,PROCESSING,Amazon AWS Services,2026-09-02 22:33:08,2026-09-03 00:15:28
12296,5013,394,CARD_AUTH,100348.84,USD,COMPLETED,JPMorgan Settlement Corp,2026-08-27 03:10:16,2026-08-27 03:13:04
12297,5765,382,WIRE_TRANSFER,18301.47,USD,COMPLETED,Visa Direct Global,2026-07-27 13:45:55,2026-07-27 13:47:25
12298,5255,491,CARD_AUTH,79907.66,USD,FAILED,Visa Direct Global,2026-09-03 20:59:40,2026-09-03 21:41:43
12299,5138,331,CARD_AUTH,47289.83,USD,COMPLETED,Target Retail Network,2026-08-30 05:48:07,2026-08-30 05:53:58
12300,5588,31,INTERNAL_BOOK_TRANSFER,79679.78,USD,FAILED,Oracle Cloud Infra,2026-07-29 15:16:04,2026-07-29 17:12:57
12301,5515,368,WIRE_TRANSFER,6431.89,USD,COMPLETED,Amazon AWS Services,2026-08-01 23:48:33,2026-08-02 00:29:30
12302,5218,366,MERCHANT_SETTLEMENT,31007.84,USD,COMPLETED,Walmart Global Vendor,2026-09-09 08:55:35,2026-09-09 10:03:24
12303,5211,195,CARD_AUTH,60323.8,USD,PENDING,Stripe Clearing Inc,2026-08-09 21:29:39,2026-08-09 23:03:58
12304,5358,261,INTERNAL_BOOK_TRANSFER,89947.79,USD,PROCESSING,Target Retail Network,2026-08-09 02:44:34,2026-08-09 03:32:52
12305,5248,409,FX_CONVERSION,9077.01,USD,COMPLETED,Walmart Global Vendor,2026-09-10 16:40:13,2026-09-10 17:24:13
12306,5999,448,CARD_AUTH,126237.16,USD,PENDING,Stripe Clearing Inc,2026-08-24 10:17:08,2026-08-24 11:43:37
12307,5979,150,MERCHANT_SETTLEMENT,99857.4,USD,COMPLETED,Walmart Global Vendor,2026-08-26 06:49:45,2026-08-26 08:41:50
12308,5385,123,FX_CONVERSION,73114.58,USD,COMPLETED,Walmart Global Vendor,2026-08-22 11:40:50,2026-08-22 13:28:45
12309,5899,60,WIRE_TRANSFER,56990.44,USD,COMPLETED,Fedwire Interbank Net,2026-09-17 09:11:58,2026-09-17 09:17:51
12310,5676,69,CARD_AUTH,76221.26,USD,COMPLETED,Apple Services US,2026-09-05 00:36:12,2026-09-05 01:01:05
12311,5468,15,CARD_AUTH,23782.65,USD,PROCESSING,Fedwire Interbank Net,2026-08-25 13:03:53,2026-08-25 13:59:55
12312,5005,176,ACH_CREDIT,44265.77,USD,PROCESSING,Stripe Clearing Inc,2026-08-25 11:54:04,2026-08-25 13:44:21
12313,5262,132,WIRE_TRANSFER,122554.7,USD,ON_HOLD,Fedwire Interbank Net,2026-07-27 06:07:47,2026-07-27 06:12:38
12314,5915,54,FX_CONVERSION,149876.42,USD,PENDING,Walmart Global Vendor,2026-08-08 16:50:39,2026-08-08 17:36:26
12315,5549,447,CARD_AUTH,95231.34,USD,COMPLETED,Fedwire Interbank Net,2026-08-14 14:39:57,2026-08-14 14:45:53
12316,5999,192,WIRE_TRANSFER,5645.56,USD,ON_HOLD,Oracle Cloud Infra,2026-09-10 22:03:13,2026-09-10 22:03:28
12317,5139,252,ACH_CREDIT,1266.17,USD,COMPLETED,Apple Services US,2026-08-29 13:44:20,2026-08-29 14:12:53
12318,5433,69,CARD_AUTH,76379.04,USD,COMPLETED,Microsoft Azure Cloud,2026-08-13 23:39:52,2026-08-14 01:12:18
12319,5278,233,WIRE_TRANSFER,79342.3,USD,PROCESSING,Target Retail Network,2026-09-15 07:10:43,2026-09-15 07:54:04
12320,5814,109,WIRE_TRANSFER,86312.5,USD,PROCESSING,Amazon AWS Services,2026-08-29 10:41:17,2026-08-29 11:48:59
12321,5412,134,INTERNAL_BOOK_TRANSFER,113431.94,USD,ON_HOLD,Visa Direct Global,2026-07-20 04:08:41,2026-07-20 05:26:32
12322,5178,89,FX_CONVERSION,80498.98,USD,FAILED,Microsoft Azure Cloud,2026-09-17 09:42:59,2026-09-17 10:52:34
12323,5466,392,ACH_DEBIT,130678.6,USD,FAILED,Walmart Global Vendor,2026-07-30 16:29:01,2026-07-30 18:25:55
12324,5724,122,CARD_AUTH,124719.2,USD,COMPLETED,Oracle Cloud Infra,2026-09-01 20:54:32,2026-09-01 21:13:09
12325,5867,252,WIRE_TRANSFER,68040.85,USD,COMPLETED,Amazon AWS Services,2026-08-30 01:40:08,2026-08-30 03:30:16
12326,5567,492,FX_CONVERSION,147768.28,USD,FAILED,Stripe Clearing Inc,2026-08-26 01:58:01,2026-08-26 03:52:40
12327,5853,421,ACH_DEBIT,116354.67,USD,FAILED,Amazon AWS Services,2026-08-08 13:00:59,2026-08-08 13:42:43
12328,5970,107,FX_CONVERSION,75594.17,USD,PROCESSING,Stripe Clearing Inc,2026-09-07 01:45:56,2026-09-07 02:53:23
12329,5211,281,MERCHANT_SETTLEMENT,66492.32,USD,ON_HOLD,Walmart Global Vendor,2026-09-07 12:44:44,2026-09-07 13:15:11
12330,5750,120,ACH_CREDIT,60720.63,USD,FAILED,Apple Services US,2026-09-01 11:11:54,2026-09-01 11:13:53
12331,5850,129,WIRE_TRANSFER,34901.8,USD,COMPLETED,Visa Direct Global,2026-07-21 00:47:46,2026-07-21 02:12:52
12332,5936,58,ACH_DEBIT,28970.79,USD,FAILED,Fedwire Interbank Net,2026-07-22 01:48:44,2026-07-22 02:14:15
12333,5559,66,MERCHANT_SETTLEMENT,20008.14,USD,COMPLETED,JPMorgan Settlement Corp,2026-07-23 15:51:26,2026-07-23 16:27:17
12334,5070,336,CARD_AUTH,25579.01,USD,FAILED,Target Retail Network,2026-07-28 01:49:03,2026-07-28 03:12:35
12335,5036,371,INTERNAL_BOOK_TRANSFER,53431.34,USD,PENDING,JPMorgan Settlement Corp,2026-07-20 12:50:03,2026-07-20 13:26:47
12336,5777,144,WIRE_TRANSFER,2977.04,USD,ON_HOLD,Apple Services US,2026-09-15 06:13:03,2026-09-15 08:07:39
12337,5722,140,WIRE_TRANSFER,84765.01,USD,COMPLETED,Microsoft Azure Cloud,2026-08-24 20:48:09,2026-08-24 22:34:50
12338,5246,431,FX_CONVERSION,96496.08,USD,COMPLETED,Visa Direct Global,2026-09-04 16:35:33,2026-09-04 18:13:11
12339,5631,159,WIRE_TRANSFER,143213.88,USD,COMPLETED,JPMorgan Settlement Corp,2026-08-15 17:20:20,2026-08-15 18:34:41
12340,5975,239,WIRE_TRANSFER,88117.78,USD,ON_HOLD,Oracle Cloud Infra,2026-09-03 21:49:50,2026-09-03 22:10:32
12341,5763,200,ACH_DEBIT,129835.95,USD,PROCESSING,Fedwire Interbank Net,2026-08-08 16:43:26,2026-08-08 17:08:32
12342,5182,192,WIRE_TRANSFER,148778.57,USD,FAILED,Microsoft Azure Cloud,2026-08-02 19:40:18,2026-08-02 20:05:42
12343,5297,8,ACH_DEBIT,124861.53,USD,ON_HOLD,Target Retail Network,2026-08-05 13:28:18,2026-08-05 14:25:37
12344,5103,56,FX_CONVERSION,124269.96,USD,COMPLETED,Amazon AWS Services,2026-08-07 12:08:21,2026-08-07 12:50:08
12345,5392,270,MERCHANT_SETTLEMENT,14905.48,USD,PENDING,Target Retail Network,2026-07-24 16:53:10,2026-07-24 17:58:05
12346,5013,77,FX_CONVERSION,59918.76,USD,ON_HOLD,JPMorgan Settlement Corp,2026-07-25 06:28:16,2026-07-25 06:49:01
12347,5798,18,WIRE_TRANSFER,89193.86,USD,FAILED,Target Retail Network,2026-08-26 18:41:20,2026-08-26 20:30:59
12348,5425,370,ACH_CREDIT,10535.48,USD,COMPLETED,Target Retail Network,2026-08-28 13:26:21,2026-08-28 14:40:40
12349,5598,16,WIRE_TRANSFER,50861.48,USD,PENDING,Visa Direct Global,2026-08-19 05:05:12,2026-08-19 05:09:22
12350,5062,50,MERCHANT_SETTLEMENT,36528.54,USD,COMPLETED,Visa Direct Global,2026-07-21 00:29:18,2026-07-21 00:32:55
12351,5818,237,ACH_CREDIT,92310.2,USD,COMPLETED,Target Retail Network,2026-07-23 04:24:41,2026-07-23 05:54:06
12352,5463,88,ACH_CREDIT,14051.74,USD,COMPLETED,Oracle Cloud Infra,2026-08-25 18:48:26,2026-08-25 20:05:50
12353,5043,381,FX_CONVERSION,70905.55,USD,COMPLETED,Fedwire Interbank Net,2026-09-05 22:38:08,2026-09-05 22:57:40
12354,5191,62,WIRE_TRANSFER,120644.74,USD,COMPLETED,Walmart Global Vendor,2026-08-15 22:39:05,2026-08-16 00:20:40
12355,5418,406,WIRE_TRANSFER,149819.07,USD,COMPLETED,Visa Direct Global,2026-08-05 01:20:14,2026-08-05 02:35:01
12356,5828,494,WIRE_TRANSFER,71107.56,USD,COMPLETED,Apple Services US,2026-08-13 18:14:25,2026-08-13 18:56:19
12357,5251,209,WIRE_TRANSFER,147487.99,USD,COMPLETED,Target Retail Network,2026-08-18 02:23:48,2026-08-18 03:03:54
12358,5878,403,ACH_CREDIT,27570.89,USD,COMPLETED,Stripe Clearing Inc,2026-08-27 09:34:24,2026-08-27 09:36:35
12359,5148,176,ACH_CREDIT,32221.1,USD,PROCESSING,Microsoft Azure Cloud,2026-07-27 19:30:07,2026-07-27 19:49:34
12360,5978,376,INTERNAL_BOOK_TRANSFER,109570.68,USD,PROCESSING,Microsoft Azure Cloud,2026-08-18 10:41:03,2026-08-18 12:22:25
12361,5844,229,CARD_AUTH,126389.52,USD,COMPLETED,Fedwire Interbank Net,2026-09-17 17:32:28,2026-09-17 17:35:38
12362,5214,346,ACH_CREDIT,63114.71,USD,ON_HOLD,Walmart Global Vendor,2026-08-19 11:39:10,2026-08-19 11:52:08
12363,5231,473,ACH_CREDIT,70562.22,USD,COMPLETED,Apple Services US,2026-09-16 08:06:43,2026-09-16 09:58:31
12364,5308,369,FX_CONVERSION,3640.85,USD,ON_HOLD,JPMorgan Settlement Corp,2026-08-15 01:43:41,2026-08-15 02:30:51
12365,5848,355,ACH_DEBIT,87662.52,USD,COMPLETED,Stripe Clearing Inc,2026-08-25 22:30:45,2026-08-25 22:35:53
12366,5135,55,WIRE_TRANSFER,86256.71,USD,COMPLETED,Walmart Global Vendor,2026-09-09 23:07:39,2026-09-10 00:27:07
12367,5945,431,WIRE_TRANSFER,25630.58,USD,PENDING,Oracle Cloud Infra,2026-08-28 02:33:54,2026-08-28 04:17:24
12368,5720,147,INTERNAL_BOOK_TRANSFER,91007.58,USD,PROCESSING,Fedwire Interbank Net,2026-08-13 14:39:40,2026-08-13 15:45:08
12369,5570,220,CARD_AUTH,131824.32,USD,PROCESSING,Fedwire Interbank Net,2026-08-01 03:28:23,2026-08-01 03:57:40
12370,5475,195,WIRE_TRANSFER,136180.54,USD,PROCESSING,Oracle Cloud Infra,2026-08-14 23:07:55,2026-08-14 23:50:35
12371,5468,133,WIRE_TRANSFER,76688.24,USD,COMPLETED,Apple Services US,2026-09-11 22:49:02,2026-09-11 23:01:12
12372,5579,57,FX_CONVERSION,4904.02,USD,COMPLETED,Visa Direct Global,2026-09-12 21:34:04,2026-09-12 21:51:59
12373,5088,224,ACH_DEBIT,6566.2,USD,PENDING,Visa Direct Global,2026-09-09 04:37:54,2026-09-09 06:30:28
12374,5787,458,ACH_CREDIT,58971.2,USD,ON_HOLD,JPMorgan Settlement Corp,2026-08-07 23:42:02,2026-08-08 01:29:21
12375,5334,118,ACH_DEBIT,81061.59,USD,PROCESSING,Fedwire Interbank Net,2026-08-15 01:53:34,2026-08-15 02:54:57
12376,5968,487,WIRE_TRANSFER,75638.1,USD,COMPLETED,Target Retail Network,2026-09-13 13:29:02,2026-09-13 14:41:10
12377,5421,164,ACH_DEBIT,64768.51,USD,COMPLETED,Amazon AWS Services,2026-08-05 03:38:28,2026-08-05 03:47:33
12378,5171,103,INTERNAL_BOOK_TRANSFER,109034.89,USD,ON_HOLD,JPMorgan Settlement Corp,2026-07-21 05:39:45,2026-07-21 06:28:53
12379,5925,169,WIRE_TRANSFER,131800.48,USD,FAILED,Target Retail Network,2026-07-20 00:22:50,2026-07-20 00:31:14
12380,5022,10,FX_CONVERSION,77861.84,USD,COMPLETED,Microsoft Azure Cloud,2026-08-27 23:32:31,2026-08-28 00:34:30
12381,5246,304,WIRE_TRANSFER,91837.85,USD,COMPLETED,Oracle Cloud Infra,2026-09-08 10:00:13,2026-09-08 11:18:21
12382,5787,399,FX_CONVERSION,149890.87,USD,COMPLETED,Microsoft Azure Cloud,2026-07-31 09:19:10,2026-07-31 10:14:42
12383,5818,2,WIRE_TRANSFER,86957.48,USD,FAILED,Stripe Clearing Inc,2026-08-26 03:40:52,2026-08-26 04:58:27
12384,5772,380,INTERNAL_BOOK_TRANSFER,22861.83,USD,COMPLETED,JPMorgan Settlement Corp,2026-09-05 19:58:27,2026-09-05 20:26:03
12385,5957,234,INTERNAL_BOOK_TRANSFER,124754.67,USD,ON_HOLD,Oracle Cloud Infra,2026-09-13 20:40:25,2026-09-13 22:19:43
12386,5471,379,INTERNAL_BOOK_TRANSFER,92676.13,USD,PENDING,Amazon AWS Services,2026-09-10 10:12:10,2026-09-10 12:00:48
12387,5751,173,ACH_DEBIT,81510.65,USD,FAILED,Stripe Clearing Inc,2026-09-10 23:48:07,2026-09-11 00:46:15
12388,5492,133,MERCHANT_SETTLEMENT,36760.83,USD,COMPLETED,Amazon AWS Services,2026-09-15 18:14:29,2026-09-15 20:05:58
12389,5862,498,FX_CONVERSION,77269.86,USD,ON_HOLD,Target Retail Network,2026-08-13 00:04:43,2026-08-13 01:04:07
12390,5122,456,WIRE_TRANSFER,108458.94,USD,COMPLETED,Apple Services US,2026-07-27 19:58:03,2026-07-27 20:11:15
12391,5536,452,WIRE_TRANSFER,47768.5,USD,ON_HOLD,Visa Direct Global,2026-09-11 17:42:15,2026-09-11 19:10:30
12392,5379,356,ACH_DEBIT,49476.01,USD,COMPLETED,Visa Direct Global,2026-08-18 19:54:00,2026-08-18 20:14:34
12393,5997,10,ACH_CREDIT,95397.58,USD,FAILED,Amazon AWS Services,2026-07-26 11:11:09,2026-07-26 12:00:47
12394,5209,166,CARD_AUTH,35895.43,USD,PENDING,Fedwire Interbank Net,2026-07-22 17:36:32,2026-07-22 18:37:34
12395,5330,193,FX_CONVERSION,91091.45,USD,COMPLETED,Microsoft Azure Cloud,2026-09-14 07:56:23,2026-09-14 09:32:35
12396,5280,442,MERCHANT_SETTLEMENT,64805.85,USD,COMPLETED,Amazon AWS Services,2026-07-29 02:16:47,2026-07-29 02:24:51
12397,5564,71,ACH_DEBIT,132188.21,USD,ON_HOLD,Amazon AWS Services,2026-08-02 08:18:53,2026-08-02 09:55:24
12398,5789,277,WIRE_TRANSFER,103315.69,USD,COMPLETED,JPMorgan Settlement Corp,2026-08-10 10:12:54,2026-08-10 11:23:04
12399,5458,306,CARD_AUTH,43366.03,USD,COMPLETED,JPMorgan Settlement Corp,2026-08-26 19:03:28,2026-08-26 19:22:45
12400,5035,272,ACH_DEBIT,75132.3,USD,COMPLETED,Apple Services US,2026-08-14 06:27:40,2026-08-14 08:01:47
12401,5333,464,ACH_CREDIT,70148.93,USD,FAILED,Walmart Global Vendor,2026-08-07 12:41:08,2026-08-07 13:37:24
12402,5320,82,ACH_CREDIT,51682.84,USD,PENDING,Amazon AWS Services,2026-07-20 15:23:37,2026-07-20 16:03:55
12403,5090,82,FX_CONVERSION,14228.27,USD,FAILED,Oracle Cloud Infra,2026-08-02 08:48:15,2026-08-02 10:03:39
12404,5719,170,WIRE_TRANSFER,82354.31,USD,ON_HOLD,Fedwire Interbank Net,2026-07-26 13:35:07,2026-07-26 15:00:59
12405,5181,403,INTERNAL_BOOK_TRANSFER,146183.57,USD,COMPLETED,Visa Direct Global,2026-07-21 13:28:42,2026-07-21 14:07:56
12406,5682,444,MERCHANT_SETTLEMENT,17185.92,USD,COMPLETED,Amazon AWS Services,2026-09-02 22:28:47,2026-09-02 23:51:00
12407,5178,113,WIRE_TRANSFER,39694.08,USD,PENDING,Amazon AWS Services,2026-07-25 01:05:32,2026-07-25 01:17:15
12408,5131,288,ACH_CREDIT,78367.92,USD,PENDING,Stripe Clearing Inc,2026-07-22 16:48:05,2026-07-22 17:00:25
12409,5741,451,INTERNAL_BOOK_TRANSFER,136108.67,USD,COMPLETED,JPMorgan Settlement Corp,2026-09-12 22:50:12,2026-09-13 00:30:38
12410,5948,322,MERCHANT_SETTLEMENT,10320.32,USD,COMPLETED,JPMorgan Settlement Corp,2026-07-22 16:11:47,2026-07-22 17:41:16
12411,5927,136,FX_CONVERSION,107306.78,USD,COMPLETED,Apple Services US,2026-08-30 12:18:22,2026-08-30 13:17:52
12412,5770,167,ACH_CREDIT,143359.17,USD,FAILED,Microsoft Azure Cloud,2026-08-19 02:54:55,2026-08-19 03:47:07
12413,5743,24,ACH_DEBIT,98272.53,USD,COMPLETED,Apple Services US,2026-08-29 12:01:22,2026-08-29 12:31:19
12414,5873,325,ACH_DEBIT,57438.64,USD,COMPLETED,Stripe Clearing Inc,2026-07-28 09:05:16,2026-07-28 09:50:48
12415,5243,4,ACH_DEBIT,74895.86,USD,ON_HOLD,Target Retail Network,2026-08-18 20:05:25,2026-08-18 21:12:38
12416,5866,77,ACH_DEBIT,35251.28,USD,PROCESSING,Fedwire Interbank Net,2026-07-27 21:20:51,2026-07-27 22:27:59
12417,5420,274,ACH_CREDIT,24498.62,USD,COMPLETED,Stripe Clearing Inc,2026-08-01 01:52:44,2026-08-01 03:45:36
12418,5470,343,ACH_CREDIT,59151.61,USD,COMPLETED,Oracle Cloud Infra,2026-08-26 21:09:40,2026-08-26 23:05:26
12419,5429,361,CARD_AUTH,58129.65,USD,COMPLETED,Fedwire Interbank Net,2026-08-03 15:27:15,2026-08-03 17:24:11
12420,5134,142,WIRE_TRANSFER,143460.01,USD,PROCESSING,Apple Services US,2026-08-28 12:16:24,2026-08-28 14:12:51
12421,5559,227,FX_CONVERSION,128442.55,USD,COMPLETED,Visa Direct Global,2026-08-17 07:33:47,2026-08-17 08:38:29
12422,5479,425,WIRE_TRANSFER,99367.33,USD,PROCESSING,Amazon AWS Services,2026-08-08 23:43:54,2026-08-09 00:33:21
12423,5016,19,MERCHANT_SETTLEMENT,146245.72,USD,COMPLETED,Oracle Cloud Infra,2026-08-18 06:31:47,2026-08-18 07:40:12
12424,5580,248,ACH_DEBIT,146033.82,USD,COMPLETED,Target Retail Network,2026-08-19 05:35:45,2026-08-19 07:33:48
12425,5279,416,ACH_CREDIT,46157.59,USD,COMPLETED,Fedwire Interbank Net,2026-08-25 13:30:55,2026-08-25 14:45:46
12426,5157,486,WIRE_TRANSFER,22644.04,USD,COMPLETED,Fedwire Interbank Net,2026-08-13 08:47:09,2026-08-13 10:09:46
12427,5756,385,ACH_DEBIT,24565.37,USD,COMPLETED,Visa Direct Global,2026-08-05 12:43:02,2026-08-05 12:45:27
12428,5994,205,INTERNAL_BOOK_TRANSFER,103651.34,USD,FAILED,Microsoft Azure Cloud,2026-07-28 08:41:21,2026-07-28 10:26:04
12429,5127,52,INTERNAL_BOOK_TRANSFER,106546.01,USD,PENDING,Target Retail Network,2026-09-10 21:40:43,2026-09-10 22:55:57
12430,5083,272,ACH_CREDIT,69553.57,USD,COMPLETED,Fedwire Interbank Net,2026-08-11 11:52:09,2026-08-11 12:34:06
12431,5231,173,INTERNAL_BOOK_TRANSFER,88024.44,USD,COMPLETED,Oracle Cloud Infra,2026-09-06 15:07:26,2026-09-06 16:57:36
12432,5184,371,WIRE_TRANSFER,79247.29,USD,COMPLETED,Visa Direct Global,2026-08-29 13:55:06,2026-08-29 15:08:28
12433,5024,208,MERCHANT_SETTLEMENT,38969.43,USD,FAILED,Amazon AWS Services,2026-08-22 13:04:38,2026-08-22 15:00:19
12434,5101,419,WIRE_TRANSFER,148944.68,USD,COMPLETED,Stripe Clearing Inc,2026-08-04 10:55:22,2026-08-04 12:46:44
12435,5900,190,ACH_DEBIT,29431.5,USD,ON_HOLD,Microsoft Azure Cloud,2026-07-27 19:27:16,2026-07-27 21:16:52
12436,5744,96,ACH_CREDIT,129481.97,USD,COMPLETED,Fedwire Interbank Net,2026-07-24 18:30:39,2026-07-24 19:13:11
12437,5626,381,FX_CONVERSION,63597.28,USD,FAILED,Target Retail Network,2026-09-06 01:05:55,2026-09-06 01:25:25
12438,5103,366,INTERNAL_BOOK_TRANSFER,96288.14,USD,PROCESSING,Fedwire Interbank Net,2026-07-24 22:58:12,2026-07-24 23:06:15
12439,5208,84,WIRE_TRANSFER,149925.39,USD,COMPLETED,Stripe Clearing Inc,2026-09-15 13:27:46,2026-09-15 14:28:50
12440,5564,424,FX_CONVERSION,93444.26,USD,COMPLETED,Stripe Clearing Inc,2026-07-28 12:14:25,2026-07-28 14:04:45
12441,5283,17,WIRE_TRANSFER,31498.64,USD,PENDING,Stripe Clearing Inc,2026-08-12 04:38:48,2026-08-12 04:53:29
12442,5769,354,MERCHANT_SETTLEMENT,112137.22,USD,PROCESSING,Apple Services US,2026-09-11 16:29:32,2026-09-11 17:26:16
12443,5047,400,INTERNAL_BOOK_TRANSFER,15767.17,USD,ON_HOLD,Fedwire Interbank Net,2026-08-03 22:19:02,2026-08-04 00:02:57
12444,5963,182,INTERNAL_BOOK_TRANSFER,107300.61,USD,FAILED,Amazon AWS Services,2026-09-07 01:55:40,2026-09-07 02:31:01
12445,5101,298,INTERNAL_BOOK_TRANSFER,42752.54,USD,ON_HOLD,Apple Services US,2026-09-08 16:30:28,2026-09-08 17:15:25
12446,5889,187,WIRE_TRANSFER,94312.42,USD,COMPLETED,Target Retail Network,2026-08-31 07:20:06,2026-08-31 08:06:42
12447,5229,173,FX_CONVERSION,24868.55,USD,COMPLETED,Amazon AWS Services,2026-09-03 16:53:16,2026-09-03 17:16:04
12448,5572,271,INTERNAL_BOOK_TRANSFER,130087.64,USD,PENDING,Oracle Cloud Infra,2026-07-20 03:50:25,2026-07-20 04:54:53
12449,5141,400,MERCHANT_SETTLEMENT,89821.88,USD,COMPLETED,Target Retail Network,2026-09-03 06:10:09,2026-09-03 06:25:31
12450,5969,213,WIRE_TRANSFER,64027.41,USD,PROCESSING,Oracle Cloud Infra,2026-07-30 14:34:42,2026-07-30 16:21:10
12451,5631,241,CARD_AUTH,23215.87,USD,COMPLETED,Visa Direct Global,2026-09-14 22:05:36,2026-09-14 23:32:12
12452,5394,129,MERCHANT_SETTLEMENT,73574.5,USD,COMPLETED,Oracle Cloud Infra,2026-08-08 01:03:49,2026-08-08 02:10:08
12453,5347,429,ACH_CREDIT,6072.23,USD,PENDING,Oracle Cloud Infra,2026-07-30 02:52:02,2026-07-30 02:53:04
12454,5187,409,ACH_DEBIT,82066.03,USD,ON_HOLD,Oracle Cloud Infra,2026-08-24 09:23:47,2026-08-24 11:10:57
12455,5361,239,CARD_AUTH,145542.85,USD,COMPLETED,Amazon AWS Services,2026-08-05 07:14:19,2026-08-05 08:43:19
12456,5264,343,CARD_AUTH,43992.06,USD,FAILED,JPMorgan Settlement Corp,2026-08-09 12:45:58,2026-08-09 14:45:41
12457,5405,494,ACH_CREDIT,24361.75,USD,FAILED,Stripe Clearing Inc,2026-08-26 18:10:29,2026-08-26 19:30:26
12458,5039,405,MERCHANT_SETTLEMENT,90379.86,USD,FAILED,Fedwire Interbank Net,2026-09-11 08:49:35,2026-09-11 09:37:46
12459,5868,234,ACH_DEBIT,59776.96,USD,PENDING,Amazon AWS Services,2026-08-26 14:03:06,2026-08-26 15:52:31
12460,5454,350,INTERNAL_BOOK_TRANSFER,53492.51,USD,PENDING,Visa Direct Global,2026-07-31 07:38:57,2026-07-31 08:12:36
12461,5592,436,ACH_DEBIT,104554.95,USD,COMPLETED,Stripe Clearing Inc,2026-08-20 01:44:42,2026-08-20 01:52:16
12462,5754,60,CARD_AUTH,61000.98,USD,COMPLETED,JPMorgan Settlement Corp,2026-08-26 12:47:50,2026-08-26 12:57:50
12463,5005,246,WIRE_TRANSFER,32657.79,USD,COMPLETED,Amazon AWS Services,2026-09-08 13:42:27,2026-09-08 15:27:13
12464,5265,458,CARD_AUTH,23502.62,USD,FAILED,Target Retail Network,2026-07-30 17:55:45,2026-07-30 19:20:29
12465,5552,444,ACH_CREDIT,86693.86,USD,COMPLETED,Oracle Cloud Infra,2026-08-17 06:07:32,2026-08-17 07:16:20
12466,5068,113,WIRE_TRANSFER,1558.07,USD,COMPLETED,Fedwire Interbank Net,2026-09-16 03:28:22,2026-09-16 05:18:57
12467,5829,39,CARD_AUTH,2345.65,USD,FAILED,Target Retail Network,2026-07-24 08:56:27,2026-07-24 09:16:39
12468,5104,189,WIRE_TRANSFER,56574.43,USD,ON_HOLD,Walmart Global Vendor,2026-09-11 05:28:44,2026-09-11 06:21:48
12469,5716,149,MERCHANT_SETTLEMENT,106944.59,USD,COMPLETED,Target Retail Network,2026-09-17 11:34:36,2026-09-17 13:32:26
12470,5338,120,ACH_DEBIT,82504.07,USD,COMPLETED,Amazon AWS Services,2026-08-20 11:03:36,2026-08-20 11:06:00
12471,5840,61,CARD_AUTH,41439.05,USD,PENDING,Fedwire Interbank Net,2026-08-14 00:37:41,2026-08-14 02:22:43
12472,5160,252,FX_CONVERSION,123044.02,USD,PROCESSING,Fedwire Interbank Net,2026-07-31 16:42:09,2026-07-31 17:25:55
12473,5484,127,FX_CONVERSION,50560.91,USD,ON_HOLD,Stripe Clearing Inc,2026-08-02 02:34:28,2026-08-02 03:49:05
12474,5789,40,MERCHANT_SETTLEMENT,136143.46,USD,COMPLETED,Stripe Clearing Inc,2026-08-01 19:58:54,2026-08-01 20:30:57
12475,5607,191,CARD_AUTH,84429.23,USD,PROCESSING,Stripe Clearing Inc,2026-08-21 23:12:41,2026-08-22 00:02:13
12476,5266,80,MERCHANT_SETTLEMENT,128116.01,USD,ON_HOLD,Amazon AWS Services,2026-09-15 22:30:42,2026-09-15 23:33:50
12477,5165,117,INTERNAL_BOOK_TRANSFER,57518.58,USD,COMPLETED,Microsoft Azure Cloud,2026-08-17 05:51:18,2026-08-17 06:50:47
12478,5777,378,CARD_AUTH,148616.52,USD,FAILED,Microsoft Azure Cloud,2026-08-29 21:05:10,2026-08-29 22:50:48
12479,5474,240,ACH_CREDIT,5526.33,USD,COMPLETED,Apple Services US,2026-07-29 16:51:19,2026-07-29 16:55:07
12480,5472,105,WIRE_TRANSFER,124040.92,USD,PENDING,Stripe Clearing Inc,2026-08-23 22:29:06,2026-08-23 23:21:38
12481,5825,135,CARD_AUTH,97859.67,USD,PROCESSING,Target Retail Network,2026-09-04 12:56:30,2026-09-04 14:27:19
12482,5741,32,ACH_CREDIT,14678.4,USD,COMPLETED,Microsoft Azure Cloud,2026-08-10 23:40:50,2026-08-11 00:53:17
12483,5017,398,ACH_CREDIT,133302.93,USD,COMPLETED,Stripe Clearing Inc,2026-08-18 02:48:56,2026-08-18 03:57:43
12484,5867,167,INTERNAL_BOOK_TRANSFER,68866.61,USD,COMPLETED,Fedwire Interbank Net,2026-07-24 15:50:16,2026-07-24 16:12:28
12485,5577,89,ACH_DEBIT,38952.91,USD,FAILED,Fedwire Interbank Net,2026-09-09 02:16:48,2026-09-09 03:11:52
12486,5152,458,MERCHANT_SETTLEMENT,27911.23,USD,PROCESSING,Microsoft Azure Cloud,2026-07-24 06:14:37,2026-07-24 07:15:57
12487,5427,220,ACH_DEBIT,20438.04,USD,PENDING,Fedwire Interbank Net,2026-08-08 21:49:23,2026-08-08 22:09:06
12488,5490,485,WIRE_TRANSFER,128953.6,USD,ON_HOLD,Target Retail Network,2026-08-21 15:58:02,2026-08-21 16:26:32
12489,5745,281,MERCHANT_SETTLEMENT,71396.56,USD,ON_HOLD,JPMorgan Settlement Corp,2026-08-23 14:17:05,2026-08-23 15:39:35
12490,5129,112,FX_CONVERSION,64700.11,USD,PROCESSING,Apple Services US,2026-09-16 19:04:20,2026-09-16 19:11:31
12491,5417,459,INTERNAL_BOOK_TRANSFER,104120.19,USD,FAILED,Microsoft Azure Cloud,2026-09-08 00:29:49,2026-09-08 01:41:21
12492,5403,303,INTERNAL_BOOK_TRANSFER,35082.93,USD,COMPLETED,Walmart Global Vendor,2026-08-24 19:08:11,2026-08-24 20:54:24
12493,5241,133,WIRE_TRANSFER,52044.63,USD,COMPLETED,Oracle Cloud Infra,2026-09-16 11:09:21,2026-09-16 12:54:50
12494,5149,243,ACH_CREDIT,86667.34,USD,ON_HOLD,Stripe Clearing Inc,2026-08-20 14:36:09,2026-08-20 15:57:37
12495,5875,231,MERCHANT_SETTLEMENT,142732.95,USD,FAILED,Amazon AWS Services,2026-08-19 08:04:27,2026-08-19 08:30:43
12496,5699,336,INTERNAL_BOOK_TRANSFER,48267.65,USD,PENDING,Amazon AWS Services,2026-09-03 19:32:54,2026-09-03 20:41:16
12497,5610,452,MERCHANT_SETTLEMENT,74984.47,USD,COMPLETED,Walmart Global Vendor,2026-08-13 13:14:38,2026-08-13 13:36:23
12498,5447,436,WIRE_TRANSFER,88015.02,USD,FAILED,Amazon AWS Services,2026-08-12 05:54:03,2026-08-12 07:47:36
12499,5801,270,ACH_DEBIT,22096.13,USD,COMPLETED,Apple Services US,2026-08-09 05:14:28,2026-08-09 07:12:00
12500,5413,384,CARD_AUTH,19557.87,USD,ON_HOLD,Target Retail Network,2026-08-06 07:48:45,2026-08-06 07:56:58
12501,5724,91,ACH_CREDIT,141555.38,USD,COMPLETED,Apple Services US,2026-07-29 20:26:52,2026-07-29 20:41:28
12502,5780,39,CARD_AUTH,69731.93,USD,COMPLETED,Apple Services US,2026-08-30 04:15:04,2026-08-30 05:37:59
12503,5124,496,MERCHANT_SETTLEMENT,16013.97,USD,COMPLETED,Amazon AWS Services,2026-08-17 10:04:14,2026-08-17 10:25:50
12504,5632,453,FX_CONVERSION,55808.35,USD,COMPLETED,Microsoft Azure Cloud,2026-09-11 11:09:33,2026-09-11 12:04:48
12505,5591,284,ACH_CREDIT,4881.97,USD,COMPLETED,Stripe Clearing Inc,2026-08-30 01:41:57,2026-08-30 03:01:01
12506,5009,107,FX_CONVERSION,128475.34,USD,COMPLETED,JPMorgan Settlement Corp,2026-07-22 16:42:56,2026-07-22 17:07:37
12507,5765,212,FX_CONVERSION,119212.25,USD,COMPLETED,Stripe Clearing Inc,2026-08-14 15:55:28,2026-08-14 16:20:43
12508,5695,204,ACH_DEBIT,74331.21,USD,COMPLETED,Amazon AWS Services,2026-08-29 19:48:28,2026-08-29 21:03:08
12509,5026,445,WIRE_TRANSFER,67600.55,USD,FAILED,Amazon AWS Services,2026-08-09 19:10:30,2026-08-09 21:00:39
12510,5083,205,ACH_CREDIT,66861.37,USD,FAILED,Amazon AWS Services,2026-08-22 01:41:54,2026-08-22 03:15:32
12511,5012,482,WIRE_TRANSFER,43698.87,USD,COMPLETED,Target Retail Network,2026-08-06 18:16:07,2026-08-06 19:12:37
12512,5856,235,ACH_CREDIT,38089.81,USD,COMPLETED,Fedwire Interbank Net,2026-09-13 21:36:40,2026-09-13 22:07:18
12513,5874,58,CARD_AUTH,121255.87,USD,COMPLETED,Visa Direct Global,2026-08-15 21:02:32,2026-08-15 22:49:27
12514,5455,222,ACH_CREDIT,137384.11,USD,COMPLETED,Oracle Cloud Infra,2026-08-10 09:44:58,2026-08-10 11:01:53
12515,5034,380,MERCHANT_SETTLEMENT,113441.03,USD,COMPLETED,Microsoft Azure Cloud,2026-07-25 17:35:52,2026-07-25 17:57:17
12516,5903,180,FX_CONVERSION,109286.06,USD,FAILED,Oracle Cloud Infra,2026-08-20 09:11:31,2026-08-20 09:26:26
12517,5716,310,ACH_CREDIT,110730.69,USD,COMPLETED,JPMorgan Settlement Corp,2026-09-02 16:20:57,2026-09-02 17:56:42
12518,5162,389,MERCHANT_SETTLEMENT,27048.26,USD,FAILED,Stripe Clearing Inc,2026-08-04 08:45:00,2026-08-04 10:03:15
12519,5121,421,MERCHANT_SETTLEMENT,33351.13,USD,ON_HOLD,Amazon AWS Services,2026-08-17 19:14:42,2026-08-17 21:00:14
12520,5577,419,MERCHANT_SETTLEMENT,8948.94,USD,FAILED,Fedwire Interbank Net,2026-08-29 13:55:55,2026-08-29 14:57:47
12521,5405,331,ACH_DEBIT,123613.91,USD,PENDING,JPMorgan Settlement Corp,2026-09-11 12:16:19,2026-09-11 13:44:23
12522,5312,183,ACH_CREDIT,88227.32,USD,COMPLETED,Visa Direct Global,2026-09-14 18:08:41,2026-09-14 18:59:46
12523,5024,232,INTERNAL_BOOK_TRANSFER,111.07,USD,FAILED,Oracle Cloud Infra,2026-08-31 01:02:33,2026-08-31 01:43:46
12524,5836,2,MERCHANT_SETTLEMENT,112233.97,USD,COMPLETED,Fedwire Interbank Net,2026-07-21 22:20:11,2026-07-21 22:43:25
12525,5046,280,WIRE_TRANSFER,99774.64,USD,COMPLETED,Visa Direct Global,2026-08-05 11:59:40,2026-08-05 13:20:59
12526,5048,85,ACH_CREDIT,115752.91,USD,COMPLETED,Microsoft Azure Cloud,2026-08-11 22:48:32,2026-08-12 00:13:13
12527,5034,144,ACH_DEBIT,81343.76,USD,COMPLETED,Visa Direct Global,2026-08-10 16:27:22,2026-08-10 16:51:07
12528,5921,81,ACH_DEBIT,143568.86,USD,COMPLETED,Target Retail Network,2026-08-05 15:37:11,2026-08-05 15:38:09
12529,5981,86,ACH_CREDIT,53644.52,USD,COMPLETED,JPMorgan Settlement Corp,2026-08-25 03:48:43,2026-08-25 05:17:48
12530,5825,170,ACH_DEBIT,128029.79,USD,COMPLETED,Stripe Clearing Inc,2026-08-10 18:57:11,2026-08-10 19:43:21
12531,5291,169,CARD_AUTH,107694.22,USD,COMPLETED,Target Retail Network,2026-08-28 03:04:12,2026-08-28 04:23:35
12532,5517,417,FX_CONVERSION,121285.29,USD,COMPLETED,Target Retail Network,2026-08-07 14:59:13,2026-08-07 16:42:23
12533,5795,126,ACH_CREDIT,131275.24,USD,COMPLETED,Target Retail Network,2026-08-27 02:07:24,2026-08-27 02:29:46
12534,5607,219,ACH_CREDIT,1111.68,USD,PROCESSING,Amazon AWS Services,2026-08-22 11:55:08,2026-08-22 13:12:15
12535,5765,380,FX_CONVERSION,149973.19,USD,COMPLETED,Stripe Clearing Inc,2026-08-01 02:07:50,2026-08-01 04:01:27
12536,5990,404,ACH_DEBIT,112905.09,USD,COMPLETED,JPMorgan Settlement Corp,2026-09-14 02:46:25,2026-09-14 02:54:21
12537,5455,400,ACH_DEBIT,112709.87,USD,PENDING,Walmart Global Vendor,2026-09-17 05:12:05,2026-09-17 06:34:14
12538,5630,69,WIRE_TRANSFER,17708.15,USD,COMPLETED,Apple Services US,2026-08-27 19:18:24,2026-08-27 19:45:31
12539,5078,247,MERCHANT_SETTLEMENT,46366.12,USD,COMPLETED,Microsoft Azure Cloud,2026-08-04 08:43:17,2026-08-04 08:52:19
12540,5929,8,MERCHANT_SETTLEMENT,27358.7,USD,FAILED,Microsoft Azure Cloud,2026-07-28 20:15:33,2026-07-28 21:32:57
12541,5209,462,MERCHANT_SETTLEMENT,51301.46,USD,FAILED,Stripe Clearing Inc,2026-09-14 17:08:57,2026-09-14 17:27:06
12542,5186,203,MERCHANT_SETTLEMENT,11425.59,USD,COMPLETED,Stripe Clearing Inc,2026-09-04 14:01:16,2026-09-04 14:52:11
12543,5238,370,MERCHANT_SETTLEMENT,19238.56,USD,PENDING,Microsoft Azure Cloud,2026-09-03 18:59:42,2026-09-03 19:43:16
12544,5155,342,CARD_AUTH,76316.92,USD,PENDING,Microsoft Azure Cloud,2026-08-26 00:26:49,2026-08-26 00:40:56
12545,5919,464,ACH_CREDIT,105190.55,USD,PROCESSING,Fedwire Interbank Net,2026-07-31 12:28:33,2026-07-31 13:29:52
12546,5829,393,ACH_CREDIT,3992.28,USD,PROCESSING,Visa Direct Global,2026-08-04 04:43:40,2026-08-04 06:13:50
12547,5760,451,FX_CONVERSION,135360.35,USD,COMPLETED,JPMorgan Settlement Corp,2026-08-15 02:02:23,2026-08-15 02:10:48
12548,5196,86,INTERNAL_BOOK_TRANSFER,15907.01,USD,COMPLETED,Target Retail Network,2026-08-21 01:04:19,2026-08-21 01:52:49
12549,5011,163,WIRE_TRANSFER,40654.46,USD,ON_HOLD,JPMorgan Settlement Corp,2026-07-29 13:38:38,2026-07-29 14:58:09
12550,5656,54,ACH_DEBIT,35683.85,USD,FAILED,Amazon AWS Services,2026-09-08 01:27:28,2026-09-08 03:23:47
12551,5453,249,FX_CONVERSION,69163.07,USD,COMPLETED,Microsoft Azure Cloud,2026-09-03 01:57:01,2026-09-03 03:19:45
12552,5998,65,ACH_DEBIT,103871.46,USD,COMPLETED,JPMorgan Settlement Corp,2026-08-03 17:02:41,2026-08-03 17:15:31
12553,5514,280,ACH_CREDIT,106236.84,USD,COMPLETED,Walmart Global Vendor,2026-09-10 05:21:51,2026-09-10 07:09:57
12554,5113,303,ACH_CREDIT,110399.8,USD,COMPLETED,Microsoft Azure Cloud,2026-09-10 12:25:37,2026-09-10 13:31:39
12555,5505,22,MERCHANT_SETTLEMENT,73919.33,USD,PENDING,Visa Direct Global,2026-08-08 01:47:00,2026-08-08 02:15:36
12556,5902,121,CARD_AUTH,25544.49,USD,PROCESSING,Oracle Cloud Infra,2026-08-30 13:44:22,2026-08-30 14:32:49
12557,5098,184,CARD_AUTH,92636.44,USD,COMPLETED,JPMorgan Settlement Corp,2026-08-21 20:42:42,2026-08-21 21:46:34
12558,5734,278,INTERNAL_BOOK_TRANSFER,43493.53,USD,PENDING,Microsoft Azure Cloud,2026-07-25 09:21:34,2026-07-25 10:32:36
12559,5342,326,FX_CONVERSION,117846.99,USD,COMPLETED,Oracle Cloud Infra,2026-09-09 07:42:13,2026-09-09 08:08:31
12560,5850,379,FX_CONVERSION,25790.56,USD,FAILED,Walmart Global Vendor,2026-08-31 06:37:16,2026-08-31 08:14:22
12561,5813,245,ACH_CREDIT,60694.8,USD,COMPLETED,Amazon AWS Services,2026-09-07 03:17:58,2026-09-07 03:54:23
12562,5408,247,ACH_CREDIT,98778.03,USD,FAILED,JPMorgan Settlement Corp,2026-08-24 00:15:12,2026-08-24 00:56:56
12563,5947,111,CARD_AUTH,117026.53,USD,FAILED,Walmart Global Vendor,2026-08-25 01:27:53,2026-08-25 01:38:54
12564,5805,300,MERCHANT_SETTLEMENT,25337.15,USD,COMPLETED,JPMorgan Settlement Corp,2026-08-06 15:30:45,2026-08-06 17:29:33
12565,5359,5,CARD_AUTH,15966.22,USD,COMPLETED,Walmart Global Vendor,2026-08-28 05:12:06,2026-08-28 05:35:07
12566,5776,453,ACH_DEBIT,67097.42,USD,PROCESSING,Fedwire Interbank Net,2026-08-07 03:28:50,2026-08-07 04:49:19
12567,5779,129,ACH_CREDIT,96926.89,USD,COMPLETED,JPMorgan Settlement Corp,2026-08-04 14:28:55,2026-08-04 15:02:32
12568,5945,141,WIRE_TRANSFER,43139.2,USD,PROCESSING,JPMorgan Settlement Corp,2026-09-15 11:56:29,2026-09-15 11:58:07
12569,5807,7,FX_CONVERSION,105332.44,USD,PENDING,Fedwire Interbank Net,2026-08-05 08:27:39,2026-08-05 10:21:15
12570,5711,228,WIRE_TRANSFER,20178.9,USD,PENDING,Amazon AWS Services,2026-08-14 06:55:07,2026-08-14 08:48:39
12571,5914,176,CARD_AUTH,125875.62,USD,PROCESSING,Walmart Global Vendor,2026-08-30 14:27:44,2026-08-30 14:54:19
12572,5190,35,MERCHANT_SETTLEMENT,125397.26,USD,ON_HOLD,Amazon AWS Services,2026-07-21 15:29:30,2026-07-21 17:07:30
12573,5238,315,WIRE_TRANSFER,7509.57,USD,FAILED,Stripe Clearing Inc,2026-09-13 15:26:00,2026-09-13 15:56:04
12574,5252,190,CARD_AUTH,30139.21,USD,PROCESSING,JPMorgan Settlement Corp,2026-08-01 21:06:20,2026-08-01 21:28:18
12575,5306,429,MERCHANT_SETTLEMENT,14070.03,USD,PROCESSING,Target Retail Network,2026-08-25 22:38:40,2026-08-26 00:35:06
12576,5006,356,WIRE_TRANSFER,62995.6,USD,COMPLETED,Oracle Cloud Infra,2026-08-02 18:18:15,2026-08-02 19:21:19
12577,5498,338,WIRE_TRANSFER,48072.95,USD,COMPLETED,Fedwire Interbank Net,2026-07-30 14:10:48,2026-07-30 15:44:25
12578,5767,215,CARD_AUTH,126085.51,USD,PENDING,Fedwire Interbank Net,2026-08-01 10:13:28,2026-08-01 11:06:55
12579,5289,112,INTERNAL_BOOK_TRANSFER,78870.33,USD,COMPLETED,Amazon AWS Services,2026-07-21 06:05:00,2026-07-21 07:23:14
12580,5334,117,MERCHANT_SETTLEMENT,26040.7,USD,COMPLETED,Fedwire Interbank Net,2026-07-28 13:47:34,2026-07-28 14:48:21
12581,5846,218,INTERNAL_BOOK_TRANSFER,22013.73,USD,COMPLETED,Stripe Clearing Inc,2026-08-08 18:49:15,2026-08-08 20:47:45
12582,5908,102,CARD_AUTH,61570.02,USD,COMPLETED,Visa Direct Global,2026-08-13 23:13:36,2026-08-13 23:52:20
12583,5730,48,MERCHANT_SETTLEMENT,44968.4,USD,COMPLETED,Stripe Clearing Inc,2026-08-26 14:24:53,2026-08-26 15:12:36
12584,5283,461,CARD_AUTH,43173.98,USD,ON_HOLD,Target Retail Network,2026-09-02 11:06:17,2026-09-02 11:30:45
12585,5476,241,INTERNAL_BOOK_TRANSFER,134216.64,USD,PROCESSING,Walmart Global Vendor,2026-09-04 02:20:59,2026-09-04 03:18:26
12586,5916,471,CARD_AUTH,4771.6,USD,FAILED,Target Retail Network,2026-08-13 04:39:41,2026-08-13 06:02:17
12587,5300,93,FX_CONVERSION,146202.35,USD,FAILED,Microsoft Azure Cloud,2026-08-30 10:24:14,2026-08-30 12:14:45
12588,5072,243,ACH_DEBIT,128755.81,USD,COMPLETED,Oracle Cloud Infra,2026-09-11 06:28:47,2026-09-11 07:29:07
12589,5021,45,CARD_AUTH,126938.56,USD,PROCESSING,Visa Direct Global,2026-09-12 15:27:30,2026-09-12 15:53:21
12590,5177,154,INTERNAL_BOOK_TRANSFER,27433.66,USD,COMPLETED,Microsoft Azure Cloud,2026-09-12 05:30:31,2026-09-12 06:00:31
12591,5456,158,ACH_DEBIT,115730.17,USD,COMPLETED,Apple Services US,2026-08-05 03:44:52,2026-08-05 04:14:51
12592,5276,177,MERCHANT_SETTLEMENT,117141.31,USD,FAILED,Target Retail Network,2026-09-06 11:08:46,2026-09-06 13:01:20
12593,5399,294,ACH_DEBIT,67309.35,USD,FAILED,Amazon AWS Services,2026-08-04 21:25:55,2026-08-04 22:15:00
12594,5896,151,CARD_AUTH,80421.76,USD,ON_HOLD,Target Retail Network,2026-08-25 13:44:25,2026-08-25 15:39:28
12595,5780,71,MERCHANT_SETTLEMENT,83923.02,USD,COMPLETED,Microsoft Azure Cloud,2026-09-03 05:22:56,2026-09-03 05:46:37
12596,5203,265,MERCHANT_SETTLEMENT,110098.12,USD,COMPLETED,Stripe Clearing Inc,2026-07-20 23:56:15,2026-07-20 23:56:46
12597,5610,174,ACH_CREDIT,75141.7,USD,COMPLETED,Walmart Global Vendor,2026-09-04 14:14:01,2026-09-04 15:55:23
12598,5967,138,ACH_CREDIT,13728.71,USD,ON_HOLD,Microsoft Azure Cloud,2026-08-11 14:05:33,2026-08-11 14:49:29
12599,5799,303,FX_CONVERSION,2425.61,USD,FAILED,Amazon AWS Services,2026-09-14 06:52:58,2026-09-14 08:39:41
12600,5226,245,FX_CONVERSION,11671.41,USD,ON_HOLD,Fedwire Interbank Net,2026-07-24 16:04:18,2026-07-24 16:45:59
12601,5501,434,INTERNAL_BOOK_TRANSFER,95272.96,USD,ON_HOLD,Stripe Clearing Inc,2026-08-17 07:54:30,2026-08-17 08:24:54
12602,5467,259,FX_CONVERSION,39307.43,USD,COMPLETED,Apple Services US,2026-07-24 19:08:37,2026-07-24 20:02:47
12603,5746,193,WIRE_TRANSFER,81346.5,USD,PENDING,Walmart Global Vendor,2026-08-29 04:16:37,2026-08-29 04:51:42
12604,5918,213,CARD_AUTH,70116.66,USD,ON_HOLD,Fedwire Interbank Net,2026-08-11 12:39:27,2026-08-11 13:34:42
12605,5567,474,CARD_AUTH,135201.87,USD,FAILED,Stripe Clearing Inc,2026-08-24 12:40:26,2026-08-24 14:10:30
12606,5305,452,INTERNAL_BOOK_TRANSFER,13092.47,USD,COMPLETED,Oracle Cloud Infra,2026-09-16 22:40:39,2026-09-16 23:58:43
12607,5035,481,WIRE_TRANSFER,22394.6,USD,PENDING,JPMorgan Settlement Corp,2026-09-13 19:57:46,2026-09-13 21:52:57
12608,5113,6,CARD_AUTH,77565.79,USD,COMPLETED,Amazon AWS Services,2026-09-01 22:39:03,2026-09-02 00:07:51
12609,5862,429,FX_CONVERSION,57774.49,USD,COMPLETED,Target Retail Network,2026-08-24 02:24:59,2026-08-24 03:21:18
12610,5771,452,MERCHANT_SETTLEMENT,5014.58,USD,COMPLETED,Target Retail Network,2026-08-12 21:36:10,2026-08-12 22:36:53
12611,5274,469,MERCHANT_SETTLEMENT,88831.42,USD,COMPLETED,Target Retail Network,2026-07-22 10:48:04,2026-07-22 11:42:15
12612,5495,331,MERCHANT_SETTLEMENT,99889.31,USD,COMPLETED,Fedwire Interbank Net,2026-09-03 13:17:16,2026-09-03 14:53:02
12613,5811,455,WIRE_TRANSFER,82210.57,USD,COMPLETED,JPMorgan Settlement Corp,2026-08-06 15:08:49,2026-08-06 16:06:19
12614,5421,455,CARD_AUTH,71319.61,USD,PROCESSING,Microsoft Azure Cloud,2026-07-27 17:10:20,2026-07-27 18:34:17
12615,5017,395,FX_CONVERSION,67832.27,USD,ON_HOLD,Oracle Cloud Infra,2026-08-30 15:51:32,2026-08-30 16:36:32
12616,5224,258,CARD_AUTH,49440.66,USD,PROCESSING,Amazon AWS Services,2026-08-26 10:02:14,2026-08-26 11:06:35
12617,5770,106,FX_CONVERSION,62221.43,USD,COMPLETED,JPMorgan Settlement Corp,2026-09-07 19:53:40,2026-09-07 21:28:26
12618,5633,445,CARD_AUTH,75569.91,USD,PENDING,Fedwire Interbank Net,2026-07-22 03:51:32,2026-07-22 05:32:54
12619,5865,162,CARD_AUTH,149138.68,USD,COMPLETED,Amazon AWS Services,2026-08-18 05:04:26,2026-08-18 06:22:28
12620,5142,72,CARD_AUTH,17714.73,USD,PENDING,Amazon AWS Services,2026-08-14 07:07:04,2026-08-14 08:35:36
12621,5878,288,MERCHANT_SETTLEMENT,114755.13,USD,FAILED,Stripe Clearing Inc,2026-09-10 17:51:51,2026-09-10 19:49:56
12622,5412,350,INTERNAL_BOOK_TRANSFER,66431.5,USD,PENDING,Fedwire Interbank Net,2026-08-08 19:37:44,2026-08-08 20:03:19
12623,5860,32,CARD_AUTH,10482.94,USD,FAILED,JPMorgan Settlement Corp,2026-09-13 22:19:47,2026-09-13 23:52:11
12624,5918,451,WIRE_TRANSFER,71198.38,USD,FAILED,Visa Direct Global,2026-09-14 06:25:28,2026-09-14 06:49:45
12625,5786,429,FX_CONVERSION,125899.91,USD,COMPLETED,Visa Direct Global,2026-09-09 21:55:28,2026-09-09 22:17:21
12626,5503,62,FX_CONVERSION,23109.34,USD,ON_HOLD,Walmart Global Vendor,2026-08-08 15:17:47,2026-08-08 17:03:21
12627,5824,120,MERCHANT_SETTLEMENT,13588.75,USD,ON_HOLD,Amazon AWS Services,2026-09-09 15:49:57,2026-09-09 16:47:46
12628,5843,426,ACH_DEBIT,91621.82,USD,COMPLETED,Fedwire Interbank Net,2026-09-14 20:18:27,2026-09-14 20:58:23
12629,5162,16,ACH_CREDIT,107701.69,USD,PROCESSING,Oracle Cloud Infra,2026-08-11 14:00:11,2026-08-11 14:12:09
12630,5691,395,ACH_CREDIT,143647.27,USD,COMPLETED,Visa Direct Global,2026-07-21 16:41:27,2026-07-21 16:56:57
12631,5290,184,CARD_AUTH,84848.2,USD,PENDING,Apple Services US,2026-07-22 10:10:55,2026-07-22 11:02:56
12632,5614,92,WIRE_TRANSFER,92549.3,USD,FAILED,Oracle Cloud Infra,2026-08-31 11:09:21,2026-08-31 11:35:21
12633,5003,189,ACH_DEBIT,149435.22,USD,PROCESSING,JPMorgan Settlement Corp,2026-08-15 04:32:18,2026-08-15 05:04:03
12634,5575,468,FX_CONVERSION,111381.44,USD,COMPLETED,Target Retail Network,2026-07-25 02:18:25,2026-07-25 03:53:42
12635,5151,401,CARD_AUTH,104068.48,USD,FAILED,Stripe Clearing Inc,2026-09-03 01:24:58,2026-09-03 03:03:59
12636,5552,58,MERCHANT_SETTLEMENT,70734.87,USD,FAILED,Amazon AWS Services,2026-08-26 08:03:56,2026-08-26 09:30:34
12637,5386,489,INTERNAL_BOOK_TRANSFER,40680.48,USD,COMPLETED,Stripe Clearing Inc,2026-08-22 04:44:33,2026-08-22 06:12:43
12638,5541,297,CARD_AUTH,113347.02,USD,COMPLETED,Stripe Clearing Inc,2026-08-25 16:20:05,2026-08-25 17:48:58
12639,5872,130,CARD_AUTH,87148.5,USD,ON_HOLD,JPMorgan Settlement Corp,2026-09-07 10:29:32,2026-09-07 10:42:20
12640,5337,1,ACH_CREDIT,140923.9,USD,FAILED,Amazon AWS Services,2026-07-30 22:25:47,2026-07-30 23:30:51
12641,5056,480,FX_CONVERSION,146599.56,USD,PENDING,Microsoft Azure Cloud,2026-07-23 22:52:33,2026-07-23 23:53:33
12642,5901,25,ACH_CREDIT,4687.88,USD,ON_HOLD,Oracle Cloud Infra,2026-07-22 21:02:38,2026-07-22 22:13:23
12643,5656,460,CARD_AUTH,144141.97,USD,COMPLETED,Apple Services US,2026-08-04 07:02:45,2026-08-04 07:57:44
12644,5154,271,ACH_CREDIT,90105.93,USD,PENDING,Oracle Cloud Infra,2026-08-05 16:52:41,2026-08-05 18:21:41
12645,5892,395,ACH_DEBIT,124942.8,USD,FAILED,Oracle Cloud Infra,2026-08-20 11:59:09,2026-08-20 13:41:56
12646,5970,16,INTERNAL_BOOK_TRANSFER,127602.65,USD,PENDING,JPMorgan Settlement Corp,2026-09-07 22:55:50,2026-09-08 00:05:13
12647,5676,297,ACH_DEBIT,142712.66,USD,COMPLETED,Apple Services US,2026-08-15 13:59:19,2026-08-15 14:11:31
12648,5078,215,FX_CONVERSION,352.78,USD,PROCESSING,Stripe Clearing Inc,2026-09-16 01:30:04,2026-09-16 02:22:41
12649,5880,57,ACH_CREDIT,119976.47,USD,PENDING,Fedwire Interbank Net,2026-08-01 16:21:32,2026-08-01 16:23:44
12650,5571,17,FX_CONVERSION,20042.43,USD,COMPLETED,Target Retail Network,2026-07-31 11:30:01,2026-07-31 12:32:23
12651,5059,326,CARD_AUTH,120674.69,USD,PENDING,Target Retail Network,2026-08-14 12:14:46,2026-08-14 12:53:09
12652,5276,112,ACH_DEBIT,120465.31,USD,PENDING,JPMorgan Settlement Corp,2026-08-13 09:29:38,2026-08-13 10:15:19
12653,5535,349,CARD_AUTH,131259.93,USD,COMPLETED,Stripe Clearing Inc,2026-08-06 04:02:18,2026-08-06 04:03:52
12654,5754,383,ACH_DEBIT,121580.8,USD,ON_HOLD,JPMorgan Settlement Corp,2026-08-17 18:45:32,2026-08-17 19:07:46
12655,5674,449,ACH_DEBIT,32262.46,USD,PROCESSING,Amazon AWS Services,2026-09-14 16:14:26,2026-09-14 16:26:48
12656,5962,475,ACH_CREDIT,143524.76,USD,PENDING,Walmart Global Vendor,2026-08-12 23:09:12,2026-08-12 23:10:30
12657,5188,283,ACH_DEBIT,85492.4,USD,PENDING,Amazon AWS Services,2026-08-13 02:08:22,2026-08-13 03:31:44
12658,5386,333,CARD_AUTH,67342.95,USD,COMPLETED,Microsoft Azure Cloud,2026-08-12 08:19:52,2026-08-12 09:11:12
12659,5326,69,CARD_AUTH,114734.26,USD,ON_HOLD,Microsoft Azure Cloud,2026-07-23 21:42:16,2026-07-23 22:30:24
12660,5364,114,INTERNAL_BOOK_TRANSFER,114620.76,USD,COMPLETED,Oracle Cloud Infra,2026-07-27 12:13:30,2026-07-27 13:49:08
12661,5546,418,MERCHANT_SETTLEMENT,118471.29,USD,FAILED,Microsoft Azure Cloud,2026-07-21 09:40:43,2026-07-21 10:13:59
12662,5895,205,CARD_AUTH,105260.56,USD,FAILED,Oracle Cloud Infra,2026-09-10 21:52:14,2026-09-10 22:12:22
12663,5122,181,CARD_AUTH,107534.66,USD,PENDING,Apple Services US,2026-08-12 23:26:46,2026-08-13 00:37:32
12664,5379,142,INTERNAL_BOOK_TRANSFER,60025.16,USD,COMPLETED,Target Retail Network,2026-08-01 04:06:20,2026-08-01 04:37:55
12665,5439,20,MERCHANT_SETTLEMENT,60500.04,USD,PENDING,Visa Direct Global,2026-09-09 04:17:21,2026-09-09 05:13:06
12666,5291,300,WIRE_TRANSFER,19424.37,USD,PROCESSING,Microsoft Azure Cloud,2026-09-12 20:51:16,2026-09-12 22:42:50
12667,5497,496,CARD_AUTH,133122.67,USD,COMPLETED,JPMorgan Settlement Corp,2026-07-24 17:26:20,2026-07-24 18:01:26
12668,5191,310,FX_CONVERSION,58058.37,USD,COMPLETED,Fedwire Interbank Net,2026-09-12 13:13:48,2026-09-12 14:38:31
12669,5132,6,MERCHANT_SETTLEMENT,62557.8,USD,COMPLETED,Apple Services US,2026-09-13 02:05:36,2026-09-13 03:25:20
12670,5418,91,ACH_CREDIT,133883.79,USD,PENDING,Visa Direct Global,2026-09-15 02:35:25,2026-09-15 03:57:31
12671,5674,421,ACH_CREDIT,88208.66,USD,ON_HOLD,Visa Direct Global,2026-09-11 01:04:47,2026-09-11 01:38:43
12672,5221,165,CARD_AUTH,82938.31,USD,PENDING,Fedwire Interbank Net,2026-09-11 19:17:35,2026-09-11 20:27:56
12673,5476,364,MERCHANT_SETTLEMENT,67654.97,USD,COMPLETED,Walmart Global Vendor,2026-08-30 22:39:50,2026-08-30 22:41:36
12674,5309,63,ACH_CREDIT,38240.04,USD,COMPLETED,Amazon AWS Services,2026-09-08 15:02:55,2026-09-08 17:01:21
12675,5827,129,FX_CONVERSION,121969.54,USD,COMPLETED,Walmart Global Vendor,2026-08-08 06:08:08,2026-08-08 07:30:33
12676,5541,382,ACH_CREDIT,146407.85,USD,PROCESSING,Stripe Clearing Inc,2026-08-03 20:22:58,2026-08-03 20:40:15
12677,5413,6,WIRE_TRANSFER,688.24,USD,COMPLETED,Microsoft Azure Cloud,2026-08-17 16:58:29,2026-08-17 17:05:20
12678,5669,338,INTERNAL_BOOK_TRANSFER,69975.16,USD,PENDING,JPMorgan Settlement Corp,2026-09-17 17:20:40,2026-09-17 18:59:39
12679,5765,484,WIRE_TRANSFER,143488.71,USD,COMPLETED,Target Retail Network,2026-07-23 02:25:38,2026-07-23 04:24:35
12680,5292,375,FX_CONVERSION,10631.24,USD,COMPLETED,Stripe Clearing Inc,2026-07-21 10:38:39,2026-07-21 11:06:36
12681,5529,416,FX_CONVERSION,74368.78,USD,COMPLETED,Oracle Cloud Infra,2026-09-03 11:07:49,2026-09-03 11:25:58
12682,5034,303,FX_CONVERSION,81033.65,USD,ON_HOLD,Walmart Global Vendor,2026-08-26 01:57:36,2026-08-26 02:38:15
12683,5164,381,CARD_AUTH,100077.89,USD,ON_HOLD,JPMorgan Settlement Corp,2026-08-17 15:29:05,2026-08-17 15:30:43
12684,5338,318,INTERNAL_BOOK_TRANSFER,97353.63,USD,COMPLETED,Oracle Cloud Infra,2026-08-06 13:22:46,2026-08-06 13:54:44
12685,5345,426,ACH_CREDIT,4671.75,USD,PENDING,Fedwire Interbank Net,2026-08-30 09:19:58,2026-08-30 10:43:08
12686,5966,410,WIRE_TRANSFER,93367.42,USD,COMPLETED,Oracle Cloud Infra,2026-08-27 17:25:12,2026-08-27 17:42:21
12687,5938,481,FX_CONVERSION,141026.29,USD,FAILED,Oracle Cloud Infra,2026-07-23 02:53:32,2026-07-23 04:22:13
12688,5878,190,MERCHANT_SETTLEMENT,80104.1,USD,COMPLETED,Stripe Clearing Inc,2026-09-03 19:56:24,2026-09-03 21:26:26
12689,5374,126,INTERNAL_BOOK_TRANSFER,140288.05,USD,PENDING,Visa Direct Global,2026-08-28 11:37:27,2026-08-28 12:33:22
12690,5103,480,FX_CONVERSION,64606.53,USD,COMPLETED,Apple Services US,2026-08-03 16:08:08,2026-08-03 17:51:40
12691,5783,334,INTERNAL_BOOK_TRANSFER,96302.42,USD,FAILED,Microsoft Azure Cloud,2026-07-20 11:26:49,2026-07-20 12:09:10
12692,5254,408,ACH_DEBIT,73625.86,USD,COMPLETED,JPMorgan Settlement Corp,2026-08-19 16:44:08,2026-08-19 17:15:00
12693,5988,38,INTERNAL_BOOK_TRANSFER,29146.22,USD,ON_HOLD,Visa Direct Global,2026-08-19 11:31:05,2026-08-19 13:27:16
12694,5415,50,WIRE_TRANSFER,7798.65,USD,PENDING,Apple Services US,2026-08-07 21:31:51,2026-08-07 22:59:38
12695,5174,38,MERCHANT_SETTLEMENT,148587.14,USD,COMPLETED,Amazon AWS Services,2026-08-10 17:49:11,2026-08-10 18:46:28
12696,5089,388,FX_CONVERSION,114275.35,USD,COMPLETED,Amazon AWS Services,2026-08-03 01:24:11,2026-08-03 02:59:09
12697,5342,427,FX_CONVERSION,111638.15,USD,PROCESSING,Visa Direct Global,2026-07-26 17:10:20,2026-07-26 18:31:04
12698,5204,265,MERCHANT_SETTLEMENT,29027.0,USD,PENDING,Amazon AWS Services,2026-08-07 06:13:01,2026-08-07 06:53:49
12699,5750,95,CARD_AUTH,44106.49,USD,COMPLETED,Microsoft Azure Cloud,2026-09-01 08:58:38,2026-09-01 09:37:50
12700,5564,312,WIRE_TRANSFER,116965.23,USD,PENDING,Fedwire Interbank Net,2026-07-22 07:35:33,2026-07-22 08:36:14
12701,5768,491,FX_CONVERSION,62412.31,USD,COMPLETED,Target Retail Network,2026-08-19 10:16:15,2026-08-19 10:25:18
12702,5946,496,WIRE_TRANSFER,103782.09,USD,PENDING,Fedwire Interbank Net,2026-08-20 00:34:37,2026-08-20 00:45:06
12703,5797,388,FX_CONVERSION,10717.55,USD,PENDING,Amazon AWS Services,2026-09-11 22:31:15,2026-09-12 00:27:50
12704,5800,500,ACH_DEBIT,13497.47,USD,ON_HOLD,Target Retail Network,2026-08-04 23:38:51,2026-08-05 01:36:52
12705,5552,304,ACH_DEBIT,11792.05,USD,COMPLETED,Fedwire Interbank Net,2026-08-07 12:31:40,2026-08-07 13:06:40
12706,5038,310,CARD_AUTH,11029.81,USD,FAILED,Walmart Global Vendor,2026-09-07 05:33:19,2026-09-07 05:33:35
12707,5353,178,FX_CONVERSION,111304.72,USD,ON_HOLD,Stripe Clearing Inc,2026-08-19 23:39:50,2026-08-20 01:33:56
12708,5463,134,ACH_DEBIT,107754.17,USD,PROCESSING,Fedwire Interbank Net,2026-08-24 08:01:09,2026-08-24 08:35:12
12709,5617,342,WIRE_TRANSFER,138275.82,USD,COMPLETED,Apple Services US,2026-09-03 17:27:45,2026-09-03 17:28:12
12710,5052,146,WIRE_TRANSFER,88185.34,USD,FAILED,Amazon AWS Services,2026-08-19 01:34:38,2026-08-19 02:18:15
12711,5915,160,WIRE_TRANSFER,80948.18,USD,COMPLETED,Target Retail Network,2026-09-16 11:40:30,2026-09-16 13:28:14
12712,5729,280,ACH_CREDIT,26752.62,USD,FAILED,Oracle Cloud Infra,2026-07-22 04:00:22,2026-07-22 05:33:25
12713,5215,302,MERCHANT_SETTLEMENT,59063.9,USD,COMPLETED,Amazon AWS Services,2026-08-11 23:37:35,2026-08-12 00:47:48
12714,5381,469,CARD_AUTH,81609.85,USD,PENDING,Microsoft Azure Cloud,2026-07-21 20:48:06,2026-07-21 22:18:18
12715,5456,274,FX_CONVERSION,1892.32,USD,PENDING,Walmart Global Vendor,2026-08-04 02:39:03,2026-08-04 04:02:09
12716,5715,174,WIRE_TRANSFER,145624.67,USD,PENDING,Microsoft Azure Cloud,2026-08-31 06:49:19,2026-08-31 08:26:14
12717,5615,106,CARD_AUTH,30578.86,USD,COMPLETED,Walmart Global Vendor,2026-08-29 08:40:17,2026-08-29 08:58:24
12718,5205,29,ACH_CREDIT,90745.29,USD,PENDING,Microsoft Azure Cloud,2026-08-14 10:06:47,2026-08-14 12:02:55
12719,5022,258,FX_CONVERSION,135002.96,USD,FAILED,Fedwire Interbank Net,2026-09-05 03:27:11,2026-09-05 03:33:04
12720,5518,369,FX_CONVERSION,83769.63,USD,COMPLETED,Visa Direct Global,2026-08-05 03:40:34,2026-08-05 03:46:15
12721,5696,367,WIRE_TRANSFER,89932.99,USD,PROCESSING,Stripe Clearing Inc,2026-09-10 08:02:45,2026-09-10 09:57:23
12722,5741,422,INTERNAL_BOOK_TRANSFER,94389.68,USD,COMPLETED,Target Retail Network,2026-07-27 11:31:47,2026-07-27 11:44:24
12723,5205,349,CARD_AUTH,136572.56,USD,FAILED,Fedwire Interbank Net,2026-08-25 13:54:29,2026-08-25 14:08:15
12724,5099,172,FX_CONVERSION,41370.03,USD,COMPLETED,Oracle Cloud Infra,2026-07-24 09:23:42,2026-07-24 10:10:36
12725,5167,410,MERCHANT_SETTLEMENT,36164.68,USD,ON_HOLD,Stripe Clearing Inc,2026-07-30 15:26:27,2026-07-30 16:47:38
12726,5672,207,WIRE_TRANSFER,44308.26,USD,PENDING,JPMorgan Settlement Corp,2026-08-03 01:41:59,2026-08-03 01:44:32
12727,5322,116,FX_CONVERSION,135750.0,USD,ON_HOLD,Amazon AWS Services,2026-09-04 01:02:41,2026-09-04 02:07:56
12728,5975,140,ACH_DEBIT,106682.59,USD,COMPLETED,Apple Services US,2026-07-25 07:54:12,2026-07-25 09:52:11
12729,5545,348,INTERNAL_BOOK_TRANSFER,115892.14,USD,ON_HOLD,Target Retail Network,2026-07-27 14:01:01,2026-07-27 15:01:41
12730,5769,33,ACH_DEBIT,58575.77,USD,COMPLETED,Visa Direct Global,2026-09-13 09:18:52,2026-09-13 10:05:13
12731,5747,125,FX_CONVERSION,40863.45,USD,FAILED,Apple Services US,2026-08-26 10:40:42,2026-08-26 11:36:30
12732,5136,447,MERCHANT_SETTLEMENT,26991.21,USD,COMPLETED,Visa Direct Global,2026-08-25 07:44:38,2026-08-25 07:45:05
12733,5373,119,WIRE_TRANSFER,20702.17,USD,PENDING,Stripe Clearing Inc,2026-09-09 17:31:37,2026-09-09 18:12:49
12734,5017,67,ACH_DEBIT,72937.37,USD,PROCESSING,Apple Services US,2026-07-20 09:36:23,2026-07-20 10:05:58
12735,5929,199,FX_CONVERSION,60207.98,USD,COMPLETED,Amazon AWS Services,2026-08-27 00:23:27,2026-08-27 00:55:49
12736,5043,203,MERCHANT_SETTLEMENT,35825.31,USD,FAILED,Amazon AWS Services,2026-08-24 20:10:51,2026-08-24 20:16:56
12737,5133,375,FX_CONVERSION,133067.79,USD,COMPLETED,Fedwire Interbank Net,2026-08-14 15:33:12,2026-08-14 17:27:37
12738,5009,320,FX_CONVERSION,88175.76,USD,COMPLETED,Target Retail Network,2026-09-14 18:44:41,2026-09-14 18:50:44
12739,5607,61,ACH_CREDIT,8829.34,USD,ON_HOLD,Target Retail Network,2026-07-22 14:54:31,2026-07-22 15:14:08
12740,5374,70,WIRE_TRANSFER,91256.49,USD,COMPLETED,JPMorgan Settlement Corp,2026-08-08 05:52:36,2026-08-08 07:37:27
12741,5966,236,CARD_AUTH,55670.15,USD,PENDING,Visa Direct Global,2026-08-24 10:10:09,2026-08-24 10:41:48
12742,5879,58,FX_CONVERSION,97399.03,USD,COMPLETED,Fedwire Interbank Net,2026-07-23 20:50:44,2026-07-23 20:57:34
12743,5639,367,FX_CONVERSION,64571.97,USD,COMPLETED,Apple Services US,2026-08-22 16:34:23,2026-08-22 18:25:42
12744,5971,253,ACH_DEBIT,99246.56,USD,COMPLETED,Microsoft Azure Cloud,2026-09-15 03:49:08,2026-09-15 04:07:55
12745,5045,164,ACH_DEBIT,112081.44,USD,PROCESSING,Microsoft Azure Cloud,2026-08-16 12:35:56,2026-08-16 13:20:59
12746,5231,264,WIRE_TRANSFER,18675.69,USD,COMPLETED,Oracle Cloud Infra,2026-07-31 13:11:54,2026-07-31 14:50:03
12747,5562,305,MERCHANT_SETTLEMENT,52195.75,USD,COMPLETED,Oracle Cloud Infra,2026-08-09 08:16:42,2026-08-09 08:55:28
12748,5908,430,CARD_AUTH,42466.8,USD,COMPLETED,Fedwire Interbank Net,2026-08-28 06:09:21,2026-08-28 06:30:51
12749,5888,86,FX_CONVERSION,119135.54,USD,COMPLETED,JPMorgan Settlement Corp,2026-07-31 19:11:32,2026-07-31 20:18:58
12750,5632,254,WIRE_TRANSFER,47252.07,USD,PENDING,Fedwire Interbank Net,2026-07-20 23:53:59,2026-07-21 00:26:06
12751,5993,416,MERCHANT_SETTLEMENT,15405.22,USD,PENDING,JPMorgan Settlement Corp,2026-08-18 21:11:02,2026-08-18 22:25:05
12752,5434,16,MERCHANT_SETTLEMENT,1597.98,USD,PENDING,JPMorgan Settlement Corp,2026-08-29 18:10:06,2026-08-29 19:05:37
12753,5017,68,ACH_CREDIT,53014.41,USD,COMPLETED,Walmart Global Vendor,2026-09-06 18:06:03,2026-09-06 18:55:59
12754,5028,37,ACH_DEBIT,143235.07,USD,ON_HOLD,Amazon AWS Services,2026-07-26 09:52:35,2026-07-26 10:52:54
12755,5236,348,INTERNAL_BOOK_TRANSFER,95230.57,USD,COMPLETED,Fedwire Interbank Net,2026-09-06 01:58:56,2026-09-06 03:49:28
12756,5097,162,MERCHANT_SETTLEMENT,8119.41,USD,PROCESSING,Apple Services US,2026-09-13 08:49:03,2026-09-13 08:57:34
12757,5383,67,ACH_CREDIT,38367.99,USD,COMPLETED,Target Retail Network,2026-08-12 15:20:58,2026-08-12 16:41:42
12758,5335,158,MERCHANT_SETTLEMENT,85086.18,USD,COMPLETED,Fedwire Interbank Net,2026-08-14 11:26:06,2026-08-14 13:06:06
12759,5764,188,ACH_CREDIT,14584.1,USD,FAILED,Walmart Global Vendor,2026-09-03 05:12:50,2026-09-03 06:32:35
12760,5056,164,INTERNAL_BOOK_TRANSFER,69049.02,USD,PROCESSING,Stripe Clearing Inc,2026-09-08 18:26:25,2026-09-08 19:53:30
12761,5590,273,MERCHANT_SETTLEMENT,65223.5,USD,ON_HOLD,Microsoft Azure Cloud,2026-08-28 02:35:37,2026-08-28 03:54:59
12762,5220,220,ACH_DEBIT,58267.09,USD,COMPLETED,Oracle Cloud Infra,2026-08-11 15:28:49,2026-08-11 15:55:29
12763,5903,166,INTERNAL_BOOK_TRANSFER,91101.0,USD,COMPLETED,Oracle Cloud Infra,2026-09-02 11:39:45,2026-09-02 12:33:53
12764,5561,489,WIRE_TRANSFER,56154.25,USD,PENDING,Amazon AWS Services,2026-08-06 20:33:56,2026-08-06 21:07:10
12765,5764,356,MERCHANT_SETTLEMENT,127138.63,USD,FAILED,Stripe Clearing Inc,2026-09-10 10:51:51,2026-09-10 11:28:09
12766,5251,439,WIRE_TRANSFER,120861.56,USD,COMPLETED,Visa Direct Global,2026-08-06 20:16:12,2026-08-06 20:38:40
12767,5027,309,ACH_DEBIT,64887.47,USD,COMPLETED,Target Retail Network,2026-08-07 05:41:45,2026-08-07 07:37:55
12768,5837,74,INTERNAL_BOOK_TRANSFER,105977.71,USD,ON_HOLD,Apple Services US,2026-08-09 11:24:03,2026-08-09 13:11:28
12769,5699,69,ACH_CREDIT,84839.44,USD,FAILED,Fedwire Interbank Net,2026-08-16 21:24:46,2026-08-16 22:00:13
12770,5041,96,CARD_AUTH,84111.86,USD,COMPLETED,Walmart Global Vendor,2026-08-12 03:10:53,2026-08-12 04:55:09
12771,5168,418,MERCHANT_SETTLEMENT,140217.36,USD,PENDING,Fedwire Interbank Net,2026-09-17 18:12:39,2026-09-17 20:10:04
12772,5608,335,ACH_CREDIT,38762.01,USD,PENDING,Apple Services US,2026-08-11 19:27:17,2026-08-11 20:52:17
12773,5956,364,ACH_CREDIT,33594.95,USD,PROCESSING,Walmart Global Vendor,2026-08-02 11:36:19,2026-08-02 11:42:46
12774,5140,123,INTERNAL_BOOK_TRANSFER,27374.98,USD,PROCESSING,Stripe Clearing Inc,2026-08-13 05:29:13,2026-08-13 07:03:20
12775,5001,34,MERCHANT_SETTLEMENT,92536.87,USD,COMPLETED,JPMorgan Settlement Corp,2026-09-07 22:45:25,2026-09-07 23:23:34
12776,5301,71,ACH_CREDIT,144230.08,USD,PENDING,Stripe Clearing Inc,2026-09-16 12:42:26,2026-09-16 14:03:12
12777,5538,77,FX_CONVERSION,1389.19,USD,ON_HOLD,Apple Services US,2026-08-20 23:59:14,2026-08-21 01:51:15
12778,5329,442,WIRE_TRANSFER,49255.48,USD,COMPLETED,Walmart Global Vendor,2026-08-01 03:19:26,2026-08-01 04:12:37
12779,5059,469,MERCHANT_SETTLEMENT,48558.37,USD,PROCESSING,Visa Direct Global,2026-07-26 13:34:40,2026-07-26 14:02:17
12780,5565,492,ACH_CREDIT,18669.9,USD,COMPLETED,Fedwire Interbank Net,2026-08-16 10:20:42,2026-08-16 10:54:21
12781,5219,345,ACH_CREDIT,27666.56,USD,FAILED,Fedwire Interbank Net,2026-08-03 10:34:21,2026-08-03 10:51:56
12782,5505,231,MERCHANT_SETTLEMENT,70042.91,USD,COMPLETED,Stripe Clearing Inc,2026-08-29 00:51:03,2026-08-29 02:30:15
12783,5519,359,WIRE_TRANSFER,143242.39,USD,PENDING,Microsoft Azure Cloud,2026-09-04 05:55:24,2026-09-04 05:59:20
12784,5948,411,MERCHANT_SETTLEMENT,542.76,USD,PROCESSING,Walmart Global Vendor,2026-07-24 21:46:42,2026-07-24 22:19:17
12785,5388,409,WIRE_TRANSFER,50275.67,USD,COMPLETED,JPMorgan Settlement Corp,2026-09-06 16:49:56,2026-09-06 18:38:43
12786,5312,70,INTERNAL_BOOK_TRANSFER,43167.76,USD,ON_HOLD,Amazon AWS Services,2026-09-03 17:44:48,2026-09-03 19:32:53
12787,5726,153,INTERNAL_BOOK_TRANSFER,8070.99,USD,PENDING,Microsoft Azure Cloud,2026-07-21 14:53:06,2026-07-21 16:25:23
12788,5664,445,MERCHANT_SETTLEMENT,70999.86,USD,FAILED,Walmart Global Vendor,2026-09-06 23:37:39,2026-09-07 00:00:32
12789,5439,233,MERCHANT_SETTLEMENT,20680.0,USD,PROCESSING,Amazon AWS Services,2026-08-30 13:02:39,2026-08-30 14:56:06
12790,5164,8,CARD_AUTH,6025.95,USD,ON_HOLD,Fedwire Interbank Net,2026-08-07 08:37:26,2026-08-07 10:27:24
12791,5521,340,ACH_DEBIT,95153.24,USD,FAILED,Fedwire Interbank Net,2026-08-14 07:08:32,2026-08-14 08:04:49
12792,5747,37,ACH_DEBIT,86062.36,USD,COMPLETED,Walmart Global Vendor,2026-09-15 14:15:02,2026-09-15 15:21:25
12793,5662,301,ACH_CREDIT,15695.91,USD,COMPLETED,Visa Direct Global,2026-09-13 05:40:29,2026-09-13 07:13:19
12794,5497,384,FX_CONVERSION,125800.54,USD,ON_HOLD,Microsoft Azure Cloud,2026-09-15 21:34:38,2026-09-15 23:22:31
12795,5080,132,FX_CONVERSION,137086.42,USD,PROCESSING,Fedwire Interbank Net,2026-07-23 03:53:09,2026-07-23 05:13:41
12796,5758,318,ACH_DEBIT,122084.89,USD,COMPLETED,Microsoft Azure Cloud,2026-09-15 19:23:00,2026-09-15 20:58:57
12797,5820,339,ACH_CREDIT,21460.22,USD,PENDING,Fedwire Interbank Net,2026-08-17 14:53:46,2026-08-17 15:23:24
12798,5131,68,INTERNAL_BOOK_TRANSFER,33384.59,USD,PROCESSING,Microsoft Azure Cloud,2026-08-25 19:34:45,2026-08-25 19:48:40
12799,5134,52,ACH_CREDIT,107797.33,USD,PROCESSING,Oracle Cloud Infra,2026-07-27 01:40:15,2026-07-27 03:10:31
12800,5888,467,WIRE_TRANSFER,49448.74,USD,COMPLETED,Oracle Cloud Infra,2026-08-21 18:42:35,2026-08-21 19:13:47
12801,5258,9,WIRE_TRANSFER,104978.14,USD,COMPLETED,Apple Services US,2026-08-31 05:54:31,2026-08-31 07:35:48
12802,5716,471,ACH_CREDIT,20642.59,USD,COMPLETED,Visa Direct Global,2026-09-09 09:13:03,2026-09-09 10:49:08
12803,5938,156,MERCHANT_SETTLEMENT,45043.53,USD,FAILED,JPMorgan Settlement Corp,2026-08-21 22:22:37,2026-08-21 23:16:59
12804,5733,237,INTERNAL_BOOK_TRANSFER,75615.01,USD,PENDING,Stripe Clearing Inc,2026-09-07 16:03:37,2026-09-07 17:49:25
12805,5514,270,ACH_CREDIT,136351.34,USD,COMPLETED,Target Retail Network,2026-09-01 12:55:56,2026-09-01 14:07:48
12806,5659,280,INTERNAL_BOOK_TRANSFER,72475.01,USD,COMPLETED,Oracle Cloud Infra,2026-08-16 23:48:23,2026-08-16 23:57:40
12807,5398,268,WIRE_TRANSFER,57678.65,USD,COMPLETED,Target Retail Network,2026-08-13 14:56:15,2026-08-13 16:14:54
12808,5658,190,MERCHANT_SETTLEMENT,45909.8,USD,ON_HOLD,Visa Direct Global,2026-09-16 00:36:36,2026-09-16 01:49:55
12809,5996,446,ACH_DEBIT,58727.77,USD,FAILED,Walmart Global Vendor,2026-09-07 20:32:21,2026-09-07 21:30:55
12810,5704,228,FX_CONVERSION,40419.56,USD,FAILED,Fedwire Interbank Net,2026-08-07 13:01:19,2026-08-07 14:34:00
12811,5555,124,WIRE_TRANSFER,128451.07,USD,FAILED,Apple Services US,2026-08-03 19:00:07,2026-08-03 19:27:41
12812,5405,412,WIRE_TRANSFER,7628.5,USD,PROCESSING,Amazon AWS Services,2026-09-13 13:07:29,2026-09-13 13:26:46
12813,5428,43,MERCHANT_SETTLEMENT,60131.69,USD,COMPLETED,Stripe Clearing Inc,2026-08-29 11:24:00,2026-08-29 12:08:08
12814,5365,462,ACH_DEBIT,109875.06,USD,ON_HOLD,Oracle Cloud Infra,2026-08-28 06:38:22,2026-08-28 07:16:22
12815,5339,256,INTERNAL_BOOK_TRANSFER,139020.22,USD,PENDING,Walmart Global Vendor,2026-08-20 15:32:58,2026-08-20 17:15:40
12816,5777,184,MERCHANT_SETTLEMENT,52826.28,USD,COMPLETED,Microsoft Azure Cloud,2026-09-03 11:33:24,2026-09-03 12:32:19
12817,5282,3,WIRE_TRANSFER,7869.63,USD,PROCESSING,Apple Services US,2026-08-21 14:23:08,2026-08-21 15:34:21
12818,5806,415,MERCHANT_SETTLEMENT,121258.38,USD,FAILED,JPMorgan Settlement Corp,2026-08-17 02:14:47,2026-08-17 03:48:09
12819,5059,183,WIRE_TRANSFER,62223.4,USD,COMPLETED,Microsoft Azure Cloud,2026-08-20 09:17:58,2026-08-20 09:32:35
12820,5158,90,ACH_DEBIT,129239.76,USD,COMPLETED,Stripe Clearing Inc,2026-09-07 13:29:53,2026-09-07 14:50:20
12821,5627,242,ACH_DEBIT,766.12,USD,FAILED,Target Retail Network,2026-08-08 09:30:42,2026-08-08 10:43:02
12822,5417,468,FX_CONVERSION,149716.78,USD,COMPLETED,Oracle Cloud Infra,2026-08-11 11:35:18,2026-08-11 13:29:35
12823,5326,421,MERCHANT_SETTLEMENT,130092.83,USD,ON_HOLD,Stripe Clearing Inc,2026-09-01 18:29:15,2026-09-01 18:32:02
12824,5982,126,MERCHANT_SETTLEMENT,29118.43,USD,PROCESSING,Microsoft Azure Cloud,2026-08-14 19:44:46,2026-08-14 20:05:51
12825,5939,109,FX_CONVERSION,96457.27,USD,COMPLETED,JPMorgan Settlement Corp,2026-07-24 05:08:45,2026-07-24 06:57:41
12826,5711,171,INTERNAL_BOOK_TRANSFER,7300.96,USD,PROCESSING,Oracle Cloud Infra,2026-08-10 12:11:16,2026-08-10 12:15:30
12827,5624,398,CARD_AUTH,41714.96,USD,COMPLETED,Target Retail Network,2026-08-14 22:51:13,2026-08-15 00:22:30
12828,5593,7,FX_CONVERSION,115529.56,USD,ON_HOLD,Stripe Clearing Inc,2026-09-16 19:07:12,2026-09-16 20:12:13
12829,5611,249,CARD_AUTH,126699.02,USD,FAILED,Visa Direct Global,2026-09-05 02:30:48,2026-09-05 02:49:18
12830,5861,140,ACH_DEBIT,148505.15,USD,PROCESSING,Microsoft Azure Cloud,2026-07-30 10:57:40,2026-07-30 11:26:23
12831,5372,200,FX_CONVERSION,40563.88,USD,COMPLETED,Microsoft Azure Cloud,2026-08-19 16:14:09,2026-08-19 16:20:00
12832,5476,105,ACH_DEBIT,113032.94,USD,PENDING,Apple Services US,2026-08-17 20:51:10,2026-08-17 22:00:48
12833,5998,8,FX_CONVERSION,48297.5,USD,ON_HOLD,Target Retail Network,2026-09-13 11:02:39,2026-09-13 11:37:01
12834,5694,10,ACH_DEBIT,87682.29,USD,ON_HOLD,Oracle Cloud Infra,2026-07-24 04:59:42,2026-07-24 05:18:56
12835,5674,222,WIRE_TRANSFER,25309.07,USD,PROCESSING,Microsoft Azure Cloud,2026-08-15 01:32:00,2026-08-15 01:52:10
12836,5667,447,CARD_AUTH,128495.67,USD,FAILED,Target Retail Network,2026-07-28 13:32:24,2026-07-28 14:20:47
12837,5934,272,FX_CONVERSION,146244.22,USD,COMPLETED,Walmart Global Vendor,2026-09-08 08:49:14,2026-09-08 09:27:35
12838,5626,431,CARD_AUTH,2659.39,USD,COMPLETED,Microsoft Azure Cloud,2026-08-03 17:36:10,2026-08-03 17:41:49
12839,5233,50,FX_CONVERSION,111621.79,USD,ON_HOLD,Apple Services US,2026-09-03 13:39:53,2026-09-03 14:18:58
12840,5546,224,MERCHANT_SETTLEMENT,54402.38,USD,COMPLETED,Stripe Clearing Inc,2026-08-18 19:14:23,2026-08-18 19:23:34
12841,5526,461,MERCHANT_SETTLEMENT,110678.8,USD,ON_HOLD,Oracle Cloud Infra,2026-08-04 06:11:26,2026-08-04 06:39:01
12842,5004,257,FX_CONVERSION,113198.45,USD,COMPLETED,Visa Direct Global,2026-08-19 21:25:29,2026-08-19 23:12:58
12843,5657,267,CARD_AUTH,59480.16,USD,PROCESSING,Microsoft Azure Cloud,2026-07-30 02:49:05,2026-07-30 04:07:03
12844,5431,82,ACH_CREDIT,97014.43,USD,COMPLETED,JPMorgan Settlement Corp,2026-08-30 12:15:32,2026-08-30 12:19:52
12845,5755,330,ACH_DEBIT,108392.81,USD,PENDING,Visa Direct Global,2026-08-16 00:06:13,2026-08-16 00:28:55
12846,5471,216,CARD_AUTH,72098.08,USD,PROCESSING,Target Retail Network,2026-07-29 09:39:29,2026-07-29 11:35:31
12847,5455,99,INTERNAL_BOOK_TRANSFER,398.61,USD,PENDING,JPMorgan Settlement Corp,2026-09-15 03:23:55,2026-09-15 03:53:10
12848,5673,495,INTERNAL_BOOK_TRANSFER,137215.9,USD,COMPLETED,Walmart Global Vendor,2026-07-28 18:46:54,2026-07-28 20:37:50
12849,5543,473,CARD_AUTH,114659.45,USD,PENDING,Oracle Cloud Infra,2026-09-06 10:22:34,2026-09-06 10:43:04
12850,5302,399,ACH_CREDIT,132956.0,USD,FAILED,Walmart Global Vendor,2026-08-21 19:45:43,2026-08-21 21:02:41
12851,5320,213,FX_CONVERSION,82325.41,USD,FAILED,Amazon AWS Services,2026-08-29 15:23:36,2026-08-29 15:44:32
12852,5242,69,MERCHANT_SETTLEMENT,108746.92,USD,COMPLETED,Apple Services US,2026-07-31 09:10:14,2026-07-31 10:11:47
12853,5640,258,FX_CONVERSION,4071.04,USD,COMPLETED,JPMorgan Settlement Corp,2026-08-10 23:02:49,2026-08-11 00:07:16
12854,5696,424,FX_CONVERSION,8516.16,USD,ON_HOLD,Fedwire Interbank Net,2026-08-19 12:56:21,2026-08-19 14:48:55
12855,5280,447,CARD_AUTH,107177.38,USD,ON_HOLD,Apple Services US,2026-07-25 05:23:43,2026-07-25 06:55:25
12856,5910,283,ACH_DEBIT,121492.82,USD,PENDING,Visa Direct Global,2026-08-20 04:19:26,2026-08-20 05:55:32
12857,5266,37,INTERNAL_BOOK_TRANSFER,118664.58,USD,PENDING,Apple Services US,2026-08-19 07:21:04,2026-08-19 08:04:00
12858,5208,304,FX_CONVERSION,11632.62,USD,FAILED,Oracle Cloud Infra,2026-09-10 07:53:44,2026-09-10 09:19:03
12859,5702,21,CARD_AUTH,67878.92,USD,COMPLETED,Apple Services US,2026-09-07 17:54:59,2026-09-07 18:04:07
12860,5362,299,WIRE_TRANSFER,48078.17,USD,PROCESSING,Amazon AWS Services,2026-09-11 23:36:01,2026-09-12 00:55:25
12861,5310,190,FX_CONVERSION,148135.25,USD,FAILED,Fedwire Interbank Net,2026-08-05 02:25:10,2026-08-05 03:20:32
12862,5847,282,ACH_CREDIT,75841.8,USD,PROCESSING,Oracle Cloud Infra,2026-08-31 20:43:13,2026-08-31 21:39:25
12863,5211,269,WIRE_TRANSFER,129190.22,USD,COMPLETED,Apple Services US,2026-08-27 12:33:41,2026-08-27 12:44:35
12864,5155,122,FX_CONVERSION,59887.54,USD,COMPLETED,JPMorgan Settlement Corp,2026-07-30 22:36:47,2026-07-31 00:03:06
12865,5806,342,FX_CONVERSION,4203.39,USD,FAILED,Walmart Global Vendor,2026-07-28 09:19:42,2026-07-28 10:34:29
12866,5900,414,FX_CONVERSION,14988.2,USD,PROCESSING,Oracle Cloud Infra,2026-09-08 14:26:12,2026-09-08 15:54:09
12867,5397,434,INTERNAL_BOOK_TRANSFER,117626.2,USD,COMPLETED,Oracle Cloud Infra,2026-08-01 19:34:57,2026-08-01 21:26:22
12868,5828,14,INTERNAL_BOOK_TRANSFER,124132.38,USD,COMPLETED,Fedwire Interbank Net,2026-08-26 11:55:55,2026-08-26 13:33:39
12869,5779,436,FX_CONVERSION,5521.75,USD,COMPLETED,Amazon AWS Services,2026-09-01 23:15:20,2026-09-02 00:35:26
12870,5136,113,MERCHANT_SETTLEMENT,116905.99,USD,PROCESSING,Oracle Cloud Infra,2026-08-02 19:15:54,2026-08-02 20:08:54
12871,5567,311,ACH_CREDIT,33605.35,USD,ON_HOLD,Oracle Cloud Infra,2026-08-31 05:15:35,2026-08-31 06:45:57
12872,5312,312,MERCHANT_SETTLEMENT,138200.04,USD,COMPLETED,Walmart Global Vendor,2026-07-24 02:51:16,2026-07-24 03:48:47
12873,5503,168,MERCHANT_SETTLEMENT,76667.34,USD,PENDING,Oracle Cloud Infra,2026-08-10 16:43:34,2026-08-10 17:09:43
12874,5347,182,INTERNAL_BOOK_TRANSFER,66927.78,USD,FAILED,Apple Services US,2026-08-31 18:18:33,2026-08-31 18:50:52
12875,5758,52,CARD_AUTH,25642.42,USD,FAILED,Target Retail Network,2026-07-29 13:08:14,2026-07-29 13:52:24
12876,5338,175,INTERNAL_BOOK_TRANSFER,6430.62,USD,FAILED,Walmart Global Vendor,2026-08-31 12:59:40,2026-08-31 14:32:03
12877,5927,17,ACH_DEBIT,19069.02,USD,COMPLETED,Oracle Cloud Infra,2026-09-04 06:37:10,2026-09-04 08:01:36
12878,5618,346,INTERNAL_BOOK_TRANSFER,33416.38,USD,COMPLETED,Microsoft Azure Cloud,2026-08-14 09:33:17,2026-08-14 09:39:28
12879,5319,189,FX_CONVERSION,80621.03,USD,COMPLETED,Stripe Clearing Inc,2026-08-19 01:17:59,2026-08-19 01:26:47
12880,5316,455,MERCHANT_SETTLEMENT,142647.32,USD,ON_HOLD,Stripe Clearing Inc,2026-08-03 14:51:07,2026-08-03 15:22:10
12881,5664,407,ACH_DEBIT,127628.57,USD,COMPLETED,Fedwire Interbank Net,2026-09-09 20:10:06,2026-09-09 21:10:47
12882,5117,167,INTERNAL_BOOK_TRANSFER,112514.17,USD,FAILED,Oracle Cloud Infra,2026-09-16 05:55:40,2026-09-16 06:05:56
12883,5762,20,FX_CONVERSION,95839.73,USD,FAILED,Apple Services US,2026-09-17 19:36:21,2026-09-17 20:37:22
12884,5551,28,CARD_AUTH,132375.02,USD,COMPLETED,Microsoft Azure Cloud,2026-08-14 17:56:53,2026-08-14 18:45:43
12885,5437,263,ACH_DEBIT,39529.47,USD,PENDING,Visa Direct Global,2026-08-17 07:32:45,2026-08-17 07:36:12
12886,5937,390,ACH_CREDIT,122915.02,USD,PENDING,Fedwire Interbank Net,2026-08-17 18:32:28,2026-08-17 20:23:44
12887,5023,34,MERCHANT_SETTLEMENT,32709.32,USD,COMPLETED,Visa Direct Global,2026-08-19 19:47:20,2026-08-19 20:52:55
12888,5224,389,MERCHANT_SETTLEMENT,75917.38,USD,COMPLETED,Stripe Clearing Inc,2026-08-23 07:08:14,2026-08-23 08:27:49
12889,5968,256,ACH_DEBIT,67964.85,USD,COMPLETED,Visa Direct Global,2026-08-03 03:00:34,2026-08-03 04:31:06
12890,5450,120,WIRE_TRANSFER,76369.11,USD,PROCESSING,Target Retail Network,2026-07-23 11:43:30,2026-07-23 12:02:14
12891,5579,425,WIRE_TRANSFER,49731.06,USD,COMPLETED,Microsoft Azure Cloud,2026-08-04 17:10:00,2026-08-04 19:02:15
12892,5233,117,ACH_CREDIT,45030.73,USD,PENDING,Walmart Global Vendor,2026-07-26 12:29:18,2026-07-26 13:44:28
12893,5356,321,INTERNAL_BOOK_TRANSFER,38162.44,USD,COMPLETED,Visa Direct Global,2026-08-30 20:24:31,2026-08-30 22:13:25
12894,5399,13,MERCHANT_SETTLEMENT,136559.59,USD,COMPLETED,Microsoft Azure Cloud,2026-08-26 03:15:22,2026-08-26 05:11:02
12895,5483,364,ACH_DEBIT,58332.02,USD,ON_HOLD,Stripe Clearing Inc,2026-08-22 08:33:26,2026-08-22 10:14:57
12896,5648,294,ACH_DEBIT,81727.01,USD,ON_HOLD,Stripe Clearing Inc,2026-09-05 02:41:38,2026-09-05 03:18:16
12897,5759,478,FX_CONVERSION,17258.26,USD,COMPLETED,Apple Services US,2026-07-20 02:36:55,2026-07-20 03:22:58
12898,5014,486,ACH_CREDIT,134636.59,USD,COMPLETED,Oracle Cloud Infra,2026-07-28 22:54:27,2026-07-28 23:49:45
12899,5579,283,WIRE_TRANSFER,96838.6,USD,COMPLETED,Stripe Clearing Inc,2026-08-10 22:52:41,2026-08-11 00:40:19
12900,5782,154,CARD_AUTH,41037.14,USD,PENDING,Fedwire Interbank Net,2026-07-25 12:15:26,2026-07-25 13:51:48
12901,5605,131,CARD_AUTH,84379.06,USD,ON_HOLD,Apple Services US,2026-09-01 11:45:38,2026-09-01 12:25:00
12902,5027,377,ACH_CREDIT,88734.12,USD,ON_HOLD,JPMorgan Settlement Corp,2026-09-09 20:46:30,2026-09-09 21:41:53
12903,5296,341,INTERNAL_BOOK_TRANSFER,149538.18,USD,COMPLETED,Amazon AWS Services,2026-08-03 12:56:14,2026-08-03 13:54:18
12904,5985,437,INTERNAL_BOOK_TRANSFER,52198.76,USD,ON_HOLD,Amazon AWS Services,2026-09-13 15:56:21,2026-09-13 17:35:33
12905,5662,300,MERCHANT_SETTLEMENT,106069.5,USD,COMPLETED,Stripe Clearing Inc,2026-09-11 23:36:34,2026-09-12 00:02:24
12906,5426,194,MERCHANT_SETTLEMENT,68965.73,USD,PROCESSING,Fedwire Interbank Net,2026-08-29 03:55:39,2026-08-29 04:52:14
12907,5446,488,WIRE_TRANSFER,249.81,USD,COMPLETED,Fedwire Interbank Net,2026-08-12 04:12:01,2026-08-12 04:50:02
12908,5179,416,WIRE_TRANSFER,20186.16,USD,FAILED,JPMorgan Settlement Corp,2026-08-01 19:10:24,2026-08-01 20:43:19
12909,5716,113,ACH_DEBIT,92067.63,USD,PROCESSING,Amazon AWS Services,2026-07-26 20:24:22,2026-07-26 20:52:57
12910,5743,225,MERCHANT_SETTLEMENT,83070.39,USD,PENDING,Apple Services US,2026-08-23 14:09:56,2026-08-23 15:34:17
12911,5759,9,WIRE_TRANSFER,71166.35,USD,PENDING,Visa Direct Global,2026-07-26 19:55:54,2026-07-26 20:40:41
12912,5154,326,ACH_DEBIT,41430.19,USD,PENDING,Stripe Clearing Inc,2026-08-15 11:02:51,2026-08-15 11:43:02
12913,5028,316,ACH_CREDIT,31713.42,USD,FAILED,Walmart Global Vendor,2026-07-25 21:47:44,2026-07-25 22:50:20
12914,5312,436,MERCHANT_SETTLEMENT,136197.2,USD,PENDING,Microsoft Azure Cloud,2026-08-02 10:15:23,2026-08-02 12:14:03
12915,5829,193,CARD_AUTH,7906.14,USD,PROCESSING,Fedwire Interbank Net,2026-08-12 17:46:05,2026-08-12 18:53:00
12916,5770,66,MERCHANT_SETTLEMENT,32747.73,USD,PROCESSING,Visa Direct Global,2026-08-23 10:57:06,2026-08-23 12:37:32
12917,5927,330,MERCHANT_SETTLEMENT,134046.9,USD,ON_HOLD,Walmart Global Vendor,2026-08-23 09:20:45,2026-08-23 10:40:23
12918,5777,81,INTERNAL_BOOK_TRANSFER,27427.0,USD,ON_HOLD,Apple Services US,2026-08-25 07:03:00,2026-08-25 08:59:14
12919,5902,135,CARD_AUTH,13925.37,USD,PROCESSING,Amazon AWS Services,2026-07-22 09:06:51,2026-07-22 09:36:28
12920,5950,440,CARD_AUTH,137888.99,USD,PROCESSING,Walmart Global Vendor,2026-07-20 01:32:59,2026-07-20 01:57:29
12921,5761,411,ACH_DEBIT,51508.01,USD,ON_HOLD,Target Retail Network,2026-08-15 03:26:50,2026-08-15 05:13:20
12922,5296,474,INTERNAL_BOOK_TRANSFER,38391.67,USD,PROCESSING,Fedwire Interbank Net,2026-09-04 12:50:27,2026-09-04 13:09:44
12923,5185,274,FX_CONVERSION,34323.74,USD,COMPLETED,Microsoft Azure Cloud,2026-09-03 08:12:18,2026-09-03 09:55:28
12924,5247,490,ACH_CREDIT,9939.52,USD,COMPLETED,Microsoft Azure Cloud,2026-08-25 12:30:21,2026-08-25 14:10:16
12925,5757,357,WIRE_TRANSFER,56084.67,USD,PENDING,Microsoft Azure Cloud,2026-09-14 03:52:25,2026-09-14 05:45:44
12926,5203,77,ACH_DEBIT,13942.38,USD,COMPLETED,Visa Direct Global,2026-09-02 06:57:40,2026-09-02 08:09:33
12927,5530,239,FX_CONVERSION,123589.41,USD,COMPLETED,Stripe Clearing Inc,2026-08-01 20:02:38,2026-08-01 22:02:09
12928,5705,5,ACH_DEBIT,2119.75,USD,COMPLETED,Microsoft Azure Cloud,2026-08-12 12:00:22,2026-08-12 13:00:38
12929,5508,334,MERCHANT_SETTLEMENT,63753.55,USD,PROCESSING,Target Retail Network,2026-07-24 20:23:52,2026-07-24 21:59:18
12930,5542,412,ACH_DEBIT,75319.97,USD,COMPLETED,Stripe Clearing Inc,2026-09-09 20:32:23,2026-09-09 21:38:03
12931,5989,125,WIRE_TRANSFER,46820.52,USD,PROCESSING,Stripe Clearing Inc,2026-08-20 08:04:46,2026-08-20 08:17:25
12932,5961,34,ACH_DEBIT,34345.66,USD,PENDING,Oracle Cloud Infra,2026-08-28 21:05:18,2026-08-28 21:28:42
12933,5647,54,CARD_AUTH,2242.44,USD,FAILED,Oracle Cloud Infra,2026-07-27 08:37:47,2026-07-27 09:52:47
12934,5468,50,WIRE_TRANSFER,92280.73,USD,PENDING,Oracle Cloud Infra,2026-08-19 21:37:10,2026-08-19 22:35:02
12935,5309,66,ACH_DEBIT,114154.01,USD,FAILED,Amazon AWS Services,2026-08-28 07:05:31,2026-08-28 08:33:17
12936,5562,334,CARD_AUTH,370.38,USD,FAILED,Fedwire Interbank Net,2026-09-13 23:02:31,2026-09-14 00:32:14
12937,5203,126,CARD_AUTH,108230.0,USD,COMPLETED,Microsoft Azure Cloud,2026-08-06 05:21:02,2026-08-06 06:57:36
12938,5761,101,WIRE_TRANSFER,60651.85,USD,COMPLETED,JPMorgan Settlement Corp,2026-08-07 18:42:27,2026-08-07 18:49:56
12939,5190,491,FX_CONVERSION,64775.07,USD,COMPLETED,Walmart Global Vendor,2026-07-21 15:44:01,2026-07-21 17:16:17
12940,5335,469,CARD_AUTH,20737.79,USD,COMPLETED,Stripe Clearing Inc,2026-07-29 03:05:19,2026-07-29 03:44:53
12941,5808,79,WIRE_TRANSFER,60572.58,USD,PENDING,Amazon AWS Services,2026-07-29 20:00:13,2026-07-29 20:43:18
12942,5078,132,ACH_DEBIT,110786.97,USD,PROCESSING,JPMorgan Settlement Corp,2026-07-21 16:15:41,2026-07-21 16:28:47
12943,5881,206,MERCHANT_SETTLEMENT,133928.2,USD,COMPLETED,Oracle Cloud Infra,2026-08-02 11:30:28,2026-08-02 11:48:07
12944,5139,437,ACH_CREDIT,41699.72,USD,COMPLETED,Walmart Global Vendor,2026-08-11 08:37:11,2026-08-11 10:35:55
12945,5602,67,ACH_CREDIT,99734.43,USD,COMPLETED,Walmart Global Vendor,2026-08-25 12:03:49,2026-08-25 12:22:59
12946,5671,15,WIRE_TRANSFER,144133.04,USD,ON_HOLD,Visa Direct Global,2026-07-24 07:47:26,2026-07-24 09:43:36
12947,5078,59,CARD_AUTH,31180.39,USD,PROCESSING,Microsoft Azure Cloud,2026-08-09 02:57:10,2026-08-09 03:27:46
12948,5590,52,ACH_CREDIT,34193.43,USD,COMPLETED,Walmart Global Vendor,2026-08-06 10:46:44,2026-08-06 11:57:24
12949,5388,490,WIRE_TRANSFER,119496.25,USD,COMPLETED,Target Retail Network,2026-09-15 20:31:26,2026-09-15 21:06:13
12950,5344,427,CARD_AUTH,61773.07,USD,COMPLETED,Walmart Global Vendor,2026-08-01 01:55:56,2026-08-01 02:25:35
12951,5312,96,FX_CONVERSION,59974.48,USD,FAILED,Microsoft Azure Cloud,2026-09-16 23:48:12,2026-09-17 00:48:43
12952,5439,407,WIRE_TRANSFER,26010.48,USD,PROCESSING,Oracle Cloud Infra,2026-08-30 13:51:22,2026-08-30 14:50:04
12953,5198,138,ACH_CREDIT,111819.96,USD,ON_HOLD,Visa Direct Global,2026-08-23 10:43:50,2026-08-23 11:17:42
12954,5448,385,MERCHANT_SETTLEMENT,95507.88,USD,PENDING,Target Retail Network,2026-08-15 16:35:36,2026-08-15 18:06:03
12955,5587,282,INTERNAL_BOOK_TRANSFER,93772.54,USD,COMPLETED,Visa Direct Global,2026-09-03 15:22:19,2026-09-03 17:15:46
12956,5238,183,MERCHANT_SETTLEMENT,125230.09,USD,COMPLETED,Walmart Global Vendor,2026-08-06 01:31:26,2026-08-06 02:23:53
12957,5983,207,ACH_DEBIT,122115.86,USD,PROCESSING,Stripe Clearing Inc,2026-08-14 19:07:00,2026-08-14 20:13:42
12958,5783,460,MERCHANT_SETTLEMENT,144067.19,USD,COMPLETED,Target Retail Network,2026-09-07 10:14:49,2026-09-07 10:23:10
12959,5635,470,MERCHANT_SETTLEMENT,62488.25,USD,COMPLETED,Microsoft Azure Cloud,2026-09-03 17:19:02,2026-09-03 19:05:59
12960,5379,113,ACH_CREDIT,60663.16,USD,PROCESSING,Walmart Global Vendor,2026-08-04 06:51:34,2026-08-04 07:31:02
12961,5900,227,CARD_AUTH,148864.6,USD,COMPLETED,Fedwire Interbank Net,2026-08-30 23:46:06,2026-08-31 01:24:26
12962,5326,342,ACH_CREDIT,50726.46,USD,PROCESSING,Visa Direct Global,2026-08-28 09:49:56,2026-08-28 10:07:23
12963,5781,325,CARD_AUTH,86498.81,USD,COMPLETED,Target Retail Network,2026-08-03 18:50:25,2026-08-03 19:30:02
12964,5208,450,INTERNAL_BOOK_TRANSFER,113252.98,USD,PENDING,Apple Services US,2026-09-15 08:08:24,2026-09-15 08:29:03
12965,5305,53,ACH_DEBIT,71236.55,USD,COMPLETED,Apple Services US,2026-08-29 10:35:30,2026-08-29 11:02:24
12966,5763,321,FX_CONVERSION,139684.79,USD,COMPLETED,Microsoft Azure Cloud,2026-08-09 10:56:15,2026-08-09 12:26:21
12967,5294,211,FX_CONVERSION,49295.67,USD,ON_HOLD,Fedwire Interbank Net,2026-08-12 17:48:37,2026-08-12 19:20:00
12968,5592,14,MERCHANT_SETTLEMENT,117724.33,USD,PENDING,Oracle Cloud Infra,2026-08-03 02:34:24,2026-08-03 03:14:54
12969,5580,241,FX_CONVERSION,95846.53,USD,PROCESSING,Visa Direct Global,2026-09-10 20:55:34,2026-09-10 22:43:08
12970,5674,40,MERCHANT_SETTLEMENT,14450.27,USD,FAILED,Target Retail Network,2026-09-06 09:04:19,2026-09-06 09:15:46
12971,5104,202,CARD_AUTH,77302.72,USD,COMPLETED,Apple Services US,2026-07-28 09:43:17,2026-07-28 09:47:21
12972,5251,12,MERCHANT_SETTLEMENT,120965.4,USD,PENDING,JPMorgan Settlement Corp,2026-08-25 16:09:43,2026-08-25 16:17:50
12973,5483,354,ACH_CREDIT,116258.07,USD,FAILED,Amazon AWS Services,2026-07-29 02:06:46,2026-07-29 02:44:14
12974,5550,315,MERCHANT_SETTLEMENT,122182.47,USD,PROCESSING,Amazon AWS Services,2026-09-11 19:11:10,2026-09-11 19:30:21
12975,5396,375,ACH_DEBIT,86086.99,USD,COMPLETED,JPMorgan Settlement Corp,2026-07-31 17:11:02,2026-07-31 17:50:05
12976,5408,402,ACH_CREDIT,88833.39,USD,COMPLETED,Apple Services US,2026-08-27 08:31:22,2026-08-27 08:56:33
12977,5332,329,ACH_DEBIT,125753.42,USD,ON_HOLD,Visa Direct Global,2026-08-04 18:57:42,2026-08-04 19:50:50
12978,5863,360,ACH_DEBIT,51687.62,USD,PENDING,Target Retail Network,2026-08-07 09:25:37,2026-08-07 10:47:19
12979,5112,236,ACH_CREDIT,112214.11,USD,PROCESSING,Visa Direct Global,2026-08-18 00:09:42,2026-08-18 00:11:19
12980,5221,203,CARD_AUTH,85909.51,USD,PROCESSING,Stripe Clearing Inc,2026-07-30 11:42:37,2026-07-30 12:07:29
12981,5658,212,INTERNAL_BOOK_TRANSFER,136658.75,USD,ON_HOLD,Microsoft Azure Cloud,2026-09-12 21:20:32,2026-09-12 22:23:26
12982,5091,318,MERCHANT_SETTLEMENT,67738.66,USD,ON_HOLD,Amazon AWS Services,2026-08-28 19:05:13,2026-08-28 20:38:24
12983,5911,282,ACH_CREDIT,32787.55,USD,COMPLETED,Visa Direct Global,2026-07-30 14:16:26,2026-07-30 14:21:00
12984,5108,490,MERCHANT_SETTLEMENT,16138.19,USD,COMPLETED,Visa Direct Global,2026-07-22 11:56:36,2026-07-22 12:12:11
12985,5411,398,INTERNAL_BOOK_TRANSFER,37053.98,USD,PROCESSING,Microsoft Azure Cloud,2026-09-14 15:09:19,2026-09-14 15:14:01
12986,5780,387,WIRE_TRANSFER,29223.65,USD,COMPLETED,Microsoft Azure Cloud,2026-08-15 05:20:11,2026-08-15 05:49:40
12987,5488,470,INTERNAL_BOOK_TRANSFER,62904.12,USD,PENDING,Target Retail Network,2026-08-15 09:22:46,2026-08-15 10:35:41
12988,5814,52,ACH_DEBIT,6862.91,USD,PROCESSING,Oracle Cloud Infra,2026-08-14 13:58:11,2026-08-14 14:10:21
12989,5746,32,WIRE_TRANSFER,129749.73,USD,PENDING,Visa Direct Global,2026-08-09 20:16:33,2026-08-09 20:21:46
12990,5076,129,FX_CONVERSION,13694.31,USD,PENDING,Amazon AWS Services,2026-08-16 07:02:08,2026-08-16 08:21:10
12991,5671,364,FX_CONVERSION,99446.11,USD,COMPLETED,Amazon AWS Services,2026-07-24 10:35:42,2026-07-24 12:31:37
12992,5320,336,ACH_CREDIT,134047.52,USD,COMPLETED,JPMorgan Settlement Corp,2026-09-09 05:54:50,2026-09-09 07:11:37
12993,5851,452,MERCHANT_SETTLEMENT,127986.11,USD,COMPLETED,Fedwire Interbank Net,2026-09-10 16:03:40,2026-09-10 16:08:15
12994,5766,494,WIRE_TRANSFER,131428.81,USD,PROCESSING,Amazon AWS Services,2026-08-12 18:02:09,2026-08-12 18:42:05
12995,5148,63,CARD_AUTH,115462.12,USD,COMPLETED,Oracle Cloud Infra,2026-08-20 18:41:29,2026-08-20 19:22:50
12996,5567,134,ACH_CREDIT,149462.06,USD,COMPLETED,Walmart Global Vendor,2026-08-07 23:56:12,2026-08-08 00:06:28
12997,5436,32,INTERNAL_BOOK_TRANSFER,71721.61,USD,ON_HOLD,Stripe Clearing Inc,2026-09-04 23:26:55,2026-09-05 01:21:19
12998,5962,476,FX_CONVERSION,14976.36,USD,PROCESSING,Fedwire Interbank Net,2026-07-25 12:41:35,2026-07-25 12:52:34
12999,5332,404,MERCHANT_SETTLEMENT,14855.28,USD,ON_HOLD,Stripe Clearing Inc,2026-09-05 22:23:54,2026-09-05 22:39:49
13000,5209,449,ACH_CREDIT,117409.17,USD,COMPLETED,Visa Direct Global,2026-08-18 20:48:41,2026-08-18 22:44:29
13001,5837,9,ACH_CREDIT,45536.03,USD,PENDING,Amazon AWS Services,2026-08-04 12:15:38,2026-08-04 13:26:49
13002,5569,412,INTERNAL_BOOK_TRANSFER,13262.98,USD,COMPLETED,Stripe Clearing Inc,2026-08-01 16:33:53,2026-08-01 18:28:42
13003,5547,236,CARD_AUTH,94809.52,USD,COMPLETED,JPMorgan Settlement Corp,2026-09-04 20:55:17,2026-09-04 22:30:33
13004,5077,396,FX_CONVERSION,31989.08,USD,PENDING,Apple Services US,2026-09-07 08:20:06,2026-09-07 09:10:29
13005,5503,195,ACH_DEBIT,129031.51,USD,COMPLETED,Visa Direct Global,2026-07-26 18:57:17,2026-07-26 19:29:58
13006,5568,404,WIRE_TRANSFER,5650.93,USD,ON_HOLD,Apple Services US,2026-08-18 02:42:08,2026-08-18 04:06:08
13007,5994,57,INTERNAL_BOOK_TRANSFER,147881.37,USD,COMPLETED,Visa Direct Global,2026-08-16 14:49:25,2026-08-16 15:12:37
13008,5256,329,ACH_CREDIT,17868.03,USD,COMPLETED,Amazon AWS Services,2026-07-27 05:10:42,2026-07-27 06:47:43
13009,5244,43,ACH_DEBIT,32689.19,USD,COMPLETED,Fedwire Interbank Net,2026-09-15 18:26:36,2026-09-15 19:57:16
13010,5444,495,INTERNAL_BOOK_TRANSFER,27852.68,USD,COMPLETED,Fedwire Interbank Net,2026-09-11 00:23:40,2026-09-11 00:58:19
13011,5834,177,ACH_DEBIT,25104.34,USD,COMPLETED,JPMorgan Settlement Corp,2026-09-06 01:30:39,2026-09-06 03:11:42
13012,5320,458,WIRE_TRANSFER,327.94,USD,ON_HOLD,Walmart Global Vendor,2026-08-16 07:11:55,2026-08-16 08:18:25
13013,5738,415,WIRE_TRANSFER,140137.26,USD,PENDING,Visa Direct Global,2026-09-10 12:35:40,2026-09-10 13:57:17
13014,5722,315,ACH_DEBIT,78101.69,USD,COMPLETED,Fedwire Interbank Net,2026-08-26 17:31:51,2026-08-26 18:54:28
13015,5290,260,FX_CONVERSION,147296.68,USD,PROCESSING,Target Retail Network,2026-07-25 11:44:46,2026-07-25 11:49:01
13016,5379,55,FX_CONVERSION,148561.57,USD,ON_HOLD,Walmart Global Vendor,2026-08-30 20:00:07,2026-08-30 21:01:50
13017,5357,481,INTERNAL_BOOK_TRANSFER,137554.3,USD,COMPLETED,Walmart Global Vendor,2026-08-24 04:05:45,2026-08-24 05:52:05
13018,5517,152,ACH_CREDIT,127764.45,USD,COMPLETED,Apple Services US,2026-07-28 05:08:55,2026-07-28 06:11:12
13019,5160,200,MERCHANT_SETTLEMENT,20012.46,USD,ON_HOLD,Walmart Global Vendor,2026-08-28 03:42:26,2026-08-28 04:32:37
13020,5027,133,MERCHANT_SETTLEMENT,131097.93,USD,PENDING,Amazon AWS Services,2026-07-23 23:34:47,2026-07-23 23:46:11
13021,5302,440,INTERNAL_BOOK_TRANSFER,138149.22,USD,COMPLETED,Target Retail Network,2026-07-20 07:38:23,2026-07-20 09:30:12
13022,5388,261,INTERNAL_BOOK_TRANSFER,143359.26,USD,PENDING,JPMorgan Settlement Corp,2026-08-14 03:11:32,2026-08-14 03:17:08
13023,5807,359,FX_CONVERSION,66776.11,USD,FAILED,Stripe Clearing Inc,2026-07-20 07:46:00,2026-07-20 07:46:33
13024,5992,327,CARD_AUTH,61792.51,USD,PROCESSING,Visa Direct Global,2026-07-25 13:14:16,2026-07-25 14:46:08
13025,5279,498,CARD_AUTH,113960.57,USD,PENDING,JPMorgan Settlement Corp,2026-09-09 21:26:14,2026-09-09 21:45:31
13026,5008,242,MERCHANT_SETTLEMENT,25296.28,USD,PROCESSING,Stripe Clearing Inc,2026-07-31 15:23:11,2026-07-31 16:11:12
13027,5892,406,INTERNAL_BOOK_TRANSFER,24222.05,USD,COMPLETED,JPMorgan Settlement Corp,2026-09-11 10:31:23,2026-09-11 10:51:41
13028,5186,90,FX_CONVERSION,23275.03,USD,COMPLETED,Oracle Cloud Infra,2026-08-15 18:54:02,2026-08-15 19:58:25
13029,5335,444,ACH_CREDIT,78913.41,USD,COMPLETED,Visa Direct Global,2026-09-15 05:01:45,2026-09-15 06:23:08
13030,5305,17,WIRE_TRANSFER,40956.47,USD,COMPLETED,Oracle Cloud Infra,2026-08-14 20:12:05,2026-08-14 21:13:55
13031,5620,411,WIRE_TRANSFER,34245.64,USD,FAILED,Stripe Clearing Inc,2026-07-31 00:48:53,2026-07-31 01:22:35
13032,5356,342,WIRE_TRANSFER,123910.84,USD,FAILED,Walmart Global Vendor,2026-08-07 16:22:57,2026-08-07 17:06:32
13033,5991,400,MERCHANT_SETTLEMENT,139148.68,USD,COMPLETED,Oracle Cloud Infra,2026-09-15 07:20:39,2026-09-15 07:38:39
13034,5946,423,WIRE_TRANSFER,118737.17,USD,PENDING,Microsoft Azure Cloud,2026-07-31 05:56:20,2026-07-31 07:23:44
13035,5718,480,INTERNAL_BOOK_TRANSFER,53923.97,USD,PENDING,Oracle Cloud Infra,2026-07-23 19:09:21,2026-07-23 20:31:11
13036,5778,238,FX_CONVERSION,36058.99,USD,COMPLETED,Oracle Cloud Infra,2026-07-21 11:50:05,2026-07-21 13:46:25
13037,5075,13,ACH_DEBIT,15371.89,USD,COMPLETED,Walmart Global Vendor,2026-08-12 09:02:03,2026-08-12 09:43:16
13038,5080,314,ACH_DEBIT,130741.33,USD,COMPLETED,Oracle Cloud Infra,2026-07-29 02:33:04,2026-07-29 04:02:41
13039,5269,148,MERCHANT_SETTLEMENT,83361.86,USD,FAILED,Apple Services US,2026-08-16 18:28:47,2026-08-16 20:08:54
13040,5905,322,ACH_CREDIT,82601.86,USD,COMPLETED,Stripe Clearing Inc,2026-09-07 08:00:56,2026-09-07 09:33:03
13041,5569,475,FX_CONVERSION,33510.7,USD,PENDING,Target Retail Network,2026-08-22 06:10:16,2026-08-22 07:18:18
13042,5935,287,INTERNAL_BOOK_TRANSFER,106562.66,USD,COMPLETED,Target Retail Network,2026-09-02 22:30:18,2026-09-02 23:46:36
13043,5600,396,WIRE_TRANSFER,100153.63,USD,COMPLETED,Target Retail Network,2026-08-31 23:50:25,2026-09-01 00:24:42
13044,5954,470,ACH_CREDIT,123307.43,USD,PENDING,Visa Direct Global,2026-09-13 17:16:11,2026-09-13 17:18:08
13045,5327,417,ACH_DEBIT,82893.85,USD,COMPLETED,Apple Services US,2026-08-24 22:47:00,2026-08-25 00:07:57
13046,5586,157,INTERNAL_BOOK_TRANSFER,115229.29,USD,PROCESSING,Microsoft Azure Cloud,2026-08-06 22:30:58,2026-08-06 23:49:40
13047,5917,378,WIRE_TRANSFER,125121.57,USD,PROCESSING,Fedwire Interbank Net,2026-09-12 19:40:07,2026-09-12 21:07:15
13048,5051,354,ACH_DEBIT,53909.25,USD,COMPLETED,Oracle Cloud Infra,2026-09-16 19:54:01,2026-09-16 21:43:27
13049,5557,220,WIRE_TRANSFER,56605.21,USD,ON_HOLD,Amazon AWS Services,2026-08-26 13:03:30,2026-08-26 13:48:51
13050,5431,236,ACH_CREDIT,35048.78,USD,FAILED,Microsoft Azure Cloud,2026-08-24 20:51:24,2026-08-24 21:52:06
13051,5916,23,WIRE_TRANSFER,59876.3,USD,COMPLETED,Apple Services US,2026-08-29 01:20:00,2026-08-29 01:32:48
13052,5949,115,MERCHANT_SETTLEMENT,99590.89,USD,COMPLETED,Microsoft Azure Cloud,2026-09-14 21:19:04,2026-09-14 22:34:29
13053,5060,72,ACH_DEBIT,33012.69,USD,COMPLETED,Oracle Cloud Infra,2026-08-16 01:02:25,2026-08-16 01:29:02
13054,5491,371,MERCHANT_SETTLEMENT,92404.58,USD,COMPLETED,Visa Direct Global,2026-08-27 10:38:28,2026-08-27 11:18:55
13055,5276,155,MERCHANT_SETTLEMENT,116086.57,USD,PENDING,JPMorgan Settlement Corp,2026-08-20 04:40:06,2026-08-20 06:29:46
13056,5898,416,WIRE_TRANSFER,79737.51,USD,ON_HOLD,JPMorgan Settlement Corp,2026-08-12 03:54:58,2026-08-12 05:36:37
13057,5145,462,ACH_DEBIT,26137.4,USD,COMPLETED,Oracle Cloud Infra,2026-07-20 06:52:47,2026-07-20 08:37:33
13058,5033,141,WIRE_TRANSFER,68169.29,USD,COMPLETED,Microsoft Azure Cloud,2026-07-30 13:30:46,2026-07-30 15:09:10
13059,5339,176,ACH_CREDIT,141346.0,USD,PENDING,Visa Direct Global,2026-07-30 07:27:28,2026-07-30 08:12:16
13060,5548,174,ACH_DEBIT,68794.19,USD,FAILED,Visa Direct Global,2026-07-22 14:51:58,2026-07-22 15:44:30
13061,5179,428,MERCHANT_SETTLEMENT,84476.08,USD,PENDING,Amazon AWS Services,2026-08-04 13:36:40,2026-08-04 14:14:38
13062,5169,189,MERCHANT_SETTLEMENT,9239.05,USD,FAILED,Target Retail Network,2026-08-10 08:11:25,2026-08-10 09:41:13
13063,5148,318,CARD_AUTH,50707.45,USD,PROCESSING,Microsoft Azure Cloud,2026-08-23 15:55:12,2026-08-23 16:20:02
13064,5954,114,CARD_AUTH,12408.43,USD,ON_HOLD,Oracle Cloud Infra,2026-08-02 08:21:43,2026-08-02 09:33:31
13065,5397,116,WIRE_TRANSFER,41948.49,USD,FAILED,JPMorgan Settlement Corp,2026-09-16 13:45:28,2026-09-16 14:44:57
13066,5402,95,INTERNAL_BOOK_TRANSFER,92595.25,USD,COMPLETED,Apple Services US,2026-08-04 03:46:41,2026-08-04 04:00:18
13067,5498,152,ACH_CREDIT,90046.01,USD,FAILED,JPMorgan Settlement Corp,2026-07-22 09:23:13,2026-07-22 10:04:32
13068,5090,209,MERCHANT_SETTLEMENT,81247.81,USD,FAILED,JPMorgan Settlement Corp,2026-07-31 09:34:53,2026-07-31 10:24:00
13069,5701,124,FX_CONVERSION,26434.95,USD,PENDING,Fedwire Interbank Net,2026-09-16 11:28:51,2026-09-16 11:57:35
13070,5487,440,CARD_AUTH,768.51,USD,COMPLETED,JPMorgan Settlement Corp,2026-08-23 06:52:01,2026-08-23 08:34:42
13071,5034,498,ACH_CREDIT,18188.91,USD,COMPLETED,Visa Direct Global,2026-08-04 01:21:15,2026-08-04 02:29:36
13072,5047,155,FX_CONVERSION,117040.86,USD,FAILED,Walmart Global Vendor,2026-07-20 13:27:23,2026-07-20 13:52:43
13073,5155,24,MERCHANT_SETTLEMENT,14306.02,USD,PROCESSING,Amazon AWS Services,2026-07-30 03:20:05,2026-07-30 04:38:52
13074,5246,330,ACH_CREDIT,31767.07,USD,PROCESSING,Target Retail Network,2026-09-05 08:10:35,2026-09-05 09:33:09
13075,5499,44,FX_CONVERSION,9293.05,USD,COMPLETED,Amazon AWS Services,2026-08-06 16:04:20,2026-08-06 17:41:10
13076,5596,332,ACH_DEBIT,64557.56,USD,PENDING,JPMorgan Settlement Corp,2026-08-06 17:00:05,2026-08-06 18:55:05
13077,5349,193,INTERNAL_BOOK_TRANSFER,107698.44,USD,COMPLETED,Apple Services US,2026-07-26 00:52:44,2026-07-26 02:03:00
13078,5758,189,ACH_DEBIT,145474.89,USD,COMPLETED,Amazon AWS Services,2026-09-01 11:10:29,2026-09-01 12:29:40
13079,5637,416,ACH_CREDIT,34055.39,USD,COMPLETED,Walmart Global Vendor,2026-08-09 21:52:20,2026-08-09 22:11:04
13080,5761,120,WIRE_TRANSFER,144356.93,USD,ON_HOLD,Apple Services US,2026-09-03 00:24:07,2026-09-03 02:10:56
13081,5548,394,WIRE_TRANSFER,42747.81,USD,PENDING,Microsoft Azure Cloud,2026-08-31 15:35:24,2026-08-31 17:15:41
13082,5295,429,ACH_CREDIT,66604.86,USD,FAILED,Stripe Clearing Inc,2026-09-17 12:40:55,2026-09-17 13:21:22
13083,5968,388,ACH_DEBIT,29392.26,USD,PROCESSING,Stripe Clearing Inc,2026-07-27 14:50:07,2026-07-27 16:21:41
13084,5463,499,MERCHANT_SETTLEMENT,64200.82,USD,PENDING,Fedwire Interbank Net,2026-08-21 19:59:05,2026-08-21 20:07:08
13085,5353,91,INTERNAL_BOOK_TRANSFER,70653.2,USD,FAILED,Fedwire Interbank Net,2026-07-26 07:39:03,2026-07-26 07:56:12
13086,5028,402,FX_CONVERSION,24039.56,USD,COMPLETED,Walmart Global Vendor,2026-09-04 02:46:20,2026-09-04 04:01:09
13087,5057,209,INTERNAL_BOOK_TRANSFER,11150.47,USD,ON_HOLD,Visa Direct Global,2026-07-25 15:17:15,2026-07-25 15:38:36
13088,5136,126,WIRE_TRANSFER,101284.15,USD,PENDING,Apple Services US,2026-09-10 22:35:36,2026-09-11 00:08:29
13089,5950,227,WIRE_TRANSFER,57972.95,USD,FAILED,Apple Services US,2026-08-30 08:05:59,2026-08-30 08:33:59
13090,5344,126,ACH_CREDIT,22696.94,USD,ON_HOLD,Apple Services US,2026-07-31 18:37:27,2026-07-31 19:51:08
13091,5365,300,ACH_CREDIT,10765.52,USD,COMPLETED,Fedwire Interbank Net,2026-09-08 00:02:27,2026-09-08 01:40:54
13092,5292,332,FX_CONVERSION,55161.27,USD,COMPLETED,Apple Services US,2026-07-27 23:00:40,2026-07-27 23:12:05
13093,5293,434,ACH_CREDIT,90951.14,USD,COMPLETED,Amazon AWS Services,2026-07-23 17:04:34,2026-07-23 17:08:35
13094,5962,383,ACH_CREDIT,68047.32,USD,COMPLETED,Target Retail Network,2026-09-13 03:29:43,2026-09-13 05:12:31
13095,5551,290,INTERNAL_BOOK_TRANSFER,22297.11,USD,COMPLETED,Stripe Clearing Inc,2026-08-08 22:31:59,2026-08-08 22:51:37
13096,5266,224,ACH_DEBIT,89925.95,USD,ON_HOLD,Oracle Cloud Infra,2026-08-25 17:27:54,2026-08-25 18:19:51
13097,5628,107,ACH_CREDIT,145635.56,USD,FAILED,Oracle Cloud Infra,2026-08-13 20:36:57,2026-08-13 20:51:08
13098,5503,338,FX_CONVERSION,30276.17,USD,ON_HOLD,Apple Services US,2026-08-28 21:30:43,2026-08-28 22:17:33
13099,5584,37,ACH_DEBIT,134330.18,USD,PROCESSING,JPMorgan Settlement Corp,2026-07-23 19:52:35,2026-07-23 20:05:32
13100,5101,399,ACH_DEBIT,100103.33,USD,COMPLETED,Fedwire Interbank Net,2026-08-23 02:33:05,2026-08-23 02:55:30
13101,5718,220,MERCHANT_SETTLEMENT,43943.6,USD,PENDING,Apple Services US,2026-08-10 05:10:28,2026-08-10 07:09:32
13102,5909,189,WIRE_TRANSFER,120827.28,USD,PENDING,JPMorgan Settlement Corp,2026-08-15 23:24:08,2026-08-16 00:07:21
13103,5966,177,ACH_CREDIT,144336.38,USD,COMPLETED,Apple Services US,2026-08-24 07:17:15,2026-08-24 08:49:10
13104,5402,161,CARD_AUTH,57901.09,USD,PENDING,Fedwire Interbank Net,2026-08-14 02:01:43,2026-08-14 03:14:01
13105,5452,262,ACH_DEBIT,88312.58,USD,COMPLETED,JPMorgan Settlement Corp,2026-08-15 21:08:49,2026-08-15 23:00:03
13106,5822,296,ACH_DEBIT,106231.11,USD,FAILED,Stripe Clearing Inc,2026-07-21 22:17:21,2026-07-21 22:59:19
13107,5417,321,ACH_CREDIT,47252.68,USD,PENDING,Visa Direct Global,2026-08-01 09:47:34,2026-08-01 11:05:07
13108,5429,168,MERCHANT_SETTLEMENT,80086.67,USD,COMPLETED,Stripe Clearing Inc,2026-08-02 16:58:20,2026-08-02 18:50:09
13109,5689,28,CARD_AUTH,63269.96,USD,COMPLETED,Apple Services US,2026-08-29 09:31:35,2026-08-29 11:08:44
13110,5505,92,FX_CONVERSION,141700.08,USD,ON_HOLD,Walmart Global Vendor,2026-07-21 22:32:00,2026-07-21 23:55:53
13111,5452,300,CARD_AUTH,32346.63,USD,ON_HOLD,Microsoft Azure Cloud,2026-08-02 06:27:34,2026-08-02 06:37:36
13112,5135,295,WIRE_TRANSFER,45192.09,USD,FAILED,Walmart Global Vendor,2026-07-20 05:57:16,2026-07-20 06:22:45
13113,5151,404,ACH_CREDIT,43924.15,USD,PENDING,Apple Services US,2026-09-11 05:36:20,2026-09-11 07:33:25
13114,5707,479,CARD_AUTH,104892.88,USD,ON_HOLD,Amazon AWS Services,2026-08-16 16:14:12,2026-08-16 17:01:22
13115,5996,253,INTERNAL_BOOK_TRANSFER,85096.69,USD,FAILED,JPMorgan Settlement Corp,2026-08-25 02:16:33,2026-08-25 02:32:30
13116,5885,267,ACH_DEBIT,104724.87,USD,COMPLETED,Apple Services US,2026-07-22 04:13:28,2026-07-22 04:41:20
13117,5236,333,FX_CONVERSION,79466.96,USD,COMPLETED,Microsoft Azure Cloud,2026-09-01 18:49:58,2026-09-01 20:05:53
13118,5697,431,ACH_CREDIT,116131.45,USD,COMPLETED,Apple Services US,2026-08-03 23:25:01,2026-08-04 00:59:46
13119,5058,475,FX_CONVERSION,104815.2,USD,COMPLETED,Walmart Global Vendor,2026-07-26 00:58:28,2026-07-26 02:36:32
13120,5945,203,MERCHANT_SETTLEMENT,60045.45,USD,ON_HOLD,Apple Services US,2026-07-20 23:09:07,2026-07-21 00:03:11
13121,5202,209,INTERNAL_BOOK_TRANSFER,32976.35,USD,COMPLETED,Oracle Cloud Infra,2026-08-30 05:12:41,2026-08-30 05:40:08
13122,5005,58,WIRE_TRANSFER,148266.22,USD,FAILED,JPMorgan Settlement Corp,2026-07-22 10:50:26,2026-07-22 12:42:42
13123,5972,431,WIRE_TRANSFER,133703.97,USD,ON_HOLD,Oracle Cloud Infra,2026-08-17 04:35:41,2026-08-17 05:44:29
13124,5941,138,ACH_CREDIT,58170.35,USD,COMPLETED,Oracle Cloud Infra,2026-08-08 14:03:14,2026-08-08 14:31:15
13125,5771,109,MERCHANT_SETTLEMENT,127371.14,USD,ON_HOLD,Visa Direct Global,2026-08-25 19:37:29,2026-08-25 19:40:41
13126,5970,405,FX_CONVERSION,24979.1,USD,ON_HOLD,Oracle Cloud Infra,2026-09-16 14:06:36,2026-09-16 15:02:02
13127,5511,371,INTERNAL_BOOK_TRANSFER,95729.85,USD,ON_HOLD,Target Retail Network,2026-08-25 20:00:33,2026-08-25 20:01:49
13128,5873,172,INTERNAL_BOOK_TRANSFER,101584.99,USD,PROCESSING,Microsoft Azure Cloud,2026-08-31 01:04:54,2026-08-31 03:04:40
13129,5938,307,ACH_CREDIT,3628.91,USD,COMPLETED,Fedwire Interbank Net,2026-08-16 00:03:32,2026-08-16 01:21:12
13130,5733,427,WIRE_TRANSFER,17081.29,USD,COMPLETED,JPMorgan Settlement Corp,2026-08-14 05:13:43,2026-08-14 06:38:40
13131,5379,391,CARD_AUTH,14060.37,USD,PROCESSING,Target Retail Network,2026-08-25 03:43:15,2026-08-25 03:50:08
13132,5845,335,CARD_AUTH,162.64,USD,COMPLETED,Walmart Global Vendor,2026-08-17 03:39:08,2026-08-17 04:32:40
13133,5113,244,ACH_DEBIT,118067.9,USD,PROCESSING,Amazon AWS Services,2026-09-10 08:08:37,2026-09-10 10:08:32
13134,5050,111,FX_CONVERSION,110069.05,USD,PROCESSING,Amazon AWS Services,2026-08-16 13:49:45,2026-08-16 14:24:41
13135,5654,35,WIRE_TRANSFER,42295.14,USD,COMPLETED,Target Retail Network,2026-07-26 00:36:32,2026-07-26 01:24:12
13136,5416,198,FX_CONVERSION,51006.4,USD,ON_HOLD,Target Retail Network,2026-08-20 21:07:44,2026-08-20 21:33:53
13137,5535,325,INTERNAL_BOOK_TRANSFER,15477.05,USD,PROCESSING,Target Retail Network,2026-09-04 03:59:16,2026-09-04 04:41:42
13138,5470,164,ACH_DEBIT,75865.48,USD,COMPLETED,Amazon AWS Services,2026-07-20 23:47:04,2026-07-21 00:01:13
13139,5945,207,FX_CONVERSION,139711.28,USD,PENDING,Microsoft Azure Cloud,2026-09-01 06:14:19,2026-09-01 06:29:25
13140,5499,431,CARD_AUTH,67634.45,USD,COMPLETED,Amazon AWS Services,2026-07-28 16:18:23,2026-07-28 17:41:30
13141,5039,80,MERCHANT_SETTLEMENT,118551.82,USD,ON_HOLD,Stripe Clearing Inc,2026-08-28 03:01:10,2026-08-28 04:24:01
13142,5540,356,FX_CONVERSION,96884.74,USD,COMPLETED,Apple Services US,2026-07-29 19:23:01,2026-07-29 20:22:37
13143,5096,55,ACH_DEBIT,77405.88,USD,PENDING,Fedwire Interbank Net,2026-09-08 01:18:17,2026-09-08 02:16:02
13144,5116,44,FX_CONVERSION,85703.87,USD,FAILED,Fedwire Interbank Net,2026-08-31 09:38:41,2026-08-31 10:27:24
13145,5594,377,INTERNAL_BOOK_TRANSFER,78209.65,USD,ON_HOLD,Target Retail Network,2026-08-04 08:12:17,2026-08-04 09:08:52
13146,5068,244,CARD_AUTH,6277.1,USD,COMPLETED,Amazon AWS Services,2026-08-21 03:20:34,2026-08-21 04:33:52
13147,5213,192,ACH_CREDIT,38356.49,USD,ON_HOLD,Oracle Cloud Infra,2026-07-26 07:49:52,2026-07-26 09:10:14
13148,5357,217,ACH_DEBIT,65974.03,USD,COMPLETED,Oracle Cloud Infra,2026-08-24 17:02:31,2026-08-24 17:36:18
13149,5374,488,ACH_CREDIT,148108.65,USD,PROCESSING,Visa Direct Global,2026-09-07 06:14:45,2026-09-07 06:37:06
13150,5290,82,MERCHANT_SETTLEMENT,60042.26,USD,COMPLETED,Stripe Clearing Inc,2026-09-03 06:34:48,2026-09-03 08:20:56
13151,5718,247,ACH_DEBIT,83944.94,USD,COMPLETED,Walmart Global Vendor,2026-09-10 04:43:27,2026-09-10 06:34:43
13152,5275,476,MERCHANT_SETTLEMENT,64178.14,USD,PENDING,Visa Direct Global,2026-08-09 00:29:12,2026-08-09 00:29:52
13153,5835,448,CARD_AUTH,30379.4,USD,COMPLETED,Oracle Cloud Infra,2026-08-21 22:17:38,2026-08-21 22:45:38
13154,5162,462,CARD_AUTH,69317.6,USD,PENDING,Fedwire Interbank Net,2026-08-30 13:44:15,2026-08-30 15:05:13
13155,5574,416,INTERNAL_BOOK_TRANSFER,33316.62,USD,COMPLETED,Stripe Clearing Inc,2026-08-24 20:12:21,2026-08-24 22:03:09
13156,5757,364,WIRE_TRANSFER,24712.28,USD,COMPLETED,Oracle Cloud Infra,2026-08-24 19:22:13,2026-08-24 20:03:14
13157,5437,55,ACH_CREDIT,688.11,USD,PROCESSING,Apple Services US,2026-08-07 07:32:10,2026-08-07 07:33:17
13158,5549,470,FX_CONVERSION,138580.6,USD,COMPLETED,Amazon AWS Services,2026-09-02 03:54:44,2026-09-02 05:39:20
13159,5849,115,FX_CONVERSION,129757.82,USD,FAILED,JPMorgan Settlement Corp,2026-09-04 19:03:37,2026-09-04 20:52:01
13160,5487,241,MERCHANT_SETTLEMENT,137980.12,USD,FAILED,Stripe Clearing Inc,2026-07-31 13:25:10,2026-07-31 15:09:00
13161,5514,150,ACH_CREDIT,47873.28,USD,ON_HOLD,Apple Services US,2026-09-06 18:04:10,2026-09-06 18:57:29
13162,5204,1,CARD_AUTH,90391.0,USD,COMPLETED,Apple Services US,2026-07-27 21:02:41,2026-07-27 21:22:45
13163,5075,25,CARD_AUTH,21255.29,USD,FAILED,Microsoft Azure Cloud,2026-08-02 11:53:14,2026-08-02 12:19:43
13164,5303,346,ACH_DEBIT,73342.01,USD,ON_HOLD,Amazon AWS Services,2026-08-22 16:31:51,2026-08-22 18:12:48
13165,5675,248,CARD_AUTH,123252.16,USD,ON_HOLD,Apple Services US,2026-09-03 10:08:13,2026-09-03 10:21:07
13166,5776,317,CARD_AUTH,139189.79,USD,ON_HOLD,Fedwire Interbank Net,2026-07-31 12:06:44,2026-07-31 13:39:21
13167,5594,299,INTERNAL_BOOK_TRANSFER,71223.91,USD,PENDING,Walmart Global Vendor,2026-09-17 00:58:23,2026-09-17 01:57:47
13168,5359,396,MERCHANT_SETTLEMENT,60410.61,USD,PENDING,Fedwire Interbank Net,2026-08-17 13:29:26,2026-08-17 13:35:04
13169,5622,313,INTERNAL_BOOK_TRANSFER,102197.34,USD,PROCESSING,Target Retail Network,2026-08-07 17:37:15,2026-08-07 18:16:35
13170,5798,137,WIRE_TRANSFER,2644.86,USD,ON_HOLD,Walmart Global Vendor,2026-08-03 14:44:48,2026-08-03 15:06:55
13171,5959,422,CARD_AUTH,42250.66,USD,COMPLETED,Fedwire Interbank Net,2026-08-24 05:11:08,2026-08-24 05:38:00
13172,5800,235,FX_CONVERSION,30064.01,USD,ON_HOLD,JPMorgan Settlement Corp,2026-08-01 04:07:52,2026-08-01 06:02:20
13173,5091,297,WIRE_TRANSFER,114041.97,USD,COMPLETED,Visa Direct Global,2026-07-21 02:43:39,2026-07-21 03:46:21
13174,5022,186,INTERNAL_BOOK_TRANSFER,42695.33,USD,ON_HOLD,Target Retail Network,2026-08-29 17:32:56,2026-08-29 17:39:51
13175,5781,59,ACH_DEBIT,73939.2,USD,ON_HOLD,Visa Direct Global,2026-07-30 22:05:03,2026-07-30 22:16:24
13176,5930,484,ACH_DEBIT,5595.83,USD,ON_HOLD,Stripe Clearing Inc,2026-07-24 01:57:47,2026-07-24 02:07:19
13177,5407,363,CARD_AUTH,136431.88,USD,PENDING,Amazon AWS Services,2026-07-22 19:22:36,2026-07-22 20:31:29
13178,5034,69,MERCHANT_SETTLEMENT,52313.97,USD,PROCESSING,Target Retail Network,2026-08-14 05:28:09,2026-08-14 07:23:33
13179,5480,466,ACH_DEBIT,89691.26,USD,FAILED,Oracle Cloud Infra,2026-08-08 13:30:46,2026-08-08 14:00:58
13180,5327,148,FX_CONVERSION,75071.79,USD,COMPLETED,Walmart Global Vendor,2026-09-05 14:12:21,2026-09-05 14:24:37
13181,5615,96,WIRE_TRANSFER,42571.47,USD,PENDING,Apple Services US,2026-09-13 04:16:48,2026-09-13 04:29:20
13182,5838,130,MERCHANT_SETTLEMENT,36389.21,USD,ON_HOLD,Oracle Cloud Infra,2026-08-28 22:31:16,2026-08-28 23:57:51
13183,5397,437,ACH_DEBIT,101824.99,USD,COMPLETED,JPMorgan Settlement Corp,2026-07-22 01:14:17,2026-07-22 03:14:03
13184,5213,47,MERCHANT_SETTLEMENT,103908.83,USD,FAILED,Fedwire Interbank Net,2026-08-29 22:05:26,2026-08-29 22:55:19
13185,5150,399,FX_CONVERSION,21319.93,USD,PENDING,Oracle Cloud Infra,2026-08-21 03:53:10,2026-08-21 04:29:16
13186,5879,456,FX_CONVERSION,135248.77,USD,ON_HOLD,Apple Services US,2026-08-01 07:16:50,2026-08-01 07:56:31
13187,5003,21,CARD_AUTH,5182.02,USD,ON_HOLD,JPMorgan Settlement Corp,2026-07-21 20:13:03,2026-07-21 21:27:41
13188,5401,341,WIRE_TRANSFER,12977.4,USD,ON_HOLD,Fedwire Interbank Net,2026-07-21 12:28:27,2026-07-21 13:12:10
13189,5089,302,WIRE_TRANSFER,83932.98,USD,COMPLETED,Microsoft Azure Cloud,2026-08-09 01:32:40,2026-08-09 03:25:14
13190,5147,254,WIRE_TRANSFER,60111.94,USD,ON_HOLD,Target Retail Network,2026-07-25 08:38:13,2026-07-25 10:06:21
13191,5713,372,ACH_CREDIT,148253.09,USD,COMPLETED,Fedwire Interbank Net,2026-08-09 21:34:53,2026-08-09 22:27:02
13192,5613,365,CARD_AUTH,124895.17,USD,COMPLETED,Amazon AWS Services,2026-07-28 12:06:33,2026-07-28 12:14:34
13193,5059,370,WIRE_TRANSFER,88410.41,USD,PROCESSING,Visa Direct Global,2026-09-14 23:24:41,2026-09-14 23:56:49
13194,5068,284,MERCHANT_SETTLEMENT,78168.38,USD,ON_HOLD,Amazon AWS Services,2026-08-18 21:28:36,2026-08-18 23:25:13
13195,5844,273,WIRE_TRANSFER,26044.6,USD,ON_HOLD,Target Retail Network,2026-08-21 10:31:35,2026-08-21 12:07:06
13196,5975,143,WIRE_TRANSFER,50282.39,USD,PROCESSING,JPMorgan Settlement Corp,2026-07-24 17:36:46,2026-07-24 19:01:43
13197,5758,118,WIRE_TRANSFER,138521.32,USD,ON_HOLD,Target Retail Network,2026-08-31 21:09:27,2026-08-31 22:06:29
13198,5435,46,ACH_CREDIT,115553.02,USD,PENDING,JPMorgan Settlement Corp,2026-09-09 15:35:26,2026-09-09 17:03:15
13199,5026,263,CARD_AUTH,121621.0,USD,COMPLETED,JPMorgan Settlement Corp,2026-08-30 11:37:17,2026-08-30 12:48:21
13200,5069,179,CARD_AUTH,147621.72,USD,FAILED,Visa Direct Global,2026-08-18 06:02:40,2026-08-18 07:49:13
13201,5470,458,INTERNAL_BOOK_TRANSFER,147209.38,USD,FAILED,Apple Services US,2026-07-20 04:29:57,2026-07-20 06:29:03
13202,5356,467,INTERNAL_BOOK_TRANSFER,33063.08,USD,FAILED,Stripe Clearing Inc,2026-07-23 08:26:22,2026-07-23 09:14:04
13203,5698,281,ACH_CREDIT,101159.78,USD,ON_HOLD,Target Retail Network,2026-07-20 15:16:02,2026-07-20 17:13:48
13204,5628,222,MERCHANT_SETTLEMENT,139482.08,USD,PROCESSING,Apple Services US,2026-09-06 17:47:55,2026-09-06 18:27:37
13205,5143,49,FX_CONVERSION,87690.03,USD,COMPLETED,Microsoft Azure Cloud,2026-08-02 09:49:59,2026-08-02 11:21:10
13206,5433,311,ACH_CREDIT,71169.03,USD,PENDING,Walmart Global Vendor,2026-07-22 14:50:12,2026-07-22 16:33:42
13207,5746,54,MERCHANT_SETTLEMENT,121848.96,USD,PENDING,Apple Services US,2026-07-29 08:48:41,2026-07-29 09:58:16
13208,5508,246,MERCHANT_SETTLEMENT,130463.27,USD,COMPLETED,Oracle Cloud Infra,2026-09-10 12:20:12,2026-09-10 14:10:56
13209,5982,111,MERCHANT_SETTLEMENT,139027.41,USD,PENDING,Oracle Cloud Infra,2026-09-08 21:21:25,2026-09-08 22:52:16
13210,5683,184,WIRE_TRANSFER,13190.5,USD,ON_HOLD,Fedwire Interbank Net,2026-08-04 12:00:41,2026-08-04 13:03:33
13211,5947,206,ACH_CREDIT,88829.08,USD,COMPLETED,Fedwire Interbank Net,2026-08-30 18:59:56,2026-08-30 19:59:24
13212,5455,264,CARD_AUTH,103677.36,USD,COMPLETED,Visa Direct Global,2026-08-07 17:29:33,2026-08-07 18:30:44
13213,5660,204,WIRE_TRANSFER,142441.64,USD,FAILED,Walmart Global Vendor,2026-08-05 05:35:17,2026-08-05 06:00:56
13214,5564,470,INTERNAL_BOOK_TRANSFER,90344.1,USD,ON_HOLD,Oracle Cloud Infra,2026-09-16 23:18:02,2026-09-16 23:18:12
13215,5475,150,FX_CONVERSION,87570.42,USD,FAILED,Walmart Global Vendor,2026-09-12 17:42:56,2026-09-12 18:56:07
13216,5109,70,ACH_DEBIT,51226.55,USD,PENDING,Apple Services US,2026-09-02 22:57:26,2026-09-02 23:18:18
13217,5445,166,FX_CONVERSION,125396.06,USD,PENDING,Microsoft Azure Cloud,2026-07-22 05:52:46,2026-07-22 07:07:48
13218,5859,97,FX_CONVERSION,55419.71,USD,ON_HOLD,Oracle Cloud Infra,2026-07-22 05:10:42,2026-07-22 05:54:04
13219,5031,474,WIRE_TRANSFER,137770.48,USD,COMPLETED,Stripe Clearing Inc,2026-08-31 14:56:53,2026-08-31 15:11:53
13220,5914,485,CARD_AUTH,58145.36,USD,PENDING,Oracle Cloud Infra,2026-09-14 09:35:20,2026-09-14 10:01:08
13221,5586,36,CARD_AUTH,20883.22,USD,FAILED,Walmart Global Vendor,2026-08-27 07:38:24,2026-08-27 08:26:23
13222,5821,48,FX_CONVERSION,79943.44,USD,COMPLETED,Stripe Clearing Inc,2026-08-18 18:19:28,2026-08-18 19:31:18
13223,5439,21,WIRE_TRANSFER,130958.86,USD,COMPLETED,Amazon AWS Services,2026-07-20 05:56:12,2026-07-20 07:34:22
13224,5618,95,ACH_DEBIT,40484.08,USD,ON_HOLD,JPMorgan Settlement Corp,2026-09-08 14:06:23,2026-09-08 15:07:31
13225,5575,428,MERCHANT_SETTLEMENT,52453.7,USD,PENDING,Amazon AWS Services,2026-08-11 10:30:03,2026-08-11 11:57:51
13226,5018,397,ACH_CREDIT,88458.05,USD,COMPLETED,Stripe Clearing Inc,2026-07-29 16:41:29,2026-07-29 18:21:23
13227,5899,77,ACH_DEBIT,95052.36,USD,COMPLETED,Oracle Cloud Infra,2026-08-26 19:51:26,2026-08-26 21:45:36
13228,5641,19,MERCHANT_SETTLEMENT,41304.04,USD,PROCESSING,Amazon AWS Services,2026-08-27 19:20:02,2026-08-27 20:50:26
13229,5659,308,ACH_DEBIT,22406.92,USD,COMPLETED,JPMorgan Settlement Corp,2026-08-10 20:51:48,2026-08-10 22:48:04
13230,5194,209,FX_CONVERSION,31643.22,USD,COMPLETED,Oracle Cloud Infra,2026-07-21 08:18:05,2026-07-21 09:10:39
13231,5173,454,WIRE_TRANSFER,2071.16,USD,PENDING,Target Retail Network,2026-07-21 17:56:18,2026-07-21 18:14:57
13232,5832,134,CARD_AUTH,25935.26,USD,PENDING,Fedwire Interbank Net,2026-08-02 07:24:52,2026-08-02 08:00:23
13233,5719,413,FX_CONVERSION,67698.84,USD,COMPLETED,Apple Services US,2026-08-16 19:30:45,2026-08-16 19:34:13
13234,5715,415,ACH_DEBIT,74235.6,USD,FAILED,Stripe Clearing Inc,2026-08-15 17:26:09,2026-08-15 18:07:53
13235,5401,485,INTERNAL_BOOK_TRANSFER,144155.66,USD,COMPLETED,Fedwire Interbank Net,2026-09-05 23:37:21,2026-09-06 00:12:20
13236,5051,369,MERCHANT_SETTLEMENT,81424.18,USD,PENDING,Target Retail Network,2026-08-23 23:01:43,2026-08-24 00:29:59
13237,5312,130,ACH_DEBIT,32850.39,USD,COMPLETED,Stripe Clearing Inc,2026-08-16 01:49:11,2026-08-16 02:41:15
13238,5672,220,FX_CONVERSION,146278.1,USD,ON_HOLD,Fedwire Interbank Net,2026-08-23 04:30:03,2026-08-23 06:29:27
13239,5527,102,INTERNAL_BOOK_TRANSFER,112137.19,USD,COMPLETED,Oracle Cloud Infra,2026-08-08 01:50:28,2026-08-08 03:37:56
13240,5304,288,INTERNAL_BOOK_TRANSFER,128426.11,USD,ON_HOLD,Walmart Global Vendor,2026-09-10 22:26:57,2026-09-10 23:25:36
13241,5646,82,CARD_AUTH,62488.52,USD,PENDING,Target Retail Network,2026-08-30 23:28:32,2026-08-31 00:22:05
13242,5850,154,FX_CONVERSION,46995.99,USD,COMPLETED,Amazon AWS Services,2026-09-02 13:20:01,2026-09-02 14:24:38
13243,5374,269,MERCHANT_SETTLEMENT,711.7,USD,PROCESSING,Visa Direct Global,2026-08-17 01:12:55,2026-08-17 01:46:16
13244,5163,396,INTERNAL_BOOK_TRANSFER,61292.06,USD,FAILED,Visa Direct Global,2026-09-12 06:39:08,2026-09-12 07:09:02
13245,5673,425,INTERNAL_BOOK_TRANSFER,37792.42,USD,COMPLETED,Fedwire Interbank Net,2026-09-15 19:01:42,2026-09-15 20:36:03
13246,5346,444,FX_CONVERSION,4775.76,USD,COMPLETED,Microsoft Azure Cloud,2026-08-19 19:23:28,2026-08-19 21:12:44
13247,5062,185,INTERNAL_BOOK_TRANSFER,4806.85,USD,COMPLETED,Oracle Cloud Infra,2026-08-14 22:54:44,2026-08-14 23:49:33
13248,5475,85,INTERNAL_BOOK_TRANSFER,123414.28,USD,COMPLETED,Apple Services US,2026-08-07 22:59:09,2026-08-07 23:37:30
13249,5177,470,CARD_AUTH,90536.37,USD,COMPLETED,Visa Direct Global,2026-07-24 06:12:33,2026-07-24 07:47:47
13250,5479,229,ACH_CREDIT,137203.92,USD,PENDING,JPMorgan Settlement Corp,2026-09-15 03:14:50,2026-09-15 03:57:53
13251,5277,326,CARD_AUTH,138314.87,USD,ON_HOLD,Amazon AWS Services,2026-08-12 06:56:50,2026-08-12 08:13:40
13252,5948,15,WIRE_TRANSFER,63271.27,USD,COMPLETED,Oracle Cloud Infra,2026-08-22 22:02:33,2026-08-22 22:17:38
13253,5363,20,INTERNAL_BOOK_TRANSFER,19920.41,USD,ON_HOLD,Amazon AWS Services,2026-08-17 22:34:56,2026-08-17 23:21:54
13254,5024,337,ACH_CREDIT,143914.25,USD,COMPLETED,Microsoft Azure Cloud,2026-08-09 04:26:54,2026-08-09 05:13:52
13255,5233,453,WIRE_TRANSFER,20912.32,USD,PENDING,Visa Direct Global,2026-08-14 12:51:13,2026-08-14 14:36:40
13256,5701,352,INTERNAL_BOOK_TRANSFER,102689.99,USD,FAILED,Target Retail Network,2026-09-05 12:58:51,2026-09-05 14:23:38
13257,5880,427,CARD_AUTH,49608.83,USD,COMPLETED,Stripe Clearing Inc,2026-07-30 15:59:35,2026-07-30 16:19:05
13258,5245,337,ACH_DEBIT,86426.48,USD,COMPLETED,JPMorgan Settlement Corp,2026-08-27 18:24:47,2026-08-27 19:13:44
13259,5190,454,MERCHANT_SETTLEMENT,122571.92,USD,COMPLETED,Oracle Cloud Infra,2026-08-30 23:22:10,2026-08-31 01:17:00
13260,5692,195,ACH_CREDIT,120923.6,USD,COMPLETED,Stripe Clearing Inc,2026-07-24 18:52:18,2026-07-24 20:03:52
13261,5373,254,ACH_CREDIT,79291.48,USD,PROCESSING,Walmart Global Vendor,2026-08-22 15:58:41,2026-08-22 16:38:42
13262,5351,489,WIRE_TRANSFER,38950.49,USD,FAILED,Fedwire Interbank Net,2026-07-23 19:15:21,2026-07-23 21:04:24
13263,5619,422,INTERNAL_BOOK_TRANSFER,12146.69,USD,COMPLETED,Walmart Global Vendor,2026-07-28 22:15:49,2026-07-28 22:26:36
13264,5489,341,ACH_DEBIT,51619.73,USD,COMPLETED,Walmart Global Vendor,2026-08-10 04:13:13,2026-08-10 05:47:19
13265,5465,358,WIRE_TRANSFER,138572.89,USD,PENDING,JPMorgan Settlement Corp,2026-09-03 20:03:09,2026-09-03 20:28:41
13266,5557,433,WIRE_TRANSFER,62374.87,USD,COMPLETED,Target Retail Network,2026-08-31 18:18:56,2026-08-31 18:53:10
13267,5395,49,CARD_AUTH,21081.5,USD,COMPLETED,Walmart Global Vendor,2026-09-04 00:03:49,2026-09-04 00:55:02
13268,5987,217,INTERNAL_BOOK_TRANSFER,108294.14,USD,FAILED,JPMorgan Settlement Corp,2026-08-30 03:01:45,2026-08-30 03:36:58
13269,5905,52,ACH_CREDIT,112994.91,USD,COMPLETED,Oracle Cloud Infra,2026-08-13 19:52:45,2026-08-13 21:04:36
13270,5122,262,CARD_AUTH,98259.21,USD,PENDING,JPMorgan Settlement Corp,2026-07-21 04:39:45,2026-07-21 06:00:16
13271,5637,478,WIRE_TRANSFER,63599.16,USD,COMPLETED,Stripe Clearing Inc,2026-09-16 10:02:41,2026-09-16 11:56:23
13272,5442,124,WIRE_TRANSFER,118520.29,USD,COMPLETED,Visa Direct Global,2026-09-15 20:32:34,2026-09-15 21:18:31
13273,5973,38,MERCHANT_SETTLEMENT,111716.25,USD,COMPLETED,Microsoft Azure Cloud,2026-08-21 09:44:41,2026-08-21 09:49:12
13274,5730,169,INTERNAL_BOOK_TRANSFER,92341.6,USD,PROCESSING,Oracle Cloud Infra,2026-08-02 16:36:32,2026-08-02 18:28:41
13275,5129,469,INTERNAL_BOOK_TRANSFER,105592.37,USD,PENDING,Apple Services US,2026-08-10 22:02:00,2026-08-10 23:34:28
13276,5824,52,ACH_CREDIT,142841.46,USD,COMPLETED,Microsoft Azure Cloud,2026-08-11 01:43:59,2026-08-11 03:37:05
13277,5795,272,FX_CONVERSION,79600.87,USD,COMPLETED,Microsoft Azure Cloud,2026-09-06 13:42:22,2026-09-06 14:29:26
13278,5871,480,WIRE_TRANSFER,98644.34,USD,ON_HOLD,JPMorgan Settlement Corp,2026-07-25 09:01:11,2026-07-25 09:21:05
13279,5379,312,CARD_AUTH,36363.06,USD,COMPLETED,Walmart Global Vendor,2026-07-24 07:25:11,2026-07-24 09:22:33
13280,5696,75,FX_CONVERSION,26376.65,USD,ON_HOLD,Target Retail Network,2026-07-30 05:15:17,2026-07-30 05:48:59
13281,5262,68,MERCHANT_SETTLEMENT,54288.06,USD,COMPLETED,Apple Services US,2026-08-25 13:57:54,2026-08-25 15:01:41
13282,5190,311,FX_CONVERSION,9612.38,USD,ON_HOLD,Walmart Global Vendor,2026-08-17 06:03:17,2026-08-17 07:23:59
13283,5025,384,ACH_DEBIT,94316.09,USD,COMPLETED,Stripe Clearing Inc,2026-09-08 10:34:29,2026-09-08 12:30:44
13284,5725,104,INTERNAL_BOOK_TRANSFER,44891.06,USD,PENDING,Visa Direct Global,2026-08-24 23:47:13,2026-08-25 00:18:01
13285,5938,408,WIRE_TRANSFER,132992.69,USD,ON_HOLD,JPMorgan Settlement Corp,2026-09-14 15:30:56,2026-09-14 16:37:04
13286,5496,61,INTERNAL_BOOK_TRANSFER,96386.64,USD,COMPLETED,Amazon AWS Services,2026-08-28 10:28:49,2026-08-28 10:48:58
13287,5700,300,WIRE_TRANSFER,142309.87,USD,PENDING,Visa Direct Global,2026-08-01 02:33:13,2026-08-01 03:26:31
13288,5925,401,ACH_DEBIT,121339.55,USD,PENDING,Target Retail Network,2026-08-04 12:36:51,2026-08-04 13:46:27
13289,5115,432,MERCHANT_SETTLEMENT,21210.09,USD,PROCESSING,Stripe Clearing Inc,2026-07-25 00:36:36,2026-07-25 02:16:30
13290,5516,251,ACH_CREDIT,123019.13,USD,COMPLETED,JPMorgan Settlement Corp,2026-07-29 08:00:41,2026-07-29 09:21:49
13291,5564,127,MERCHANT_SETTLEMENT,85091.05,USD,COMPLETED,Walmart Global Vendor,2026-08-31 19:13:42,2026-08-31 19:43:31
13292,5696,236,MERCHANT_SETTLEMENT,116707.77,USD,COMPLETED,Amazon AWS Services,2026-08-23 16:15:58,2026-08-23 16:34:44
13293,5579,264,INTERNAL_BOOK_TRANSFER,67697.13,USD,COMPLETED,Apple Services US,2026-08-17 04:13:15,2026-08-17 05:00:36
13294,5871,305,INTERNAL_BOOK_TRANSFER,92822.29,USD,ON_HOLD,Stripe Clearing Inc,2026-08-25 01:17:48,2026-08-25 03:15:45
13295,5202,29,ACH_DEBIT,41143.12,USD,COMPLETED,Amazon AWS Services,2026-08-06 01:33:57,2026-08-06 01:34:50
13296,5135,398,INTERNAL_BOOK_TRANSFER,56608.44,USD,FAILED,Oracle Cloud Infra,2026-08-12 12:24:55,2026-08-12 13:41:31
13297,5507,285,FX_CONVERSION,5156.9,USD,COMPLETED,Microsoft Azure Cloud,2026-08-22 10:31:19,2026-08-22 10:38:56
13298,5175,305,ACH_DEBIT,75462.51,USD,PENDING,Fedwire Interbank Net,2026-07-24 09:49:36,2026-07-24 10:22:08
13299,5665,399,WIRE_TRANSFER,40848.65,USD,PROCESSING,Target Retail Network,2026-08-15 08:14:20,2026-08-15 09:10:08
13300,5702,354,MERCHANT_SETTLEMENT,101921.17,USD,COMPLETED,Stripe Clearing Inc,2026-09-09 21:50:07,2026-09-09 23:27:16
13301,5741,75,ACH_CREDIT,118326.54,USD,PROCESSING,Oracle Cloud Infra,2026-07-29 04:04:07,2026-07-29 04:10:17
13302,5078,455,ACH_CREDIT,124520.01,USD,ON_HOLD,JPMorgan Settlement Corp,2026-09-01 03:58:30,2026-09-01 04:22:08
13303,5074,25,CARD_AUTH,112557.75,USD,COMPLETED,Target Retail Network,2026-08-12 13:39:13,2026-08-12 14:17:38
13304,5385,31,WIRE_TRANSFER,81835.4,USD,COMPLETED,JPMorgan Settlement Corp,2026-07-20 02:34:46,2026-07-20 02:48:18
13305,5241,275,INTERNAL_BOOK_TRANSFER,82047.29,USD,COMPLETED,Target Retail Network,2026-08-05 16:47:00,2026-08-05 16:51:23
13306,5790,282,INTERNAL_BOOK_TRANSFER,29568.51,USD,ON_HOLD,Stripe Clearing Inc,2026-08-26 08:55:48,2026-08-26 10:07:17
13307,5125,371,CARD_AUTH,95585.49,USD,COMPLETED,Fedwire Interbank Net,2026-07-20 16:49:47,2026-07-20 17:22:18
13308,5551,290,INTERNAL_BOOK_TRANSFER,100143.14,USD,COMPLETED,Apple Services US,2026-08-12 15:54:15,2026-08-12 17:35:07
13309,5390,308,WIRE_TRANSFER,69892.12,USD,PROCESSING,Visa Direct Global,2026-08-18 13:24:01,2026-08-18 14:52:34
13310,5498,220,MERCHANT_SETTLEMENT,27648.89,USD,COMPLETED,Amazon AWS Services,2026-08-23 03:41:27,2026-08-23 03:59:12
13311,5083,132,INTERNAL_BOOK_TRANSFER,107597.92,USD,FAILED,Amazon AWS Services,2026-09-03 20:00:45,2026-09-03 20:02:02
13312,5468,59,MERCHANT_SETTLEMENT,36235.97,USD,PROCESSING,Walmart Global Vendor,2026-07-22 12:02:50,2026-07-22 13:51:23
13313,5670,344,FX_CONVERSION,125696.61,USD,COMPLETED,Stripe Clearing Inc,2026-08-06 07:54:29,2026-08-06 08:24:09
13314,5470,4,FX_CONVERSION,55713.19,USD,FAILED,Stripe Clearing Inc,2026-09-14 12:55:03,2026-09-14 14:38:00
13315,5083,319,ACH_DEBIT,119787.27,USD,COMPLETED,Walmart Global Vendor,2026-08-14 00:32:48,2026-08-14 01:22:29
13316,5431,311,MERCHANT_SETTLEMENT,21287.1,USD,PENDING,Walmart Global Vendor,2026-08-21 16:22:24,2026-08-21 17:15:39
13317,5843,59,FX_CONVERSION,27930.41,USD,PENDING,Apple Services US,2026-07-27 10:06:01,2026-07-27 10:38:21
13318,5450,229,INTERNAL_BOOK_TRANSFER,102661.35,USD,COMPLETED,Oracle Cloud Infra,2026-09-06 09:57:51,2026-09-06 10:54:37
13319,5769,73,CARD_AUTH,63863.2,USD,PROCESSING,Walmart Global Vendor,2026-08-27 17:41:02,2026-08-27 17:55:39
13320,5138,380,MERCHANT_SETTLEMENT,114742.86,USD,PENDING,Apple Services US,2026-09-10 15:09:22,2026-09-10 15:39:19
13321,5963,13,ACH_DEBIT,54534.69,USD,COMPLETED,Apple Services US,2026-07-29 09:09:56,2026-07-29 09:36:43
13322,5558,434,CARD_AUTH,78725.06,USD,ON_HOLD,Microsoft Azure Cloud,2026-07-24 08:12:46,2026-07-24 08:35:29
13323,5747,72,ACH_CREDIT,103116.56,USD,ON_HOLD,Microsoft Azure Cloud,2026-08-25 19:03:15,2026-08-25 19:12:43
13324,5310,153,CARD_AUTH,58662.88,USD,PENDING,JPMorgan Settlement Corp,2026-09-05 19:25:52,2026-09-05 20:23:52
13325,5210,373,ACH_CREDIT,152.75,USD,ON_HOLD,Stripe Clearing Inc,2026-07-26 18:39:13,2026-07-26 20:29:16
13326,5469,214,CARD_AUTH,14537.38,USD,COMPLETED,JPMorgan Settlement Corp,2026-07-29 18:04:05,2026-07-29 18:55:18
13327,5191,152,FX_CONVERSION,34034.35,USD,PROCESSING,Fedwire Interbank Net,2026-09-09 11:06:15,2026-09-09 12:46:58
13328,5432,107,MERCHANT_SETTLEMENT,39308.6,USD,COMPLETED,Microsoft Azure Cloud,2026-08-26 12:34:15,2026-08-26 13:17:05
13329,5387,276,FX_CONVERSION,58140.5,USD,PROCESSING,Apple Services US,2026-07-21 22:40:44,2026-07-21 23:10:22
13330,5387,283,FX_CONVERSION,116917.08,USD,COMPLETED,Amazon AWS Services,2026-07-22 13:43:49,2026-07-22 14:21:53
13331,5555,113,MERCHANT_SETTLEMENT,102444.8,USD,ON_HOLD,Target Retail Network,2026-08-27 19:29:02,2026-08-27 21:08:38
13332,5233,354,CARD_AUTH,11837.18,USD,COMPLETED,Visa Direct Global,2026-08-06 09:49:21,2026-08-06 11:31:23
13333,5975,75,CARD_AUTH,143243.17,USD,PROCESSING,Stripe Clearing Inc,2026-08-05 02:27:49,2026-08-05 03:33:47
13334,5958,30,MERCHANT_SETTLEMENT,49491.67,USD,COMPLETED,Microsoft Azure Cloud,2026-07-26 01:51:58,2026-07-26 01:58:00
13335,5930,136,WIRE_TRANSFER,56583.94,USD,ON_HOLD,JPMorgan Settlement Corp,2026-09-14 00:57:38,2026-09-14 01:10:34
13336,5084,279,MERCHANT_SETTLEMENT,25571.99,USD,PROCESSING,JPMorgan Settlement Corp,2026-08-16 02:00:09,2026-08-16 03:05:44
13337,5128,266,ACH_CREDIT,3088.32,USD,PROCESSING,Stripe Clearing Inc,2026-09-01 03:50:30,2026-09-01 05:25:40
13338,5598,396,MERCHANT_SETTLEMENT,97809.42,USD,FAILED,Apple Services US,2026-08-21 07:35:55,2026-08-21 09:08:27
13339,5459,270,FX_CONVERSION,109371.66,USD,FAILED,Oracle Cloud Infra,2026-08-13 07:04:36,2026-08-13 08:58:21
13340,5591,245,ACH_DEBIT,87255.96,USD,PENDING,Visa Direct Global,2026-09-16 02:29:43,2026-09-16 02:37:33
13341,5324,83,CARD_AUTH,20245.34,USD,PENDING,Stripe Clearing Inc,2026-07-30 12:58:19,2026-07-30 13:36:30
13342,5560,438,MERCHANT_SETTLEMENT,118584.46,USD,PENDING,Walmart Global Vendor,2026-09-07 23:57:51,2026-09-08 01:38:39
13343,5098,284,FX_CONVERSION,80192.44,USD,COMPLETED,Amazon AWS Services,2026-08-30 19:57:41,2026-08-30 20:08:16
13344,5505,109,INTERNAL_BOOK_TRANSFER,120123.38,USD,FAILED,Walmart Global Vendor,2026-08-28 06:42:36,2026-08-28 08:40:18
13345,5250,49,MERCHANT_SETTLEMENT,30037.84,USD,COMPLETED,JPMorgan Settlement Corp,2026-09-15 17:25:53,2026-09-15 18:28:54
13346,5979,188,CARD_AUTH,52876.38,USD,FAILED,JPMorgan Settlement Corp,2026-08-29 01:26:02,2026-08-29 01:40:13
13347,5429,306,ACH_DEBIT,91330.34,USD,COMPLETED,Apple Services US,2026-09-12 05:57:20,2026-09-12 07:06:39
13348,5073,46,FX_CONVERSION,125881.13,USD,COMPLETED,Oracle Cloud Infra,2026-09-15 02:31:04,2026-09-15 03:59:39
13349,5595,455,FX_CONVERSION,8056.93,USD,PROCESSING,JPMorgan Settlement Corp,2026-07-24 10:07:49,2026-07-24 10:23:26
13350,5782,107,INTERNAL_BOOK_TRANSFER,123499.23,USD,PENDING,Stripe Clearing Inc,2026-08-30 04:27:55,2026-08-30 05:35:24
13351,5357,97,CARD_AUTH,102498.25,USD,COMPLETED,Stripe Clearing Inc,2026-08-26 14:14:50,2026-08-26 14:45:12
13352,5822,354,ACH_CREDIT,63253.5,USD,COMPLETED,Target Retail Network,2026-07-27 06:55:05,2026-07-27 07:59:21
13353,5629,441,FX_CONVERSION,49430.54,USD,PROCESSING,Amazon AWS Services,2026-07-24 05:34:53,2026-07-24 06:17:21
13354,5706,309,CARD_AUTH,8466.41,USD,PENDING,JPMorgan Settlement Corp,2026-09-16 05:04:47,2026-09-16 05:53:38
13355,5768,152,ACH_DEBIT,77395.62,USD,COMPLETED,Oracle Cloud Infra,2026-08-10 15:50:35,2026-08-10 16:37:19
13356,5712,216,CARD_AUTH,130139.59,USD,ON_HOLD,Visa Direct Global,2026-09-14 17:14:30,2026-09-14 18:29:25
13357,5777,426,WIRE_TRANSFER,22993.88,USD,FAILED,Microsoft Azure Cloud,2026-08-09 23:20:42,2026-08-10 00:43:12
13358,5648,79,ACH_CREDIT,136618.68,USD,FAILED,Walmart Global Vendor,2026-07-30 02:23:56,2026-07-30 03:23:48
13359,5829,140,WIRE_TRANSFER,125048.27,USD,ON_HOLD,JPMorgan Settlement Corp,2026-08-20 03:38:57,2026-08-20 04:55:10
13360,5902,450,WIRE_TRANSFER,94411.99,USD,FAILED,Microsoft Azure Cloud,2026-09-05 17:46:53,2026-09-05 19:45:25
13361,5432,460,ACH_CREDIT,135692.98,USD,COMPLETED,JPMorgan Settlement Corp,2026-08-07 01:32:19,2026-08-07 02:27:48
13362,5831,20,WIRE_TRANSFER,104439.77,USD,PENDING,Target Retail Network,2026-09-13 07:20:30,2026-09-13 08:42:15
13363,5268,184,ACH_DEBIT,14673.19,USD,COMPLETED,Oracle Cloud Infra,2026-08-13 06:14:56,2026-08-13 06:58:28
13364,5240,49,ACH_DEBIT,58457.33,USD,FAILED,Amazon AWS Services,2026-09-16 09:06:49,2026-09-16 09:39:59
13365,5009,459,CARD_AUTH,120152.03,USD,PROCESSING,Fedwire Interbank Net,2026-09-08 10:31:34,2026-09-08 12:01:57
13366,5755,173,CARD_AUTH,143691.05,USD,COMPLETED,Visa Direct Global,2026-08-30 10:35:43,2026-08-30 12:10:47
13367,5678,157,ACH_DEBIT,132292.4,USD,PROCESSING,Oracle Cloud Infra,2026-09-02 22:51:56,2026-09-02 23:10:31
13368,5645,143,INTERNAL_BOOK_TRANSFER,4841.25,USD,ON_HOLD,Visa Direct Global,2026-09-16 14:20:32,2026-09-16 16:18:53
13369,5181,360,WIRE_TRANSFER,69149.09,USD,ON_HOLD,Target Retail Network,2026-08-20 17:30:56,2026-08-20 18:59:52
13370,5969,390,WIRE_TRANSFER,62795.38,USD,PROCESSING,Stripe Clearing Inc,2026-07-26 06:49:34,2026-07-26 08:49:26
13371,5212,111,FX_CONVERSION,70583.78,USD,PENDING,Apple Services US,2026-07-22 14:50:23,2026-07-22 15:55:45
13372,5710,70,WIRE_TRANSFER,71836.56,USD,COMPLETED,Microsoft Azure Cloud,2026-07-20 21:52:50,2026-07-20 23:29:21
13373,5942,93,ACH_DEBIT,19912.74,USD,COMPLETED,JPMorgan Settlement Corp,2026-08-15 01:47:06,2026-08-15 02:00:01
13374,5705,316,FX_CONVERSION,131936.93,USD,FAILED,Target Retail Network,2026-07-25 18:40:55,2026-07-25 19:37:13
13375,5690,468,ACH_CREDIT,27744.91,USD,COMPLETED,Fedwire Interbank Net,2026-08-19 04:20:51,2026-08-19 05:03:03
13376,5924,8,WIRE_TRANSFER,133736.78,USD,COMPLETED,Microsoft Azure Cloud,2026-08-16 23:57:39,2026-08-17 00:34:23
13377,5173,152,CARD_AUTH,145804.31,USD,FAILED,Microsoft Azure Cloud,2026-08-03 21:38:57,2026-08-03 23:10:25
13378,5685,16,ACH_CREDIT,103976.91,USD,COMPLETED,Walmart Global Vendor,2026-07-20 12:50:03,2026-07-20 14:25:23
13379,5616,158,MERCHANT_SETTLEMENT,61717.92,USD,ON_HOLD,Stripe Clearing Inc,2026-07-31 06:45:59,2026-07-31 08:17:18
13380,5754,264,MERCHANT_SETTLEMENT,98614.24,USD,COMPLETED,Fedwire Interbank Net,2026-08-15 10:09:15,2026-08-15 10:10:26
13381,5628,411,FX_CONVERSION,42769.3,USD,COMPLETED,Apple Services US,2026-08-22 22:56:55,2026-08-22 23:23:16
13382,5636,277,FX_CONVERSION,106009.67,USD,COMPLETED,Apple Services US,2026-07-23 14:29:15,2026-07-23 15:13:00
13383,5319,426,INTERNAL_BOOK_TRANSFER,20157.35,USD,FAILED,Walmart Global Vendor,2026-07-28 21:15:56,2026-07-28 22:49:27
13384,5649,320,WIRE_TRANSFER,76298.16,USD,FAILED,JPMorgan Settlement Corp,2026-08-26 06:09:08,2026-08-26 08:06:38
13385,5078,342,CARD_AUTH,116990.84,USD,COMPLETED,Target Retail Network,2026-08-19 17:28:39,2026-08-19 18:21:04
13386,5328,316,ACH_DEBIT,27206.67,USD,PROCESSING,Visa Direct Global,2026-08-05 20:32:55,2026-08-05 20:37:48
13387,5650,490,ACH_CREDIT,36298.62,USD,PENDING,Fedwire Interbank Net,2026-08-30 20:13:35,2026-08-30 21:33:16
13388,5680,480,MERCHANT_SETTLEMENT,90002.46,USD,FAILED,JPMorgan Settlement Corp,2026-09-13 03:36:41,2026-09-13 04:24:08
13389,5240,119,FX_CONVERSION,57574.22,USD,PROCESSING,Microsoft Azure Cloud,2026-07-28 20:09:44,2026-07-28 22:03:47
13390,5067,321,CARD_AUTH,81276.58,USD,FAILED,Target Retail Network,2026-09-16 22:26:49,2026-09-16 23:59:18
13391,5017,428,FX_CONVERSION,118962.71,USD,FAILED,Microsoft Azure Cloud,2026-08-01 03:16:29,2026-08-01 03:54:51
13392,5670,324,CARD_AUTH,22341.15,USD,COMPLETED,Fedwire Interbank Net,2026-08-30 01:15:12,2026-08-30 02:47:13
13393,5182,263,INTERNAL_BOOK_TRANSFER,28193.81,USD,PENDING,Target Retail Network,2026-08-08 09:28:01,2026-08-08 11:18:08
13394,5308,346,FX_CONVERSION,80831.45,USD,COMPLETED,Target Retail Network,2026-08-13 19:26:59,2026-08-13 19:55:33
13395,5484,190,WIRE_TRANSFER,140862.18,USD,ON_HOLD,Oracle Cloud Infra,2026-08-25 20:08:42,2026-08-25 21:08:20
13396,5925,314,ACH_DEBIT,109755.05,USD,PROCESSING,Fedwire Interbank Net,2026-08-23 23:13:30,2026-08-24 01:04:26
13397,5295,90,ACH_DEBIT,37382.55,USD,PROCESSING,JPMorgan Settlement Corp,2026-08-26 01:54:03,2026-08-26 03:18:48
13398,5968,69,FX_CONVERSION,49482.51,USD,COMPLETED,Apple Services US,2026-08-14 22:33:34,2026-08-14 23:01:31
13399,5349,421,CARD_AUTH,3281.28,USD,FAILED,Walmart Global Vendor,2026-08-04 15:47:46,2026-08-04 17:31:29
13400,5874,287,INTERNAL_BOOK_TRANSFER,135515.48,USD,PROCESSING,Visa Direct Global,2026-08-25 01:25:51,2026-08-25 02:49:03
13401,5279,451,MERCHANT_SETTLEMENT,126533.19,USD,FAILED,Amazon AWS Services,2026-08-12 23:22:26,2026-08-13 00:40:14
13402,5438,414,FX_CONVERSION,131046.9,USD,PENDING,Microsoft Azure Cloud,2026-08-20 13:10:29,2026-08-20 13:39:10
13403,5331,308,WIRE_TRANSFER,125930.12,USD,PENDING,Fedwire Interbank Net,2026-08-20 16:23:10,2026-08-20 16:29:22
13404,5265,235,WIRE_TRANSFER,120390.2,USD,PROCESSING,Target Retail Network,2026-07-20 06:19:37,2026-07-20 06:24:50
13405,5781,304,CARD_AUTH,88315.93,USD,COMPLETED,JPMorgan Settlement Corp,2026-09-11 06:28:45,2026-09-11 07:38:16
13406,5973,234,ACH_CREDIT,140185.89,USD,COMPLETED,Visa Direct Global,2026-08-27 20:25:03,2026-08-27 21:56:11
13407,5387,265,MERCHANT_SETTLEMENT,64469.47,USD,PROCESSING,Oracle Cloud Infra,2026-09-17 04:10:51,2026-09-17 05:30:02
13408,5265,234,WIRE_TRANSFER,61302.53,USD,COMPLETED,Apple Services US,2026-07-21 23:36:53,2026-07-22 01:36:02
13409,5885,444,CARD_AUTH,64998.99,USD,COMPLETED,Stripe Clearing Inc,2026-08-14 03:37:26,2026-08-14 05:02:20
13410,5451,465,WIRE_TRANSFER,12142.48,USD,FAILED,Target Retail Network,2026-09-08 15:50:45,2026-09-08 16:26:25
13411,5816,488,INTERNAL_BOOK_TRANSFER,139853.05,USD,PENDING,Stripe Clearing Inc,2026-08-21 12:23:26,2026-08-21 13:17:03
13412,5492,425,ACH_DEBIT,62839.52,USD,ON_HOLD,Walmart Global Vendor,2026-07-19 19:53:27,2026-07-19 21:22:38
13413,5347,40,FX_CONVERSION,109202.64,USD,PENDING,Amazon AWS Services,2026-07-29 03:17:06,2026-07-29 04:09:39
13414,5504,340,ACH_DEBIT,39132.77,USD,ON_HOLD,JPMorgan Settlement Corp,2026-08-08 16:04:51,2026-08-08 16:43:43
13415,5711,107,ACH_DEBIT,91614.37,USD,ON_HOLD,Fedwire Interbank Net,2026-09-13 16:44:41,2026-09-13 17:55:22
13416,5336,10,ACH_DEBIT,48648.0,USD,COMPLETED,Walmart Global Vendor,2026-08-28 12:43:06,2026-08-28 13:38:57
13417,5878,363,FX_CONVERSION,118653.5,USD,COMPLETED,Apple Services US,2026-08-22 03:22:53,2026-08-22 04:05:24
13418,5047,70,CARD_AUTH,106797.31,USD,COMPLETED,JPMorgan Settlement Corp,2026-09-12 06:58:20,2026-09-12 07:57:45
13419,5074,242,CARD_AUTH,105458.76,USD,PROCESSING,JPMorgan Settlement Corp,2026-08-20 23:22:00,2026-08-21 01:11:31
13420,5457,64,ACH_DEBIT,143845.94,USD,FAILED,JPMorgan Settlement Corp,2026-08-20 21:44:53,2026-08-20 21:52:34
13421,5883,350,CARD_AUTH,36126.98,USD,COMPLETED,Apple Services US,2026-08-30 08:41:34,2026-08-30 10:23:18
13422,5177,387,MERCHANT_SETTLEMENT,131184.86,USD,COMPLETED,Oracle Cloud Infra,2026-07-26 18:00:58,2026-07-26 19:26:57
13423,5422,390,CARD_AUTH,37424.36,USD,ON_HOLD,Microsoft Azure Cloud,2026-09-13 10:53:17,2026-09-13 11:26:44
13424,5777,384,MERCHANT_SETTLEMENT,128921.3,USD,FAILED,Amazon AWS Services,2026-08-26 05:43:50,2026-08-26 06:10:39
13425,5331,263,ACH_DEBIT,33130.08,USD,ON_HOLD,Stripe Clearing Inc,2026-07-21 22:25:06,2026-07-22 00:10:17
13426,5082,436,CARD_AUTH,21217.22,USD,PROCESSING,Visa Direct Global,2026-08-25 11:06:45,2026-08-25 12:28:54
13427,5342,44,CARD_AUTH,91568.42,USD,COMPLETED,Amazon AWS Services,2026-08-17 08:42:51,2026-08-17 10:10:41
13428,5943,258,CARD_AUTH,55347.12,USD,FAILED,Apple Services US,2026-09-02 10:52:16,2026-09-02 11:40:10
13429,5537,193,CARD_AUTH,71240.61,USD,COMPLETED,Fedwire Interbank Net,2026-08-20 15:00:45,2026-08-20 15:57:29
13430,5151,27,ACH_CREDIT,112110.13,USD,COMPLETED,Microsoft Azure Cloud,2026-08-18 08:14:45,2026-08-18 09:47:40
13431,5289,109,INTERNAL_BOOK_TRANSFER,89280.34,USD,PENDING,Oracle Cloud Infra,2026-09-15 20:37:40,2026-09-15 21:29:17
13432,5766,379,INTERNAL_BOOK_TRANSFER,36710.04,USD,COMPLETED,Oracle Cloud Infra,2026-07-26 19:24:05,2026-07-26 20:56:13
13433,5987,78,ACH_CREDIT,33372.38,USD,PENDING,Fedwire Interbank Net,2026-07-28 10:38:12,2026-07-28 11:43:22
13434,5732,432,INTERNAL_BOOK_TRANSFER,135328.95,USD,PENDING,Target Retail Network,2026-07-31 20:47:09,2026-07-31 21:48:11
13435,5309,144,CARD_AUTH,53615.6,USD,PENDING,Fedwire Interbank Net,2026-08-05 15:01:41,2026-08-05 16:33:57
13436,5424,456,ACH_CREDIT,58234.23,USD,PENDING,Apple Services US,2026-09-10 01:49:39,2026-09-10 02:32:29
13437,5714,22,FX_CONVERSION,92147.82,USD,PROCESSING,Visa Direct Global,2026-09-05 05:47:24,2026-09-05 07:38:34
13438,5508,136,CARD_AUTH,74382.15,USD,FAILED,Walmart Global Vendor,2026-09-17 08:48:24,2026-09-17 09:25:42
13439,5701,147,INTERNAL_BOOK_TRANSFER,35933.45,USD,COMPLETED,Oracle Cloud Infra,2026-08-21 06:42:18,2026-08-21 07:01:16
13440,5602,182,CARD_AUTH,28559.38,USD,ON_HOLD,Apple Services US,2026-08-13 11:03:03,2026-08-13 13:03:02
13441,5846,446,WIRE_TRANSFER,144346.42,USD,FAILED,Target Retail Network,2026-09-04 01:23:35,2026-09-04 02:16:49
13442,5477,215,FX_CONVERSION,71311.35,USD,COMPLETED,Microsoft Azure Cloud,2026-08-03 09:59:23,2026-08-03 10:02:32
13443,5982,444,MERCHANT_SETTLEMENT,63202.32,USD,COMPLETED,Stripe Clearing Inc,2026-08-18 17:45:18,2026-08-18 19:06:51
13444,5456,180,ACH_CREDIT,44725.04,USD,COMPLETED,Walmart Global Vendor,2026-09-03 13:42:37,2026-09-03 15:27:21
13445,5213,334,CARD_AUTH,31214.33,USD,PROCESSING,Visa Direct Global,2026-07-25 11:21:38,2026-07-25 13:09:24
13446,5034,330,INTERNAL_BOOK_TRANSFER,7001.01,USD,FAILED,Microsoft Azure Cloud,2026-07-23 01:49:29,2026-07-23 03:38:17
13447,5419,191,MERCHANT_SETTLEMENT,53576.65,USD,PROCESSING,JPMorgan Settlement Corp,2026-08-12 08:03:48,2026-08-12 09:45:34
13448,5298,370,ACH_DEBIT,51527.53,USD,PROCESSING,Walmart Global Vendor,2026-08-29 20:39:18,2026-08-29 21:29:16
13449,5252,176,ACH_CREDIT,137070.41,USD,FAILED,JPMorgan Settlement Corp,2026-08-28 18:54:35,2026-08-28 19:53:21
13450,5033,324,INTERNAL_BOOK_TRANSFER,137315.4,USD,ON_HOLD,Amazon AWS Services,2026-07-23 09:33:56,2026-07-23 10:09:32
13451,5478,15,CARD_AUTH,149930.97,USD,ON_HOLD,Stripe Clearing Inc,2026-07-26 15:12:28,2026-07-26 15:20:43
13452,5754,126,CARD_AUTH,46167.39,USD,FAILED,Walmart Global Vendor,2026-08-29 17:44:22,2026-08-29 17:55:04
13453,5081,308,INTERNAL_BOOK_TRANSFER,114813.47,USD,PROCESSING,Visa Direct Global,2026-09-15 06:13:38,2026-09-15 07:54:09
13454,5409,427,ACH_DEBIT,149042.93,USD,COMPLETED,Oracle Cloud Infra,2026-07-29 16:59:14,2026-07-29 18:32:32
13455,5909,163,FX_CONVERSION,32275.48,USD,PENDING,Microsoft Azure Cloud,2026-08-27 20:00:59,2026-08-27 20:59:16
13456,5079,160,INTERNAL_BOOK_TRANSFER,45979.58,USD,PENDING,Fedwire Interbank Net,2026-07-28 20:29:54,2026-07-28 21:39:42
13457,5659,392,INTERNAL_BOOK_TRANSFER,61269.49,USD,PENDING,Amazon AWS Services,2026-08-16 01:45:56,2026-08-16 03:24:23
13458,5473,376,FX_CONVERSION,61756.32,USD,ON_HOLD,Fedwire Interbank Net,2026-09-10 23:40:41,2026-09-11 00:00:52
13459,5726,315,WIRE_TRANSFER,111062.73,USD,ON_HOLD,JPMorgan Settlement Corp,2026-08-24 15:16:37,2026-08-24 16:11:52
13460,5352,308,FX_CONVERSION,56255.03,USD,PROCESSING,Visa Direct Global,2026-07-26 09:45:17,2026-07-26 10:23:04
13461,5736,85,INTERNAL_BOOK_TRANSFER,34920.14,USD,COMPLETED,Amazon AWS Services,2026-08-06 08:19:16,2026-08-06 09:37:45
13462,5722,96,MERCHANT_SETTLEMENT,63436.68,USD,COMPLETED,Amazon AWS Services,2026-08-19 11:02:44,2026-08-19 11:40:48
13463,5859,247,INTERNAL_BOOK_TRANSFER,36314.7,USD,PROCESSING,Fedwire Interbank Net,2026-08-05 18:55:59,2026-08-05 19:17:18
13464,5069,130,WIRE_TRANSFER,53199.46,USD,COMPLETED,Stripe Clearing Inc,2026-09-09 11:16:01,2026-09-09 12:09:08
13465,5386,17,ACH_DEBIT,72696.17,USD,PENDING,Target Retail Network,2026-08-09 12:35:43,2026-08-09 13:51:08
13466,5605,430,WIRE_TRANSFER,38018.61,USD,ON_HOLD,Oracle Cloud Infra,2026-08-21 19:03:33,2026-08-21 19:26:31
13467,5268,234,ACH_DEBIT,129715.05,USD,FAILED,JPMorgan Settlement Corp,2026-07-20 01:58:31,2026-07-20 02:24:15
13468,5336,311,ACH_DEBIT,42322.21,USD,COMPLETED,JPMorgan Settlement Corp,2026-08-10 18:13:34,2026-08-10 20:00:34
13469,5517,247,INTERNAL_BOOK_TRANSFER,33868.79,USD,COMPLETED,Stripe Clearing Inc,2026-09-09 23:42:07,2026-09-10 01:24:17
13470,5699,359,CARD_AUTH,128913.81,USD,PENDING,Microsoft Azure Cloud,2026-09-06 01:37:59,2026-09-06 02:43:28
13471,5310,49,ACH_CREDIT,13549.09,USD,COMPLETED,Walmart Global Vendor,2026-07-27 05:41:26,2026-07-27 06:50:31
13472,5691,97,WIRE_TRANSFER,21225.03,USD,PROCESSING,Walmart Global Vendor,2026-08-07 19:32:27,2026-08-07 20:09:03
13473,5923,484,MERCHANT_SETTLEMENT,115872.71,USD,PROCESSING,Stripe Clearing Inc,2026-08-22 17:36:35,2026-08-22 18:05:20
13474,5974,319,FX_CONVERSION,116378.75,USD,COMPLETED,JPMorgan Settlement Corp,2026-07-31 08:53:30,2026-07-31 10:00:20
13475,5564,309,ACH_DEBIT,51575.82,USD,PROCESSING,Visa Direct Global,2026-07-25 10:39:16,2026-07-25 12:29:47
13476,5592,268,ACH_DEBIT,105889.77,USD,ON_HOLD,Stripe Clearing Inc,2026-08-05 09:47:05,2026-08-05 11:02:48
13477,5385,170,ACH_DEBIT,121152.57,USD,FAILED,Stripe Clearing Inc,2026-08-25 09:45:16,2026-08-25 10:48:15
13478,5354,389,FX_CONVERSION,26693.14,USD,PROCESSING,Target Retail Network,2026-07-29 06:01:56,2026-07-29 07:22:14
13479,5226,160,FX_CONVERSION,114336.76,USD,PROCESSING,Stripe Clearing Inc,2026-09-11 00:04:41,2026-09-11 01:42:35
13480,5784,22,INTERNAL_BOOK_TRANSFER,8347.16,USD,COMPLETED,Oracle Cloud Infra,2026-07-26 03:18:11,2026-07-26 05:10:06
13481,5265,444,MERCHANT_SETTLEMENT,28382.47,USD,COMPLETED,Visa Direct Global,2026-08-05 15:00:18,2026-08-05 15:42:56
13482,5937,81,WIRE_TRANSFER,103378.54,USD,COMPLETED,Visa Direct Global,2026-09-02 19:21:43,2026-09-02 21:03:27
13483,5862,124,CARD_AUTH,127052.65,USD,FAILED,Visa Direct Global,2026-07-29 16:31:38,2026-07-29 16:55:23
13484,5065,264,ACH_DEBIT,23232.2,USD,COMPLETED,Microsoft Azure Cloud,2026-07-28 15:03:56,2026-07-28 15:15:54
13485,5303,371,MERCHANT_SETTLEMENT,13241.41,USD,COMPLETED,Stripe Clearing Inc,2026-08-21 02:10:46,2026-08-21 03:38:23
13486,5365,186,ACH_CREDIT,127350.08,USD,COMPLETED,Walmart Global Vendor,2026-08-10 12:27:48,2026-08-10 12:33:12
13487,5195,31,CARD_AUTH,46114.44,USD,COMPLETED,Apple Services US,2026-08-31 15:15:40,2026-08-31 16:28:29
13488,5091,344,INTERNAL_BOOK_TRANSFER,14994.2,USD,COMPLETED,Visa Direct Global,2026-08-28 08:46:19,2026-08-28 09:35:37
13489,5629,282,ACH_DEBIT,99555.15,USD,COMPLETED,Walmart Global Vendor,2026-09-02 03:46:08,2026-09-02 04:41:45
13490,5760,430,INTERNAL_BOOK_TRANSFER,64838.32,USD,ON_HOLD,Microsoft Azure Cloud,2026-08-20 10:19:31,2026-08-20 11:01:02
13491,5123,401,FX_CONVERSION,111303.95,USD,COMPLETED,Visa Direct Global,2026-09-15 04:55:44,2026-09-15 05:09:14
13492,5145,209,FX_CONVERSION,128656.68,USD,PROCESSING,Microsoft Azure Cloud,2026-08-21 22:55:30,2026-08-21 23:16:25
13493,5057,214,ACH_DEBIT,102673.43,USD,PROCESSING,Stripe Clearing Inc,2026-07-22 01:08:59,2026-07-22 02:06:19
13494,5996,54,INTERNAL_BOOK_TRANSFER,112238.38,USD,ON_HOLD,Fedwire Interbank Net,2026-09-17 14:49:38,2026-09-17 15:02:27
13495,5018,31,CARD_AUTH,133231.09,USD,FAILED,Oracle Cloud Infra,2026-08-01 16:19:10,2026-08-01 16:41:06
13496,5681,129,ACH_CREDIT,120014.37,USD,COMPLETED,Fedwire Interbank Net,2026-09-09 19:41:10,2026-09-09 20:00:33
13497,5428,423,FX_CONVERSION,138760.19,USD,COMPLETED,Stripe Clearing Inc,2026-09-06 07:02:27,2026-09-06 07:51:07
13498,5951,327,MERCHANT_SETTLEMENT,25596.03,USD,FAILED,Fedwire Interbank Net,2026-09-13 00:25:37,2026-09-13 02:12:04
13499,5391,489,ACH_CREDIT,4596.27,USD,COMPLETED,Microsoft Azure Cloud,2026-09-06 00:51:40,2026-09-06 02:09:58
13500,5819,478,INTERNAL_BOOK_TRANSFER,12975.84,USD,COMPLETED,Amazon AWS Services,2026-08-22 08:17:28,2026-08-22 09:35:11
13501,5236,72,INTERNAL_BOOK_TRANSFER,119953.05,USD,ON_HOLD,Walmart Global Vendor,2026-09-05 14:51:30,2026-09-05 15:09:15
13502,5779,68,FX_CONVERSION,94104.09,USD,COMPLETED,Target Retail Network,2026-08-04 03:42:21,2026-08-04 04:02:20
13503,5032,24,INTERNAL_BOOK_TRANSFER,99159.87,USD,FAILED,Microsoft Azure Cloud,2026-09-12 02:00:05,2026-09-12 02:46:32
13504,5631,253,INTERNAL_BOOK_TRANSFER,19344.9,USD,FAILED,Target Retail Network,2026-09-11 20:30:44,2026-09-11 21:34:02
13505,5962,63,ACH_CREDIT,91518.98,USD,COMPLETED,Microsoft Azure Cloud,2026-08-21 07:37:30,2026-08-21 08:03:00
13506,5923,368,CARD_AUTH,6728.75,USD,ON_HOLD,Oracle Cloud Infra,2026-07-22 01:31:23,2026-07-22 03:07:55
13507,5953,76,INTERNAL_BOOK_TRANSFER,142160.11,USD,PENDING,Amazon AWS Services,2026-08-25 17:28:32,2026-08-25 17:34:36
13508,5295,283,WIRE_TRANSFER,26046.45,USD,FAILED,JPMorgan Settlement Corp,2026-08-14 06:37:06,2026-08-14 06:38:55
13509,5429,401,ACH_DEBIT,127083.65,USD,PENDING,Microsoft Azure Cloud,2026-09-01 15:02:18,2026-09-01 16:52:14
13510,5409,355,FX_CONVERSION,144906.71,USD,COMPLETED,Visa Direct Global,2026-07-22 02:02:57,2026-07-22 02:38:08
13511,5892,43,INTERNAL_BOOK_TRANSFER,75414.15,USD,ON_HOLD,Visa Direct Global,2026-09-06 20:38:40,2026-09-06 21:23:52
13512,5447,201,INTERNAL_BOOK_TRANSFER,38956.67,USD,COMPLETED,Stripe Clearing Inc,2026-08-26 14:02:25,2026-08-26 14:47:27
13513,5643,431,ACH_DEBIT,64726.78,USD,COMPLETED,Target Retail Network,2026-09-07 19:23:46,2026-09-07 20:40:09
13514,5504,272,FX_CONVERSION,139013.78,USD,PENDING,Fedwire Interbank Net,2026-08-22 13:43:30,2026-08-22 14:41:41
13515,5714,467,FX_CONVERSION,93525.65,USD,COMPLETED,Stripe Clearing Inc,2026-08-08 19:47:38,2026-08-08 20:40:52
13516,5675,491,WIRE_TRANSFER,62518.44,USD,COMPLETED,JPMorgan Settlement Corp,2026-09-15 06:14:52,2026-09-15 06:18:05
13517,5906,46,WIRE_TRANSFER,119909.77,USD,FAILED,Target Retail Network,2026-09-11 19:22:26,2026-09-11 20:14:41
13518,5010,473,ACH_DEBIT,72312.37,USD,PROCESSING,Microsoft Azure Cloud,2026-09-01 05:51:39,2026-09-01 06:02:36
13519,5772,296,FX_CONVERSION,2338.68,USD,PROCESSING,Amazon AWS Services,2026-08-08 22:50:55,2026-08-08 23:35:57
13520,5125,390,INTERNAL_BOOK_TRANSFER,109548.32,USD,FAILED,Oracle Cloud Infra,2026-09-14 19:15:42,2026-09-14 21:04:41
13521,5784,166,INTERNAL_BOOK_TRANSFER,36903.01,USD,COMPLETED,Visa Direct Global,2026-08-16 23:09:58,2026-08-16 23:52:06
13522,5076,302,INTERNAL_BOOK_TRANSFER,113029.13,USD,COMPLETED,Apple Services US,2026-09-12 12:29:22,2026-09-12 14:09:15
13523,5049,491,ACH_DEBIT,35023.32,USD,PENDING,JPMorgan Settlement Corp,2026-09-12 06:30:58,2026-09-12 07:03:43
13524,5603,184,WIRE_TRANSFER,143598.0,USD,PENDING,Apple Services US,2026-08-09 16:52:49,2026-08-09 18:20:13
13525,5058,420,FX_CONVERSION,49724.22,USD,COMPLETED,JPMorgan Settlement Corp,2026-08-27 01:29:31,2026-08-27 02:36:58
13526,5009,414,FX_CONVERSION,38396.1,USD,PROCESSING,Oracle Cloud Infra,2026-08-28 01:11:14,2026-08-28 03:02:32
13527,5642,271,INTERNAL_BOOK_TRANSFER,115539.27,USD,FAILED,Walmart Global Vendor,2026-08-25 17:13:47,2026-08-25 18:47:54
13528,5677,77,FX_CONVERSION,133640.62,USD,COMPLETED,Oracle Cloud Infra,2026-08-06 20:10:59,2026-08-06 22:10:12
13529,5908,82,FX_CONVERSION,135937.37,USD,ON_HOLD,Oracle Cloud Infra,2026-07-19 23:31:24,2026-07-20 01:15:16
13530,5783,57,FX_CONVERSION,32770.0,USD,COMPLETED,Walmart Global Vendor,2026-08-09 04:20:02,2026-08-09 04:25:48
13531,5448,460,FX_CONVERSION,77148.27,USD,PENDING,Oracle Cloud Infra,2026-08-17 18:13:18,2026-08-17 19:46:25
13532,5965,426,MERCHANT_SETTLEMENT,72756.9,USD,PENDING,Apple Services US,2026-09-06 14:24:19,2026-09-06 14:26:55
13533,5626,486,MERCHANT_SETTLEMENT,41799.68,USD,FAILED,Oracle Cloud Infra,2026-08-10 01:38:13,2026-08-10 02:43:47
13534,5997,138,INTERNAL_BOOK_TRANSFER,42127.3,USD,COMPLETED,Visa Direct Global,2026-09-03 22:28:13,2026-09-03 23:14:00
13535,5151,41,ACH_CREDIT,53628.52,USD,COMPLETED,Stripe Clearing Inc,2026-09-04 04:36:12,2026-09-04 05:20:17
13536,5919,177,INTERNAL_BOOK_TRANSFER,118099.17,USD,COMPLETED,Visa Direct Global,2026-08-04 05:25:49,2026-08-04 06:34:34
13537,5717,319,MERCHANT_SETTLEMENT,41199.2,USD,ON_HOLD,Apple Services US,2026-08-15 15:54:32,2026-08-15 16:06:29
13538,5991,352,WIRE_TRANSFER,105870.62,USD,COMPLETED,Oracle Cloud Infra,2026-08-26 06:41:02,2026-08-26 08:14:29
13539,5909,476,ACH_CREDIT,64295.93,USD,COMPLETED,Stripe Clearing Inc,2026-07-31 06:18:09,2026-07-31 08:06:04
13540,5632,317,MERCHANT_SETTLEMENT,63674.8,USD,COMPLETED,Target Retail Network,2026-08-14 20:46:14,2026-08-14 22:10:01
13541,5417,183,CARD_AUTH,47761.42,USD,FAILED,Walmart Global Vendor,2026-08-31 03:19:44,2026-08-31 04:02:14
13542,5909,58,FX_CONVERSION,60510.6,USD,PROCESSING,Visa Direct Global,2026-08-30 06:12:43,2026-08-30 06:45:14
13543,5958,370,WIRE_TRANSFER,137029.45,USD,COMPLETED,Visa Direct Global,2026-08-08 21:03:19,2026-08-08 21:51:19
13544,5755,259,CARD_AUTH,27573.64,USD,FAILED,Stripe Clearing Inc,2026-08-27 06:31:25,2026-08-27 08:18:34
13545,5197,429,WIRE_TRANSFER,12902.53,USD,ON_HOLD,Walmart Global Vendor,2026-09-13 17:01:58,2026-09-13 18:06:57
13546,5668,328,ACH_CREDIT,25903.89,USD,COMPLETED,JPMorgan Settlement Corp,2026-08-01 01:57:39,2026-08-01 03:09:19
13547,5288,389,FX_CONVERSION,118787.35,USD,COMPLETED,Microsoft Azure Cloud,2026-09-16 02:20:37,2026-09-16 02:43:33
13548,5492,196,MERCHANT_SETTLEMENT,83005.97,USD,PROCESSING,Oracle Cloud Infra,2026-08-13 11:43:35,2026-08-13 12:43:10
13549,5671,356,WIRE_TRANSFER,143238.79,USD,FAILED,Oracle Cloud Infra,2026-07-23 02:01:55,2026-07-23 02:39:29
13550,5009,407,ACH_CREDIT,29500.75,USD,COMPLETED,Oracle Cloud Infra,2026-07-20 07:26:25,2026-07-20 07:36:19
13551,5859,438,ACH_DEBIT,130573.35,USD,PENDING,Target Retail Network,2026-08-25 04:57:00,2026-08-25 06:45:34
13552,5903,270,MERCHANT_SETTLEMENT,60052.06,USD,ON_HOLD,Apple Services US,2026-07-29 22:52:12,2026-07-29 23:39:30
13553,5335,134,ACH_DEBIT,62539.2,USD,COMPLETED,Walmart Global Vendor,2026-08-12 14:46:29,2026-08-12 16:06:32
13554,5158,457,MERCHANT_SETTLEMENT,6159.89,USD,PENDING,Apple Services US,2026-08-14 18:40:46,2026-08-14 20:22:56
13555,5845,207,INTERNAL_BOOK_TRANSFER,105084.91,USD,PENDING,JPMorgan Settlement Corp,2026-07-24 11:48:00,2026-07-24 13:13:58
13556,5341,384,ACH_CREDIT,59278.59,USD,ON_HOLD,Microsoft Azure Cloud,2026-09-13 11:51:21,2026-09-13 12:00:01
13557,5110,307,INTERNAL_BOOK_TRANSFER,22995.15,USD,PROCESSING,Walmart Global Vendor,2026-08-28 12:16:09,2026-08-28 13:16:54
13558,5757,321,INTERNAL_BOOK_TRANSFER,23056.17,USD,PROCESSING,Walmart Global Vendor,2026-07-23 22:58:29,2026-07-23 23:21:52
13559,5088,451,ACH_DEBIT,145478.27,USD,ON_HOLD,Target Retail Network,2026-09-11 21:52:04,2026-09-11 22:25:43
13560,5882,11,INTERNAL_BOOK_TRANSFER,74581.94,USD,COMPLETED,Walmart Global Vendor,2026-09-11 03:05:09,2026-09-11 03:24:10
13561,5092,469,ACH_CREDIT,57957.25,USD,PENDING,Microsoft Azure Cloud,2026-08-09 22:41:07,2026-08-10 00:04:07
13562,5380,204,MERCHANT_SETTLEMENT,96211.31,USD,COMPLETED,Microsoft Azure Cloud,2026-08-27 05:10:31,2026-08-27 05:10:56
13563,5457,288,FX_CONVERSION,116519.92,USD,COMPLETED,Apple Services US,2026-08-22 03:56:11,2026-08-22 04:07:29
13564,5683,401,FX_CONVERSION,104552.83,USD,COMPLETED,Visa Direct Global,2026-09-06 20:12:31,2026-09-06 20:21:25
13565,5468,248,ACH_DEBIT,55564.85,USD,COMPLETED,Visa Direct Global,2026-08-15 18:00:44,2026-08-15 18:41:37
13566,5099,407,ACH_DEBIT,90612.4,USD,COMPLETED,Walmart Global Vendor,2026-08-08 19:48:20,2026-08-08 21:20:11
13567,5103,220,ACH_DEBIT,92996.57,USD,COMPLETED,Oracle Cloud Infra,2026-08-12 13:35:01,2026-08-12 14:45:44
13568,5800,330,ACH_DEBIT,99453.13,USD,PENDING,Microsoft Azure Cloud,2026-08-31 12:59:11,2026-08-31 14:00:00
13569,5445,180,MERCHANT_SETTLEMENT,117025.4,USD,PROCESSING,Amazon AWS Services,2026-09-04 13:32:04,2026-09-04 13:34:42
13570,5371,167,ACH_DEBIT,108799.63,USD,COMPLETED,Target Retail Network,2026-08-18 12:36:37,2026-08-18 13:07:05
13571,5785,222,FX_CONVERSION,70626.09,USD,PENDING,Stripe Clearing Inc,2026-08-21 11:22:23,2026-08-21 13:19:51
13572,5421,410,FX_CONVERSION,26229.25,USD,COMPLETED,Amazon AWS Services,2026-09-14 08:32:27,2026-09-14 09:08:48
13573,5787,314,CARD_AUTH,134641.83,USD,PENDING,Fedwire Interbank Net,2026-08-12 05:19:13,2026-08-12 06:00:02
13574,5886,58,ACH_DEBIT,31596.49,USD,PROCESSING,Apple Services US,2026-09-03 03:04:37,2026-09-03 03:21:45
13575,5053,340,WIRE_TRANSFER,16491.18,USD,COMPLETED,Microsoft Azure Cloud,2026-09-02 17:06:34,2026-09-02 18:08:45
13576,5880,118,CARD_AUTH,43178.62,USD,COMPLETED,Target Retail Network,2026-07-26 18:58:32,2026-07-26 20:50:23
13577,5916,338,ACH_DEBIT,104142.96,USD,PENDING,JPMorgan Settlement Corp,2026-08-05 14:46:14,2026-08-05 15:34:25
13578,5966,188,MERCHANT_SETTLEMENT,144289.61,USD,COMPLETED,Fedwire Interbank Net,2026-08-13 12:56:38,2026-08-13 13:10:53
13579,5229,176,ACH_DEBIT,97232.64,USD,ON_HOLD,Apple Services US,2026-08-18 19:50:27,2026-08-18 20:03:32
13580,5403,274,ACH_DEBIT,131333.61,USD,COMPLETED,Apple Services US,2026-08-09 14:25:09,2026-08-09 15:49:49
13581,5682,161,ACH_CREDIT,35687.53,USD,COMPLETED,Oracle Cloud Infra,2026-08-24 10:17:13,2026-08-24 11:08:12
13582,5358,283,WIRE_TRANSFER,125102.71,USD,ON_HOLD,Visa Direct Global,2026-08-22 05:22:23,2026-08-22 06:28:49
13583,5765,307,ACH_DEBIT,124933.92,USD,COMPLETED,Oracle Cloud Infra,2026-07-29 07:28:38,2026-07-29 08:57:57
13584,5419,207,WIRE_TRANSFER,23329.13,USD,PROCESSING,Microsoft Azure Cloud,2026-07-31 05:42:01,2026-07-31 07:28:08
13585,5199,211,ACH_CREDIT,35769.85,USD,ON_HOLD,Microsoft Azure Cloud,2026-08-31 22:27:29,2026-08-31 22:27:49
13586,5308,10,MERCHANT_SETTLEMENT,15287.2,USD,PENDING,Visa Direct Global,2026-08-31 23:44:12,2026-09-01 01:10:47
13587,5734,50,ACH_DEBIT,109436.89,USD,PENDING,Visa Direct Global,2026-09-05 07:32:56,2026-09-05 09:11:22
13588,5829,413,CARD_AUTH,104037.97,USD,COMPLETED,Stripe Clearing Inc,2026-09-11 19:16:37,2026-09-11 20:04:23
13589,5731,164,FX_CONVERSION,51023.68,USD,COMPLETED,Oracle Cloud Infra,2026-08-09 20:50:23,2026-08-09 21:58:38
13590,5962,146,ACH_DEBIT,107090.0,USD,PENDING,Amazon AWS Services,2026-07-31 17:35:31,2026-07-31 18:38:36
13591,5027,98,FX_CONVERSION,123701.32,USD,COMPLETED,Amazon AWS Services,2026-07-27 09:08:06,2026-07-27 10:11:00
13592,5357,316,INTERNAL_BOOK_TRANSFER,4710.67,USD,FAILED,Amazon AWS Services,2026-07-30 00:06:45,2026-07-30 01:06:40
13593,5768,19,MERCHANT_SETTLEMENT,69015.56,USD,FAILED,Microsoft Azure Cloud,2026-09-13 14:44:30,2026-09-13 14:49:08
13594,5501,279,MERCHANT_SETTLEMENT,105117.0,USD,COMPLETED,Oracle Cloud Infra,2026-08-19 04:11:02,2026-08-19 04:53:57
13595,5697,51,MERCHANT_SETTLEMENT,135582.26,USD,COMPLETED,Stripe Clearing Inc,2026-08-24 06:40:03,2026-08-24 07:59:05
13596,5830,400,ACH_CREDIT,99695.92,USD,FAILED,Visa Direct Global,2026-08-30 00:16:34,2026-08-30 01:17:25
13597,5412,347,ACH_CREDIT,52957.59,USD,COMPLETED,Fedwire Interbank Net,2026-09-05 02:06:48,2026-09-05 02:39:40
13598,5377,451,INTERNAL_BOOK_TRANSFER,119342.76,USD,ON_HOLD,Oracle Cloud Infra,2026-09-15 12:41:53,2026-09-15 13:37:36
13599,5047,251,WIRE_TRANSFER,68182.1,USD,COMPLETED,Oracle Cloud Infra,2026-09-10 02:10:21,2026-09-10 02:39:42
13600,5277,399,WIRE_TRANSFER,145056.64,USD,COMPLETED,Walmart Global Vendor,2026-07-30 03:51:54,2026-07-30 05:34:49
13601,5199,314,WIRE_TRANSFER,11185.2,USD,COMPLETED,Amazon AWS Services,2026-09-16 10:15:47,2026-09-16 11:19:46
13602,5933,439,ACH_DEBIT,24766.57,USD,ON_HOLD,Microsoft Azure Cloud,2026-09-17 11:37:41,2026-09-17 12:08:43
13603,5443,208,CARD_AUTH,100864.17,USD,COMPLETED,Walmart Global Vendor,2026-09-04 09:44:55,2026-09-04 11:22:14
13604,5791,373,FX_CONVERSION,62121.9,USD,FAILED,Stripe Clearing Inc,2026-08-14 20:19:34,2026-08-14 21:30:40
13605,5987,12,ACH_CREDIT,105546.61,USD,FAILED,Amazon AWS Services,2026-07-24 19:53:24,2026-07-24 20:55:46
13606,5690,370,ACH_CREDIT,120693.89,USD,FAILED,Fedwire Interbank Net,2026-08-24 05:43:02,2026-08-24 06:59:40
13607,5834,79,MERCHANT_SETTLEMENT,123658.79,USD,PROCESSING,JPMorgan Settlement Corp,2026-08-22 02:19:54,2026-08-22 02:44:45
13608,5972,343,MERCHANT_SETTLEMENT,35612.14,USD,ON_HOLD,Apple Services US,2026-09-15 05:35:37,2026-09-15 06:11:48
13609,5725,399,CARD_AUTH,10270.19,USD,PROCESSING,Oracle Cloud Infra,2026-08-26 17:19:46,2026-08-26 18:18:26
13610,5962,299,WIRE_TRANSFER,13292.34,USD,COMPLETED,JPMorgan Settlement Corp,2026-08-07 20:46:22,2026-08-07 22:35:14
13611,5822,86,WIRE_TRANSFER,39596.89,USD,ON_HOLD,JPMorgan Settlement Corp,2026-08-20 02:43:02,2026-08-20 04:41:27
13612,5163,413,MERCHANT_SETTLEMENT,12414.65,USD,COMPLETED,Visa Direct Global,2026-09-05 07:45:49,2026-09-05 09:33:43
13613,5658,280,FX_CONVERSION,120909.26,USD,COMPLETED,Walmart Global Vendor,2026-08-18 13:06:52,2026-08-18 14:00:47
13614,5777,389,ACH_DEBIT,67739.73,USD,COMPLETED,Microsoft Azure Cloud,2026-08-25 11:30:30,2026-08-25 12:21:24
13615,5717,110,ACH_CREDIT,56233.65,USD,FAILED,Walmart Global Vendor,2026-08-16 00:36:01,2026-08-16 01:15:12
13616,5947,40,WIRE_TRANSFER,78128.01,USD,FAILED,Oracle Cloud Infra,2026-08-22 02:06:26,2026-08-22 02:18:10
13617,5219,196,MERCHANT_SETTLEMENT,28157.75,USD,COMPLETED,Walmart Global Vendor,2026-08-02 20:12:39,2026-08-02 20:20:38
13618,5212,283,CARD_AUTH,97219.16,USD,PROCESSING,Stripe Clearing Inc,2026-09-15 09:49:19,2026-09-15 10:18:56
13619,5456,429,INTERNAL_BOOK_TRANSFER,64340.49,USD,COMPLETED,Stripe Clearing Inc,2026-09-09 23:12:22,2026-09-10 00:58:45
13620,5920,144,CARD_AUTH,74511.1,USD,COMPLETED,Microsoft Azure Cloud,2026-08-25 21:53:58,2026-08-25 23:25:37
13621,5138,85,WIRE_TRANSFER,141919.17,USD,COMPLETED,Oracle Cloud Infra,2026-08-12 11:56:10,2026-08-12 12:23:19
13622,5249,166,ACH_DEBIT,146217.28,USD,COMPLETED,Stripe Clearing Inc,2026-08-06 17:52:58,2026-08-06 18:53:31
13623,5174,278,ACH_CREDIT,136715.0,USD,COMPLETED,Target Retail Network,2026-07-19 23:32:39,2026-07-20 00:42:06
13624,5494,450,CARD_AUTH,59249.33,USD,COMPLETED,Apple Services US,2026-09-04 17:01:12,2026-09-04 17:07:35
13625,5750,294,WIRE_TRANSFER,148707.91,USD,ON_HOLD,Apple Services US,2026-08-31 02:32:14,2026-08-31 02:47:07
13626,5995,279,ACH_CREDIT,116327.67,USD,PENDING,JPMorgan Settlement Corp,2026-09-16 10:29:38,2026-09-16 11:20:40
13627,5003,248,MERCHANT_SETTLEMENT,98139.67,USD,ON_HOLD,Stripe Clearing Inc,2026-08-29 05:12:17,2026-08-29 05:37:41
13628,5982,49,MERCHANT_SETTLEMENT,22114.01,USD,COMPLETED,Oracle Cloud Infra,2026-09-08 15:44:12,2026-09-08 17:39:43
13629,5529,203,FX_CONVERSION,7423.1,USD,COMPLETED,Stripe Clearing Inc,2026-09-06 11:11:40,2026-09-06 12:04:59
13630,5834,295,ACH_CREDIT,6731.78,USD,FAILED,JPMorgan Settlement Corp,2026-08-26 09:49:55,2026-08-26 11:45:21
13631,5305,336,ACH_DEBIT,119382.0,USD,COMPLETED,Visa Direct Global,2026-08-30 12:20:40,2026-08-30 13:24:32
13632,5306,56,FX_CONVERSION,91941.03,USD,PENDING,Amazon AWS Services,2026-08-20 04:11:07,2026-08-20 05:49:13
13633,5928,351,CARD_AUTH,34623.27,USD,ON_HOLD,Amazon AWS Services,2026-08-26 09:19:18,2026-08-26 11:06:30
13634,5934,129,CARD_AUTH,119645.71,USD,COMPLETED,Visa Direct Global,2026-09-05 01:29:51,2026-09-05 02:58:01
13635,5016,118,ACH_DEBIT,19625.43,USD,FAILED,Stripe Clearing Inc,2026-09-15 16:58:40,2026-09-15 18:00:16
13636,5700,28,WIRE_TRANSFER,82858.12,USD,ON_HOLD,Walmart Global Vendor,2026-09-12 01:31:38,2026-09-12 02:50:04
13637,5103,97,MERCHANT_SETTLEMENT,149020.68,USD,COMPLETED,Visa Direct Global,2026-08-26 19:28:20,2026-08-26 20:31:50
13638,5978,6,MERCHANT_SETTLEMENT,41609.23,USD,COMPLETED,Walmart Global Vendor,2026-08-12 18:23:49,2026-08-12 18:33:02
13639,5613,128,INTERNAL_BOOK_TRANSFER,135201.75,USD,ON_HOLD,JPMorgan Settlement Corp,2026-08-21 22:11:27,2026-08-21 22:34:59
13640,5412,408,WIRE_TRANSFER,21111.27,USD,COMPLETED,Fedwire Interbank Net,2026-09-13 07:11:54,2026-09-13 08:52:19
13641,5952,388,WIRE_TRANSFER,82571.91,USD,PROCESSING,Apple Services US,2026-08-24 10:33:58,2026-08-24 12:22:16
13642,5283,264,WIRE_TRANSFER,21256.57,USD,FAILED,Visa Direct Global,2026-08-11 08:08:55,2026-08-11 08:36:10
13643,5792,189,FX_CONVERSION,34638.18,USD,PROCESSING,Microsoft Azure Cloud,2026-08-07 11:27:09,2026-08-07 13:00:24
13644,5860,319,INTERNAL_BOOK_TRANSFER,12425.83,USD,PENDING,Walmart Global Vendor,2026-09-01 09:09:54,2026-09-01 09:42:39
13645,5907,412,ACH_DEBIT,127696.25,USD,PENDING,Microsoft Azure Cloud,2026-08-21 15:32:07,2026-08-21 16:06:50
13646,5387,294,ACH_CREDIT,115729.08,USD,ON_HOLD,Walmart Global Vendor,2026-07-31 16:19:32,2026-07-31 16:23:09
13647,5898,84,INTERNAL_BOOK_TRANSFER,12246.54,USD,COMPLETED,Stripe Clearing Inc,2026-08-03 10:33:31,2026-08-03 11:47:44
13648,5251,97,WIRE_TRANSFER,85714.45,USD,COMPLETED,Oracle Cloud Infra,2026-09-14 10:02:30,2026-09-14 11:39:02
13649,5494,290,FX_CONVERSION,1815.36,USD,COMPLETED,Walmart Global Vendor,2026-09-16 08:37:30,2026-09-16 09:39:32
13650,5103,253,MERCHANT_SETTLEMENT,12240.31,USD,PENDING,Amazon AWS Services,2026-08-07 11:44:07,2026-08-07 11:48:39
13651,5354,211,FX_CONVERSION,67799.16,USD,COMPLETED,Visa Direct Global,2026-08-18 06:53:42,2026-08-18 07:03:50
13652,5133,130,INTERNAL_BOOK_TRANSFER,57313.79,USD,COMPLETED,Stripe Clearing Inc,2026-08-26 21:34:14,2026-08-26 22:08:54
13653,5554,415,ACH_CREDIT,114121.03,USD,ON_HOLD,Oracle Cloud Infra,2026-09-15 03:57:38,2026-09-15 04:41:30
13654,5214,123,MERCHANT_SETTLEMENT,57793.41,USD,COMPLETED,Stripe Clearing Inc,2026-09-11 22:29:46,2026-09-11 23:31:46
13655,5783,427,MERCHANT_SETTLEMENT,68639.6,USD,FAILED,Fedwire Interbank Net,2026-07-25 17:04:28,2026-07-25 17:05:49
13656,5398,144,ACH_CREDIT,46542.19,USD,ON_HOLD,Visa Direct Global,2026-09-02 00:06:21,2026-09-02 01:38:46
13657,5651,343,CARD_AUTH,34996.23,USD,COMPLETED,Apple Services US,2026-08-11 18:28:10,2026-08-11 18:34:20
13658,5234,116,ACH_CREDIT,39648.26,USD,FAILED,Fedwire Interbank Net,2026-09-01 15:07:00,2026-09-01 15:52:35
13659,5935,387,MERCHANT_SETTLEMENT,134423.2,USD,COMPLETED,Walmart Global Vendor,2026-07-31 02:47:37,2026-07-31 04:34:07
13660,5001,155,FX_CONVERSION,42154.26,USD,PROCESSING,Amazon AWS Services,2026-09-14 18:45:40,2026-09-14 19:27:11
13661,5718,448,MERCHANT_SETTLEMENT,108811.27,USD,COMPLETED,Stripe Clearing Inc,2026-09-10 09:19:38,2026-09-10 09:32:22
13662,5353,199,WIRE_TRANSFER,128470.52,USD,FAILED,Microsoft Azure Cloud,2026-08-04 13:43:09,2026-08-04 14:49:16
13663,5053,233,FX_CONVERSION,116923.2,USD,PROCESSING,Walmart Global Vendor,2026-09-14 02:37:10,2026-09-14 04:15:17
13664,5912,154,CARD_AUTH,71611.18,USD,FAILED,Stripe Clearing Inc,2026-07-30 00:52:20,2026-07-30 01:07:05
13665,5053,248,FX_CONVERSION,70911.92,USD,COMPLETED,Apple Services US,2026-08-23 23:25:32,2026-08-24 00:05:12
13666,5690,381,ACH_DEBIT,62763.97,USD,PENDING,JPMorgan Settlement Corp,2026-09-07 12:12:08,2026-09-07 13:29:23
13667,5810,234,ACH_CREDIT,24984.17,USD,ON_HOLD,Visa Direct Global,2026-08-09 05:18:43,2026-08-09 05:59:13
13668,5520,173,ACH_DEBIT,141492.45,USD,ON_HOLD,Amazon AWS Services,2026-08-08 13:18:07,2026-08-08 14:37:23
13669,5011,312,FX_CONVERSION,38692.09,USD,ON_HOLD,Fedwire Interbank Net,2026-09-09 03:05:22,2026-09-09 05:02:37
13670,5358,380,MERCHANT_SETTLEMENT,1736.38,USD,PENDING,Fedwire Interbank Net,2026-09-15 02:52:47,2026-09-15 04:32:23
13671,5612,94,CARD_AUTH,143079.85,USD,ON_HOLD,Fedwire Interbank Net,2026-07-26 09:28:30,2026-07-26 09:58:24
13672,5532,68,MERCHANT_SETTLEMENT,117273.73,USD,PENDING,Amazon AWS Services,2026-08-31 19:42:28,2026-08-31 20:42:43
13673,5912,234,MERCHANT_SETTLEMENT,89431.81,USD,PENDING,Amazon AWS Services,2026-08-08 17:44:11,2026-08-08 19:02:01
13674,5579,458,CARD_AUTH,60955.32,USD,PENDING,Target Retail Network,2026-09-06 01:52:13,2026-09-06 02:56:15
13675,5604,95,INTERNAL_BOOK_TRANSFER,121189.46,USD,PENDING,Stripe Clearing Inc,2026-07-28 02:45:53,2026-07-28 02:53:29
13676,5970,225,CARD_AUTH,35773.85,USD,COMPLETED,Stripe Clearing Inc,2026-08-01 10:43:51,2026-08-01 11:59:33
13677,5612,215,ACH_CREDIT,28135.42,USD,FAILED,Amazon AWS Services,2026-08-28 07:50:19,2026-08-28 09:04:04
13678,5991,462,INTERNAL_BOOK_TRANSFER,137445.14,USD,COMPLETED,Target Retail Network,2026-08-04 17:50:00,2026-08-04 18:21:44
13679,5198,351,CARD_AUTH,36297.79,USD,FAILED,JPMorgan Settlement Corp,2026-08-09 18:19:49,2026-08-09 19:44:06
13680,5604,476,ACH_CREDIT,37853.74,USD,PENDING,Amazon AWS Services,2026-08-27 18:29:04,2026-08-27 20:20:20
13681,5726,456,WIRE_TRANSFER,125181.99,USD,PENDING,Visa Direct Global,2026-08-13 22:19:45,2026-08-13 23:56:27
13682,5233,349,WIRE_TRANSFER,59839.33,USD,COMPLETED,JPMorgan Settlement Corp,2026-08-07 08:12:07,2026-08-07 08:58:45
13683,5449,276,MERCHANT_SETTLEMENT,48485.07,USD,COMPLETED,Visa Direct Global,2026-08-18 11:41:07,2026-08-18 11:53:32
13684,5140,259,ACH_DEBIT,36385.33,USD,ON_HOLD,Amazon AWS Services,2026-07-23 00:40:51,2026-07-23 02:28:10
13685,5392,442,ACH_DEBIT,38090.29,USD,FAILED,Oracle Cloud Infra,2026-08-21 11:28:50,2026-08-21 12:08:08
13686,5545,246,CARD_AUTH,142063.63,USD,COMPLETED,Stripe Clearing Inc,2026-07-31 03:06:50,2026-07-31 04:25:55
13687,5647,386,CARD_AUTH,119938.66,USD,FAILED,Amazon AWS Services,2026-08-13 16:07:10,2026-08-13 16:30:00
13688,5371,180,ACH_DEBIT,135679.58,USD,PROCESSING,Amazon AWS Services,2026-08-20 06:42:25,2026-08-20 07:16:18
13689,5998,228,MERCHANT_SETTLEMENT,114026.01,USD,COMPLETED,JPMorgan Settlement Corp,2026-08-24 06:39:48,2026-08-24 07:25:21
13690,5820,16,MERCHANT_SETTLEMENT,83580.92,USD,PENDING,Oracle Cloud Infra,2026-09-09 06:50:22,2026-09-09 08:17:29
13691,5984,229,FX_CONVERSION,59548.49,USD,ON_HOLD,JPMorgan Settlement Corp,2026-07-23 21:44:19,2026-07-23 22:15:37
13692,5740,303,ACH_CREDIT,25338.77,USD,COMPLETED,Stripe Clearing Inc,2026-09-04 11:30:01,2026-09-04 11:34:46
13693,5924,461,WIRE_TRANSFER,93224.47,USD,ON_HOLD,Walmart Global Vendor,2026-09-12 05:05:27,2026-09-12 06:00:19
13694,5988,213,ACH_CREDIT,142714.32,USD,FAILED,Visa Direct Global,2026-08-01 14:41:50,2026-08-01 15:55:38
13695,5831,242,FX_CONVERSION,78684.65,USD,PENDING,JPMorgan Settlement Corp,2026-09-08 06:02:52,2026-09-08 07:10:48
13696,5208,424,CARD_AUTH,104957.83,USD,COMPLETED,JPMorgan Settlement Corp,2026-08-18 21:27:34,2026-08-18 22:45:07
13697,5371,409,MERCHANT_SETTLEMENT,26073.24,USD,FAILED,Stripe Clearing Inc,2026-09-03 20:00:47,2026-09-03 21:31:52
13698,5592,201,ACH_DEBIT,45080.4,USD,PENDING,Amazon AWS Services,2026-08-11 14:05:24,2026-08-11 14:32:03
13699,5779,94,FX_CONVERSION,83517.49,USD,COMPLETED,Apple Services US,2026-07-20 06:13:52,2026-07-20 06:16:35
13700,5332,41,INTERNAL_BOOK_TRANSFER,6223.56,USD,PROCESSING,Apple Services US,2026-08-19 03:17:41,2026-08-19 04:03:58
13701,5702,41,ACH_CREDIT,140851.06,USD,COMPLETED,JPMorgan Settlement Corp,2026-07-20 04:13:15,2026-07-20 04:24:33
13702,5741,455,MERCHANT_SETTLEMENT,54144.14,USD,COMPLETED,Microsoft Azure Cloud,2026-07-26 07:28:48,2026-07-26 08:23:16
13703,5283,272,MERCHANT_SETTLEMENT,92936.8,USD,ON_HOLD,Stripe Clearing Inc,2026-07-25 05:13:12,2026-07-25 07:11:51
13704,5910,138,MERCHANT_SETTLEMENT,62272.78,USD,FAILED,Apple Services US,2026-08-19 20:20:53,2026-08-19 21:49:44
13705,5758,10,CARD_AUTH,14674.29,USD,COMPLETED,Fedwire Interbank Net,2026-09-13 06:39:07,2026-09-13 07:40:16
13706,5259,142,ACH_CREDIT,123789.95,USD,COMPLETED,Fedwire Interbank Net,2026-07-25 04:52:02,2026-07-25 05:57:49
13707,5548,466,CARD_AUTH,51264.94,USD,ON_HOLD,Oracle Cloud Infra,2026-08-07 03:19:56,2026-08-07 03:47:33
13708,5014,294,ACH_DEBIT,76165.85,USD,PENDING,JPMorgan Settlement Corp,2026-08-11 22:08:09,2026-08-11 23:42:16
13709,5569,111,MERCHANT_SETTLEMENT,80248.17,USD,ON_HOLD,Amazon AWS Services,2026-08-30 04:59:34,2026-08-30 05:06:20
13710,5815,46,CARD_AUTH,38961.24,USD,PENDING,Visa Direct Global,2026-08-03 17:31:10,2026-08-03 18:02:31
13711,5138,206,MERCHANT_SETTLEMENT,11345.17,USD,ON_HOLD,Oracle Cloud Infra,2026-08-22 01:14:58,2026-08-22 02:23:20
13712,5721,52,FX_CONVERSION,95149.5,USD,COMPLETED,Stripe Clearing Inc,2026-08-24 06:14:30,2026-08-24 06:20:37
13713,5740,55,FX_CONVERSION,64857.3,USD,PROCESSING,Apple Services US,2026-08-01 15:53:58,2026-08-01 15:57:49
13714,5633,67,ACH_DEBIT,11065.72,USD,COMPLETED,Amazon AWS Services,2026-07-31 09:25:45,2026-07-31 11:21:39
13715,5576,80,FX_CONVERSION,108580.43,USD,COMPLETED,JPMorgan Settlement Corp,2026-08-11 22:59:30,2026-08-11 23:30:33
13716,5722,77,FX_CONVERSION,67508.52,USD,COMPLETED,Microsoft Azure Cloud,2026-09-13 16:25:53,2026-09-13 17:54:21
13717,5872,102,CARD_AUTH,71505.93,USD,COMPLETED,Oracle Cloud Infra,2026-08-04 12:09:07,2026-08-04 13:30:13
13718,5932,53,ACH_DEBIT,80340.78,USD,ON_HOLD,Walmart Global Vendor,2026-08-20 03:44:55,2026-08-20 05:35:40
13719,5128,40,MERCHANT_SETTLEMENT,126351.7,USD,FAILED,Visa Direct Global,2026-08-31 21:30:27,2026-08-31 21:41:54
13720,5290,308,ACH_CREDIT,146040.01,USD,FAILED,Apple Services US,2026-08-21 06:37:20,2026-08-21 08:30:48
13721,5959,236,ACH_DEBIT,104406.43,USD,COMPLETED,Microsoft Azure Cloud,2026-08-06 15:23:59,2026-08-06 16:04:53
13722,5575,416,MERCHANT_SETTLEMENT,124013.3,USD,PROCESSING,Fedwire Interbank Net,2026-08-04 04:59:21,2026-08-04 05:52:03
13723,5134,178,FX_CONVERSION,11982.73,USD,PROCESSING,Target Retail Network,2026-07-26 15:05:31,2026-07-26 15:29:52
13724,5308,335,FX_CONVERSION,142871.66,USD,FAILED,Apple Services US,2026-09-01 11:15:20,2026-09-01 11:47:35
13725,5778,474,INTERNAL_BOOK_TRANSFER,65150.92,USD,FAILED,Apple Services US,2026-09-04 10:17:24,2026-09-04 10:40:56
13726,5904,385,ACH_DEBIT,44577.97,USD,ON_HOLD,Microsoft Azure Cloud,2026-08-08 00:06:09,2026-08-08 01:32:12
13727,5905,176,CARD_AUTH,45662.84,USD,PENDING,Oracle Cloud Infra,2026-09-05 22:09:13,2026-09-05 22:31:47
13728,5619,499,CARD_AUTH,56474.66,USD,PENDING,Stripe Clearing Inc,2026-08-21 14:20:20,2026-08-21 15:15:51
13729,5771,365,CARD_AUTH,46125.44,USD,PROCESSING,Amazon AWS Services,2026-08-04 00:53:20,2026-08-04 02:17:09
13730,5938,293,WIRE_TRANSFER,114440.93,USD,COMPLETED,Microsoft Azure Cloud,2026-09-09 15:56:36,2026-09-09 17:25:03
13731,5020,329,ACH_DEBIT,18826.46,USD,PENDING,Visa Direct Global,2026-08-29 11:33:22,2026-08-29 11:40:21
13732,5642,16,INTERNAL_BOOK_TRANSFER,7500.12,USD,COMPLETED,Amazon AWS Services,2026-09-16 05:09:06,2026-09-16 05:18:10
13733,5430,358,ACH_DEBIT,72452.57,USD,PENDING,Fedwire Interbank Net,2026-08-01 04:44:19,2026-08-01 05:23:43
13734,5901,86,MERCHANT_SETTLEMENT,57307.21,USD,FAILED,JPMorgan Settlement Corp,2026-08-01 01:07:03,2026-08-01 01:57:06
13735,5268,305,ACH_CREDIT,138428.38,USD,COMPLETED,Fedwire Interbank Net,2026-09-16 00:55:45,2026-09-16 01:27:21
13736,5055,305,CARD_AUTH,12702.63,USD,COMPLETED,Amazon AWS Services,2026-07-29 13:23:01,2026-07-29 14:55:46
13737,5341,76,MERCHANT_SETTLEMENT,36278.36,USD,ON_HOLD,Stripe Clearing Inc,2026-09-02 11:54:57,2026-09-02 12:20:12
13738,5840,94,MERCHANT_SETTLEMENT,46628.44,USD,COMPLETED,Microsoft Azure Cloud,2026-09-05 12:40:52,2026-09-05 14:39:13
13739,5337,216,FX_CONVERSION,145449.54,USD,COMPLETED,Amazon AWS Services,2026-07-26 05:02:18,2026-07-26 06:13:36
13740,5273,65,FX_CONVERSION,119582.95,USD,COMPLETED,Walmart Global Vendor,2026-09-17 03:04:59,2026-09-17 04:17:05
13741,5755,140,MERCHANT_SETTLEMENT,120174.17,USD,COMPLETED,JPMorgan Settlement Corp,2026-09-13 16:06:14,2026-09-13 17:19:52
13742,5653,125,CARD_AUTH,119095.54,USD,FAILED,Walmart Global Vendor,2026-09-17 16:13:09,2026-09-17 17:10:12
13743,5701,213,INTERNAL_BOOK_TRANSFER,72208.15,USD,PENDING,Stripe Clearing Inc,2026-08-23 02:06:52,2026-08-23 02:40:58
13744,5884,305,WIRE_TRANSFER,118451.95,USD,COMPLETED,Fedwire Interbank Net,2026-08-04 16:48:48,2026-08-04 18:30:09
13745,5309,239,INTERNAL_BOOK_TRANSFER,116911.49,USD,PENDING,Walmart Global Vendor,2026-07-20 20:27:55,2026-07-20 20:33:49
13746,5737,104,ACH_CREDIT,90777.15,USD,COMPLETED,Visa Direct Global,2026-07-23 12:10:01,2026-07-23 13:46:06
13747,5995,326,WIRE_TRANSFER,64863.07,USD,FAILED,Apple Services US,2026-08-28 07:10:08,2026-08-28 07:19:26
13748,5886,431,INTERNAL_BOOK_TRANSFER,46782.17,USD,COMPLETED,Apple Services US,2026-09-06 16:24:02,2026-09-06 17:30:51
13749,5256,432,INTERNAL_BOOK_TRANSFER,105857.24,USD,COMPLETED,Microsoft Azure Cloud,2026-07-24 22:05:55,2026-07-24 23:43:32
13750,5944,146,ACH_CREDIT,96203.79,USD,COMPLETED,Fedwire Interbank Net,2026-09-05 15:52:00,2026-09-05 17:13:49
13751,5148,371,INTERNAL_BOOK_TRANSFER,112495.13,USD,ON_HOLD,Fedwire Interbank Net,2026-08-31 19:44:36,2026-08-31 20:34:20
13752,5831,442,ACH_DEBIT,141914.77,USD,COMPLETED,Visa Direct Global,2026-08-07 21:32:21,2026-08-07 22:14:10
13753,5979,119,INTERNAL_BOOK_TRANSFER,86196.14,USD,PROCESSING,Amazon AWS Services,2026-08-15 17:38:20,2026-08-15 18:22:02
13754,5875,109,INTERNAL_BOOK_TRANSFER,116686.59,USD,PROCESSING,JPMorgan Settlement Corp,2026-08-22 11:46:45,2026-08-22 12:10:39
13755,5526,241,FX_CONVERSION,104094.79,USD,COMPLETED,Apple Services US,2026-08-08 01:26:33,2026-08-08 02:00:30
13756,5848,409,CARD_AUTH,76653.66,USD,COMPLETED,Target Retail Network,2026-07-21 17:39:38,2026-07-21 18:45:26
13757,5239,142,ACH_DEBIT,37301.98,USD,FAILED,Target Retail Network,2026-07-24 17:22:58,2026-07-24 17:47:44
13758,5236,217,ACH_DEBIT,15243.54,USD,COMPLETED,JPMorgan Settlement Corp,2026-08-17 06:47:25,2026-08-17 08:31:00
13759,5488,478,ACH_DEBIT,3270.77,USD,PROCESSING,Oracle Cloud Infra,2026-08-25 03:58:19,2026-08-25 04:24:27
13760,5732,420,MERCHANT_SETTLEMENT,23613.87,USD,COMPLETED,Target Retail Network,2026-08-22 11:58:06,2026-08-22 12:04:18
13761,5332,469,WIRE_TRANSFER,59979.47,USD,COMPLETED,Target Retail Network,2026-08-01 15:30:50,2026-08-01 16:15:30
13762,5099,420,WIRE_TRANSFER,73134.12,USD,COMPLETED,Walmart Global Vendor,2026-08-23 10:27:49,2026-08-23 11:12:10
13763,5548,440,MERCHANT_SETTLEMENT,8144.97,USD,PROCESSING,Microsoft Azure Cloud,2026-07-24 21:42:07,2026-07-24 22:19:31
13764,5156,78,INTERNAL_BOOK_TRANSFER,122677.59,USD,ON_HOLD,Microsoft Azure Cloud,2026-08-21 22:05:58,2026-08-21 22:59:44
13765,5313,37,WIRE_TRANSFER,89070.05,USD,COMPLETED,Walmart Global Vendor,2026-08-24 23:12:11,2026-08-25 01:09:07
13766,5090,68,ACH_DEBIT,34905.1,USD,FAILED,Amazon AWS Services,2026-09-05 00:57:53,2026-09-05 02:43:11
13767,5530,39,FX_CONVERSION,13693.14,USD,COMPLETED,Walmart Global Vendor,2026-07-21 21:27:12,2026-07-21 22:14:58
13768,5733,381,ACH_CREDIT,109390.8,USD,COMPLETED,Visa Direct Global,2026-08-13 11:28:00,2026-08-13 13:12:08
13769,5998,36,FX_CONVERSION,106949.91,USD,PENDING,Stripe Clearing Inc,2026-08-21 04:08:24,2026-08-21 05:42:57
13770,5510,440,CARD_AUTH,47126.34,USD,PENDING,Stripe Clearing Inc,2026-08-26 21:58:13,2026-08-26 22:57:18
13771,5817,119,ACH_CREDIT,143819.92,USD,ON_HOLD,JPMorgan Settlement Corp,2026-08-15 18:46:55,2026-08-15 19:42:55
13772,5252,9,CARD_AUTH,117580.61,USD,COMPLETED,Fedwire Interbank Net,2026-08-01 20:18:41,2026-08-01 22:14:11
13773,5873,39,INTERNAL_BOOK_TRANSFER,100450.65,USD,PROCESSING,Walmart Global Vendor,2026-08-30 19:44:39,2026-08-30 20:17:09
13774,5324,68,WIRE_TRANSFER,131103.33,USD,COMPLETED,Apple Services US,2026-08-31 03:18:04,2026-08-31 03:28:08
13775,5321,22,ACH_DEBIT,23097.99,USD,COMPLETED,Visa Direct Global,2026-09-12 10:12:15,2026-09-12 11:42:22
13776,5395,257,CARD_AUTH,53791.26,USD,ON_HOLD,Fedwire Interbank Net,2026-09-15 15:43:39,2026-09-15 16:44:32
13777,5472,450,WIRE_TRANSFER,45928.49,USD,ON_HOLD,Target Retail Network,2026-08-29 20:10:11,2026-08-29 20:13:32
13778,5935,478,FX_CONVERSION,6329.36,USD,FAILED,Visa Direct Global,2026-07-23 12:10:55,2026-07-23 12:25:55
13779,5046,41,ACH_DEBIT,114799.56,USD,PENDING,Stripe Clearing Inc,2026-07-24 16:24:28,2026-07-24 18:04:35
13780,5222,308,ACH_CREDIT,72851.95,USD,PROCESSING,Oracle Cloud Infra,2026-09-06 10:48:16,2026-09-06 12:04:26
13781,5101,276,FX_CONVERSION,31088.82,USD,COMPLETED,Fedwire Interbank Net,2026-07-30 22:45:43,2026-07-30 23:38:29
13782,5961,125,FX_CONVERSION,78462.57,USD,PENDING,Oracle Cloud Infra,2026-09-03 18:14:55,2026-09-03 19:51:37
13783,5549,376,ACH_DEBIT,13312.49,USD,FAILED,Walmart Global Vendor,2026-08-29 15:31:23,2026-08-29 16:52:49
13784,5047,180,INTERNAL_BOOK_TRANSFER,5302.29,USD,PROCESSING,Fedwire Interbank Net,2026-08-21 06:12:48,2026-08-21 07:07:31
13785,5777,286,FX_CONVERSION,113805.67,USD,PENDING,Apple Services US,2026-08-05 22:06:25,2026-08-05 23:18:02
13786,5036,7,MERCHANT_SETTLEMENT,142388.25,USD,ON_HOLD,Apple Services US,2026-08-04 00:39:32,2026-08-04 02:32:08
13787,5002,371,INTERNAL_BOOK_TRANSFER,147527.81,USD,COMPLETED,Microsoft Azure Cloud,2026-09-01 06:21:18,2026-09-01 06:42:27
13788,5648,99,MERCHANT_SETTLEMENT,31636.88,USD,PENDING,Microsoft Azure Cloud,2026-07-21 13:06:50,2026-07-21 14:10:33
13789,5529,115,INTERNAL_BOOK_TRANSFER,108671.54,USD,FAILED,Amazon AWS Services,2026-09-09 14:50:22,2026-09-09 15:20:45
13790,5051,394,MERCHANT_SETTLEMENT,90559.17,USD,PROCESSING,Visa Direct Global,2026-09-14 12:33:43,2026-09-14 13:59:39
13791,5584,191,WIRE_TRANSFER,96240.63,USD,COMPLETED,Microsoft Azure Cloud,2026-09-16 19:29:58,2026-09-16 20:44:57
13792,5210,211,MERCHANT_SETTLEMENT,133757.58,USD,COMPLETED,Fedwire Interbank Net,2026-09-04 12:07:47,2026-09-04 12:43:50
13793,5578,19,MERCHANT_SETTLEMENT,56853.56,USD,PROCESSING,Fedwire Interbank Net,2026-09-01 11:02:34,2026-09-01 11:53:31
13794,5071,445,FX_CONVERSION,50660.83,USD,PENDING,Stripe Clearing Inc,2026-07-27 23:30:27,2026-07-28 00:28:33
13795,5312,182,MERCHANT_SETTLEMENT,6839.41,USD,ON_HOLD,Visa Direct Global,2026-08-24 07:18:52,2026-08-24 09:11:02
13796,5412,107,ACH_DEBIT,37360.72,USD,FAILED,Stripe Clearing Inc,2026-09-06 17:39:53,2026-09-06 17:46:37
13797,5939,321,INTERNAL_BOOK_TRANSFER,65848.64,USD,PROCESSING,JPMorgan Settlement Corp,2026-07-21 09:39:12,2026-07-21 11:17:33
13798,5034,69,ACH_DEBIT,79400.4,USD,COMPLETED,Fedwire Interbank Net,2026-08-20 23:42:03,2026-08-21 01:25:40
13799,5810,110,ACH_CREDIT,115585.41,USD,ON_HOLD,Apple Services US,2026-09-04 15:10:14,2026-09-04 16:58:48
13800,5248,10,INTERNAL_BOOK_TRANSFER,30029.83,USD,PENDING,Apple Services US,2026-09-11 22:09:47,2026-09-11 23:15:32
13801,5111,304,CARD_AUTH,24154.64,USD,PENDING,Stripe Clearing Inc,2026-08-24 20:40:30,2026-08-24 21:19:14
13802,5561,247,INTERNAL_BOOK_TRANSFER,23076.42,USD,FAILED,Stripe Clearing Inc,2026-08-02 18:19:48,2026-08-02 18:55:44
13803,5681,30,ACH_CREDIT,143091.63,USD,FAILED,Microsoft Azure Cloud,2026-08-21 13:04:23,2026-08-21 13:48:19
13804,5025,337,WIRE_TRANSFER,149518.23,USD,COMPLETED,Visa Direct Global,2026-07-22 20:49:23,2026-07-22 21:58:43
13805,5763,369,WIRE_TRANSFER,99879.72,USD,PROCESSING,Oracle Cloud Infra,2026-08-09 02:15:55,2026-08-09 03:33:33
13806,5867,254,MERCHANT_SETTLEMENT,94674.02,USD,COMPLETED,Oracle Cloud Infra,2026-09-07 08:09:41,2026-09-07 09:15:04
13807,5139,159,MERCHANT_SETTLEMENT,14632.52,USD,COMPLETED,Amazon AWS Services,2026-08-08 10:55:33,2026-08-08 12:44:37
13808,5813,396,ACH_DEBIT,37328.75,USD,COMPLETED,Amazon AWS Services,2026-07-22 11:50:36,2026-07-22 11:54:46
13809,5595,41,ACH_DEBIT,33530.05,USD,COMPLETED,Visa Direct Global,2026-08-18 15:37:47,2026-08-18 17:02:18
13810,5960,116,WIRE_TRANSFER,73770.75,USD,ON_HOLD,Microsoft Azure Cloud,2026-07-30 03:35:58,2026-07-30 04:35:48
13811,5582,290,INTERNAL_BOOK_TRANSFER,61931.46,USD,COMPLETED,Fedwire Interbank Net,2026-08-26 10:40:42,2026-08-26 11:01:37
13812,5525,318,MERCHANT_SETTLEMENT,103985.88,USD,COMPLETED,Stripe Clearing Inc,2026-09-08 11:48:49,2026-09-08 13:11:35
13813,5818,194,ACH_CREDIT,21812.62,USD,COMPLETED,Apple Services US,2026-08-20 14:26:59,2026-08-20 15:53:20
13814,5414,29,WIRE_TRANSFER,24911.31,USD,COMPLETED,Amazon AWS Services,2026-08-01 09:51:08,2026-08-01 10:21:51
13815,5919,489,ACH_DEBIT,5867.45,USD,PENDING,Apple Services US,2026-09-01 16:05:36,2026-09-01 18:02:09
13816,5869,500,WIRE_TRANSFER,27688.63,USD,COMPLETED,Walmart Global Vendor,2026-09-08 04:19:46,2026-09-08 05:36:50
13817,5755,23,CARD_AUTH,39377.99,USD,PROCESSING,JPMorgan Settlement Corp,2026-09-07 00:47:45,2026-09-07 00:49:28
13818,5345,36,MERCHANT_SETTLEMENT,60397.28,USD,COMPLETED,Oracle Cloud Infra,2026-07-30 23:10:38,2026-07-31 01:06:44
13819,5185,112,FX_CONVERSION,19085.72,USD,PROCESSING,Oracle Cloud Infra,2026-08-17 08:38:14,2026-08-17 10:23:37
13820,5283,249,INTERNAL_BOOK_TRANSFER,92141.54,USD,PROCESSING,Oracle Cloud Infra,2026-08-25 21:00:13,2026-08-25 22:49:28
13821,5199,214,WIRE_TRANSFER,48974.93,USD,PENDING,Fedwire Interbank Net,2026-09-17 04:39:59,2026-09-17 05:24:09
13822,5850,283,CARD_AUTH,121807.51,USD,FAILED,Microsoft Azure Cloud,2026-08-18 05:13:13,2026-08-18 05:54:39
13823,5160,8,ACH_CREDIT,24032.02,USD,COMPLETED,Oracle Cloud Infra,2026-08-03 07:22:27,2026-08-03 07:56:48
13824,5550,279,CARD_AUTH,58948.42,USD,ON_HOLD,Stripe Clearing Inc,2026-08-12 13:04:09,2026-08-12 15:02:47
13825,5473,121,MERCHANT_SETTLEMENT,11544.95,USD,COMPLETED,Amazon AWS Services,2026-08-10 19:14:11,2026-08-10 19:24:19
13826,5858,428,CARD_AUTH,16504.21,USD,PROCESSING,Amazon AWS Services,2026-08-03 15:07:14,2026-08-03 15:59:14
13827,5696,195,INTERNAL_BOOK_TRANSFER,88084.59,USD,COMPLETED,Microsoft Azure Cloud,2026-07-31 14:56:12,2026-07-31 16:18:47
13828,5781,128,INTERNAL_BOOK_TRANSFER,86073.85,USD,COMPLETED,Fedwire Interbank Net,2026-07-28 02:27:49,2026-07-28 02:31:14
13829,5271,233,CARD_AUTH,118198.83,USD,FAILED,Oracle Cloud Infra,2026-09-12 22:58:57,2026-09-13 00:52:48
13830,5763,64,CARD_AUTH,15313.26,USD,PROCESSING,Visa Direct Global,2026-07-31 23:29:43,2026-08-01 01:09:57
13831,5323,434,MERCHANT_SETTLEMENT,143463.07,USD,ON_HOLD,Visa Direct Global,2026-08-02 17:01:08,2026-08-02 17:42:41
13832,5744,249,MERCHANT_SETTLEMENT,84041.05,USD,ON_HOLD,Target Retail Network,2026-08-16 22:16:32,2026-08-16 22:25:16
13833,5993,24,ACH_CREDIT,39293.87,USD,COMPLETED,Stripe Clearing Inc,2026-08-08 01:09:14,2026-08-08 02:52:29
13834,5072,265,WIRE_TRANSFER,16652.32,USD,FAILED,Oracle Cloud Infra,2026-07-29 21:06:12,2026-07-29 21:48:53
13835,5010,486,ACH_DEBIT,138246.47,USD,ON_HOLD,Target Retail Network,2026-08-04 00:36:39,2026-08-04 01:19:43
13836,5652,60,MERCHANT_SETTLEMENT,131084.36,USD,ON_HOLD,Amazon AWS Services,2026-08-18 21:27:55,2026-08-18 22:10:34
13837,5462,20,FX_CONVERSION,54190.06,USD,COMPLETED,Visa Direct Global,2026-08-15 12:18:43,2026-08-15 14:06:59
13838,5049,414,MERCHANT_SETTLEMENT,67999.24,USD,COMPLETED,Oracle Cloud Infra,2026-09-02 08:47:07,2026-09-02 09:59:05
13839,5218,36,WIRE_TRANSFER,29710.33,USD,COMPLETED,Walmart Global Vendor,2026-08-26 15:53:49,2026-08-26 16:31:00
13840,5323,243,ACH_CREDIT,141956.26,USD,COMPLETED,Apple Services US,2026-08-20 16:21:03,2026-08-20 17:51:26
13841,5484,308,ACH_DEBIT,118589.26,USD,PENDING,Microsoft Azure Cloud,2026-07-22 11:26:03,2026-07-22 11:56:30
13842,5220,440,MERCHANT_SETTLEMENT,39847.43,USD,PROCESSING,Visa Direct Global,2026-09-17 09:10:56,2026-09-17 10:22:43
13843,5461,2,FX_CONVERSION,141386.69,USD,COMPLETED,Visa Direct Global,2026-07-30 04:01:59,2026-07-30 05:38:44
13844,5235,202,INTERNAL_BOOK_TRANSFER,145451.35,USD,PROCESSING,Microsoft Azure Cloud,2026-07-28 11:03:58,2026-07-28 11:29:25
13845,5836,323,MERCHANT_SETTLEMENT,144521.7,USD,COMPLETED,Amazon AWS Services,2026-08-26 05:36:15,2026-08-26 05:38:38
13846,5230,86,MERCHANT_SETTLEMENT,113867.77,USD,PENDING,Walmart Global Vendor,2026-08-11 12:25:51,2026-08-11 12:34:51
13847,5720,331,FX_CONVERSION,6845.33,USD,PENDING,Fedwire Interbank Net,2026-08-12 06:21:26,2026-08-12 06:33:28
13848,5702,429,WIRE_TRANSFER,12205.56,USD,PROCESSING,Visa Direct Global,2026-08-28 05:55:38,2026-08-28 07:23:38
13849,5341,152,MERCHANT_SETTLEMENT,118026.25,USD,COMPLETED,Walmart Global Vendor,2026-08-10 18:03:41,2026-08-10 18:57:51
13850,5039,199,ACH_DEBIT,3222.7,USD,COMPLETED,Apple Services US,2026-08-17 00:54:06,2026-08-17 02:05:19
13851,5410,238,FX_CONVERSION,45064.89,USD,PROCESSING,Fedwire Interbank Net,2026-09-14 12:18:20,2026-09-14 14:09:52
13852,5532,303,ACH_DEBIT,76327.36,USD,PROCESSING,Stripe Clearing Inc,2026-09-03 04:39:07,2026-09-03 04:40:51
13853,5920,333,ACH_CREDIT,60808.29,USD,COMPLETED,Amazon AWS Services,2026-07-25 00:34:05,2026-07-25 01:36:25
13854,5818,240,WIRE_TRANSFER,113030.32,USD,PENDING,Apple Services US,2026-08-10 08:53:24,2026-08-10 10:22:45
13855,5493,161,FX_CONVERSION,136120.33,USD,PROCESSING,Target Retail Network,2026-08-08 10:26:20,2026-08-08 12:17:48
13856,5957,19,MERCHANT_SETTLEMENT,79182.81,USD,COMPLETED,Stripe Clearing Inc,2026-08-31 18:31:13,2026-08-31 18:45:51
13857,5588,361,CARD_AUTH,63483.33,USD,COMPLETED,Amazon AWS Services,2026-08-15 19:37:56,2026-08-15 21:02:07
13858,5025,88,WIRE_TRANSFER,40226.09,USD,COMPLETED,Stripe Clearing Inc,2026-08-23 10:52:39,2026-08-23 11:38:21
13859,5870,304,MERCHANT_SETTLEMENT,67174.92,USD,COMPLETED,Target Retail Network,2026-08-11 11:23:02,2026-08-11 12:53:59
13860,5678,266,ACH_DEBIT,99547.36,USD,ON_HOLD,Fedwire Interbank Net,2026-08-22 01:43:16,2026-08-22 02:34:25
13861,5963,83,ACH_CREDIT,85143.06,USD,COMPLETED,Apple Services US,2026-07-22 09:33:08,2026-07-22 11:24:58
13862,5217,373,ACH_CREDIT,54045.28,USD,COMPLETED,Amazon AWS Services,2026-08-19 00:43:31,2026-08-19 02:07:52
13863,5712,409,FX_CONVERSION,87551.67,USD,PENDING,Fedwire Interbank Net,2026-08-22 14:37:53,2026-08-22 15:07:14
13864,5737,198,INTERNAL_BOOK_TRANSFER,16772.88,USD,ON_HOLD,Visa Direct Global,2026-09-04 04:42:43,2026-09-04 06:11:13
13865,5852,234,ACH_CREDIT,15587.7,USD,PENDING,Target Retail Network,2026-09-12 23:07:55,2026-09-13 01:06:39
13866,5311,391,MERCHANT_SETTLEMENT,104178.38,USD,COMPLETED,Microsoft Azure Cloud,2026-09-07 00:09:25,2026-09-07 01:17:07
13867,5735,371,ACH_CREDIT,139365.98,USD,COMPLETED,Oracle Cloud Infra,2026-08-22 16:59:25,2026-08-22 18:54:58
13868,5539,193,CARD_AUTH,49452.52,USD,ON_HOLD,Target Retail Network,2026-08-03 17:17:51,2026-08-03 19:16:08
13869,5491,338,CARD_AUTH,58218.65,USD,PENDING,Stripe Clearing Inc,2026-08-14 03:25:10,2026-08-14 05:01:00
13870,5081,474,ACH_CREDIT,41040.46,USD,COMPLETED,Stripe Clearing Inc,2026-09-04 13:59:30,2026-09-04 15:22:43
13871,5400,226,WIRE_TRANSFER,64577.69,USD,COMPLETED,Walmart Global Vendor,2026-09-12 02:50:10,2026-09-12 04:17:46
13872,5104,245,CARD_AUTH,34368.99,USD,COMPLETED,Apple Services US,2026-09-16 19:24:23,2026-09-16 19:41:34
13873,5122,451,INTERNAL_BOOK_TRANSFER,18237.68,USD,COMPLETED,Walmart Global Vendor,2026-07-22 04:51:15,2026-07-22 05:45:01
13874,5715,416,FX_CONVERSION,83605.12,USD,COMPLETED,Walmart Global Vendor,2026-08-14 08:32:36,2026-08-14 09:26:21
13875,5310,206,ACH_CREDIT,122946.14,USD,PROCESSING,Visa Direct Global,2026-09-01 07:21:40,2026-09-01 07:23:52
13876,5105,481,ACH_DEBIT,99401.85,USD,ON_HOLD,Walmart Global Vendor,2026-08-23 20:04:28,2026-08-23 21:10:54
13877,5006,434,CARD_AUTH,34636.09,USD,ON_HOLD,Target Retail Network,2026-08-13 03:33:55,2026-08-13 05:04:18
13878,5136,244,INTERNAL_BOOK_TRANSFER,125993.28,USD,COMPLETED,Oracle Cloud Infra,2026-08-27 04:27:59,2026-08-27 05:22:20
13879,5977,383,FX_CONVERSION,144732.71,USD,COMPLETED,Walmart Global Vendor,2026-08-01 01:42:20,2026-08-01 03:04:55
13880,5854,437,INTERNAL_BOOK_TRANSFER,8238.17,USD,COMPLETED,Visa Direct Global,2026-08-05 16:22:07,2026-08-05 17:15:22
13881,5055,4,WIRE_TRANSFER,100029.87,USD,FAILED,Stripe Clearing Inc,2026-07-25 04:49:19,2026-07-25 05:00:45
13882,5838,168,MERCHANT_SETTLEMENT,11093.56,USD,COMPLETED,Visa Direct Global,2026-09-02 10:53:12,2026-09-02 11:19:34
13883,5576,133,CARD_AUTH,37875.84,USD,FAILED,Visa Direct Global,2026-09-07 18:06:24,2026-09-07 18:17:39
13884,5143,486,WIRE_TRANSFER,128316.04,USD,COMPLETED,Amazon AWS Services,2026-09-11 19:26:26,2026-09-11 20:36:25
13885,5144,336,CARD_AUTH,29003.17,USD,FAILED,Microsoft Azure Cloud,2026-08-25 06:40:28,2026-08-25 08:34:10
13886,5587,320,WIRE_TRANSFER,114630.32,USD,ON_HOLD,Oracle Cloud Infra,2026-08-28 03:12:26,2026-08-28 04:17:47
13887,5131,101,INTERNAL_BOOK_TRANSFER,139826.89,USD,COMPLETED,Amazon AWS Services,2026-08-14 10:13:37,2026-08-14 11:44:32
13888,5269,271,WIRE_TRANSFER,74081.44,USD,PENDING,Target Retail Network,2026-08-28 21:24:45,2026-08-28 23:21:42
13889,5923,481,ACH_DEBIT,145414.85,USD,ON_HOLD,Fedwire Interbank Net,2026-07-26 15:21:56,2026-07-26 16:44:44
13890,5142,65,WIRE_TRANSFER,115820.82,USD,PROCESSING,Oracle Cloud Infra,2026-08-02 01:10:09,2026-08-02 01:29:18
13891,5022,211,ACH_CREDIT,112604.29,USD,PROCESSING,Fedwire Interbank Net,2026-08-16 17:31:27,2026-08-16 17:48:07
13892,5493,197,WIRE_TRANSFER,95720.48,USD,ON_HOLD,Target Retail Network,2026-07-22 15:28:32,2026-07-22 15:49:51
13893,5195,212,ACH_DEBIT,114692.56,USD,ON_HOLD,Fedwire Interbank Net,2026-09-16 19:27:59,2026-09-16 20:00:39
13894,5434,260,ACH_CREDIT,47547.04,USD,ON_HOLD,Visa Direct Global,2026-09-15 05:01:43,2026-09-15 05:10:49
13895,5424,434,MERCHANT_SETTLEMENT,65196.23,USD,COMPLETED,Target Retail Network,2026-08-03 03:06:08,2026-08-03 03:36:58
13896,5801,296,INTERNAL_BOOK_TRANSFER,10181.74,USD,PROCESSING,Target Retail Network,2026-08-06 06:28:00,2026-08-06 07:14:57
13897,5144,404,FX_CONVERSION,22399.44,USD,ON_HOLD,Fedwire Interbank Net,2026-09-01 22:09:57,2026-09-01 22:23:55
13898,5180,195,FX_CONVERSION,36079.33,USD,PROCESSING,Microsoft Azure Cloud,2026-09-16 13:33:15,2026-09-16 15:28:48
13899,5640,291,ACH_DEBIT,126852.88,USD,COMPLETED,JPMorgan Settlement Corp,2026-08-19 05:09:48,2026-08-19 05:35:08
13900,5929,315,MERCHANT_SETTLEMENT,114247.63,USD,COMPLETED,Microsoft Azure Cloud,2026-09-08 08:00:32,2026-09-08 08:38:37
13901,5779,493,ACH_CREDIT,120220.29,USD,ON_HOLD,Fedwire Interbank Net,2026-09-10 11:01:19,2026-09-10 12:00:47
13902,5520,58,CARD_AUTH,145799.93,USD,COMPLETED,Stripe Clearing Inc,2026-08-18 20:02:59,2026-08-18 21:49:59
13903,5995,114,ACH_CREDIT,6974.14,USD,COMPLETED,Amazon AWS Services,2026-09-16 13:31:21,2026-09-16 15:08:02
13904,5533,13,ACH_DEBIT,84300.46,USD,PENDING,Stripe Clearing Inc,2026-08-21 05:54:57,2026-08-21 06:38:21
13905,5720,179,FX_CONVERSION,101230.43,USD,FAILED,Amazon AWS Services,2026-08-26 13:24:21,2026-08-26 14:59:48
13906,5911,86,CARD_AUTH,72235.48,USD,PENDING,Visa Direct Global,2026-07-24 21:14:37,2026-07-24 21:38:08
13907,5945,183,FX_CONVERSION,14718.34,USD,COMPLETED,Amazon AWS Services,2026-08-14 16:38:11,2026-08-14 17:31:32
13908,5977,121,MERCHANT_SETTLEMENT,25266.04,USD,PENDING,JPMorgan Settlement Corp,2026-08-27 08:28:04,2026-08-27 09:22:07
13909,5743,12,ACH_CREDIT,21884.91,USD,COMPLETED,Oracle Cloud Infra,2026-08-17 15:43:48,2026-08-17 15:53:46
13910,5549,408,WIRE_TRANSFER,26302.4,USD,COMPLETED,Walmart Global Vendor,2026-09-15 01:15:32,2026-09-15 02:33:08
13911,5975,251,MERCHANT_SETTLEMENT,115440.16,USD,ON_HOLD,Apple Services US,2026-09-13 06:52:48,2026-09-13 07:19:35
13912,5617,426,ACH_DEBIT,146512.47,USD,FAILED,Visa Direct Global,2026-08-19 11:44:52,2026-08-19 13:29:12
13913,5355,35,FX_CONVERSION,144251.55,USD,FAILED,JPMorgan Settlement Corp,2026-08-13 13:37:41,2026-08-13 15:16:02
13914,5463,138,INTERNAL_BOOK_TRANSFER,12824.08,USD,COMPLETED,Apple Services US,2026-08-09 20:25:07,2026-08-09 21:18:39
13915,5987,473,MERCHANT_SETTLEMENT,1802.62,USD,ON_HOLD,Oracle Cloud Infra,2026-08-30 03:42:56,2026-08-30 04:03:16
13916,5985,182,MERCHANT_SETTLEMENT,143677.34,USD,PENDING,Fedwire Interbank Net,2026-07-29 22:16:42,2026-07-29 22:30:54
13917,5165,187,FX_CONVERSION,43767.61,USD,FAILED,JPMorgan Settlement Corp,2026-08-08 18:07:21,2026-08-08 18:35:49
13918,5032,408,WIRE_TRANSFER,81467.72,USD,COMPLETED,Fedwire Interbank Net,2026-08-13 00:33:11,2026-08-13 00:37:38
13919,5761,486,FX_CONVERSION,104921.47,USD,PROCESSING,JPMorgan Settlement Corp,2026-08-13 08:42:43,2026-08-13 10:09:50
13920,5573,72,FX_CONVERSION,69964.26,USD,FAILED,JPMorgan Settlement Corp,2026-07-30 13:33:31,2026-07-30 13:38:58
13921,5910,242,INTERNAL_BOOK_TRANSFER,107424.75,USD,PROCESSING,Target Retail Network,2026-07-27 21:41:53,2026-07-27 22:05:25
13922,5652,226,ACH_CREDIT,107447.6,USD,COMPLETED,Microsoft Azure Cloud,2026-09-10 17:10:24,2026-09-10 17:58:07
13923,5153,95,WIRE_TRANSFER,70803.9,USD,COMPLETED,Stripe Clearing Inc,2026-09-17 17:54:38,2026-09-17 18:56:02
13924,5866,12,FX_CONVERSION,44256.98,USD,PROCESSING,Apple Services US,2026-08-13 10:11:56,2026-08-13 12:05:17
13925,5690,36,MERCHANT_SETTLEMENT,102289.87,USD,COMPLETED,Apple Services US,2026-09-17 08:19:55,2026-09-17 09:55:19
13926,5441,391,ACH_CREDIT,94394.05,USD,COMPLETED,Stripe Clearing Inc,2026-08-04 01:37:51,2026-08-04 03:03:13
13927,5749,375,ACH_DEBIT,53038.85,USD,COMPLETED,Amazon AWS Services,2026-07-21 14:27:37,2026-07-21 15:17:19
13928,5907,42,WIRE_TRANSFER,77002.55,USD,PROCESSING,Microsoft Azure Cloud,2026-09-10 00:51:24,2026-09-10 02:36:25
13929,5263,364,ACH_CREDIT,19345.41,USD,COMPLETED,Target Retail Network,2026-07-24 10:49:05,2026-07-24 10:50:55
13930,5215,215,WIRE_TRANSFER,149404.98,USD,COMPLETED,JPMorgan Settlement Corp,2026-08-12 04:28:21,2026-08-12 05:12:25
13931,5040,79,INTERNAL_BOOK_TRANSFER,98137.88,USD,COMPLETED,Amazon AWS Services,2026-08-07 07:26:11,2026-08-07 08:57:41
13932,5279,350,ACH_CREDIT,131576.43,USD,ON_HOLD,Microsoft Azure Cloud,2026-08-07 23:57:32,2026-08-08 00:59:59
13933,5339,414,ACH_CREDIT,86158.2,USD,PENDING,Visa Direct Global,2026-08-02 13:35:47,2026-08-02 15:31:50
13934,5980,287,WIRE_TRANSFER,129673.78,USD,COMPLETED,Fedwire Interbank Net,2026-08-27 07:26:19,2026-08-27 07:56:35
13935,5127,217,CARD_AUTH,134980.35,USD,PENDING,Visa Direct Global,2026-08-26 06:04:01,2026-08-26 07:58:15
13936,5572,242,INTERNAL_BOOK_TRANSFER,101417.46,USD,COMPLETED,Target Retail Network,2026-08-08 20:34:51,2026-08-08 22:32:05
13937,5002,131,ACH_DEBIT,41785.63,USD,COMPLETED,Stripe Clearing Inc,2026-07-21 15:43:03,2026-07-21 16:36:19
13938,5102,224,MERCHANT_SETTLEMENT,39604.25,USD,PENDING,Amazon AWS Services,2026-07-22 19:08:18,2026-07-22 20:42:00
13939,5560,148,ACH_DEBIT,118322.23,USD,COMPLETED,Oracle Cloud Infra,2026-07-22 11:46:44,2026-07-22 12:00:26
13940,5338,374,INTERNAL_BOOK_TRANSFER,14270.63,USD,PENDING,Microsoft Azure Cloud,2026-08-02 16:17:20,2026-08-02 17:36:37
13941,5969,212,CARD_AUTH,104002.49,USD,PROCESSING,Amazon AWS Services,2026-09-14 18:03:43,2026-09-14 18:21:29
13942,5303,50,WIRE_TRANSFER,53816.07,USD,COMPLETED,Amazon AWS Services,2026-09-17 00:47:59,2026-09-17 02:38:07
13943,5418,316,FX_CONVERSION,146734.29,USD,PENDING,Stripe Clearing Inc,2026-08-07 18:29:04,2026-08-07 18:45:49
13944,5338,429,ACH_CREDIT,106259.68,USD,COMPLETED,JPMorgan Settlement Corp,2026-08-12 13:35:44,2026-08-12 15:10:53
13945,5167,69,INTERNAL_BOOK_TRANSFER,118982.77,USD,PROCESSING,Amazon AWS Services,2026-08-20 07:37:28,2026-08-20 08:46:15
13946,5858,281,ACH_CREDIT,147616.32,USD,ON_HOLD,Apple Services US,2026-08-18 08:30:59,2026-08-18 09:03:09
13947,5359,472,ACH_DEBIT,111032.13,USD,ON_HOLD,Microsoft Azure Cloud,2026-09-06 01:44:03,2026-09-06 02:39:22
13948,5179,481,ACH_DEBIT,111929.28,USD,ON_HOLD,Target Retail Network,2026-09-15 16:07:08,2026-09-15 16:56:55
13949,5048,396,WIRE_TRANSFER,13064.23,USD,COMPLETED,JPMorgan Settlement Corp,2026-08-20 08:11:57,2026-08-20 08:55:38
13950,5519,352,MERCHANT_SETTLEMENT,125227.81,USD,PENDING,Apple Services US,2026-09-10 13:44:47,2026-09-10 15:00:15
13951,5552,91,MERCHANT_SETTLEMENT,6081.0,USD,COMPLETED,Apple Services US,2026-08-15 15:44:13,2026-08-15 16:56:52
13952,5602,10,ACH_CREDIT,3005.8,USD,COMPLETED,Oracle Cloud Infra,2026-09-07 02:19:43,2026-09-07 02:20:45
13953,5724,389,FX_CONVERSION,70646.67,USD,FAILED,Oracle Cloud Infra,2026-08-30 17:51:34,2026-08-30 18:00:51
13954,5819,456,CARD_AUTH,126513.19,USD,FAILED,JPMorgan Settlement Corp,2026-08-06 02:45:09,2026-08-06 04:08:24
13955,5915,113,ACH_DEBIT,143592.84,USD,COMPLETED,Microsoft Azure Cloud,2026-08-24 05:02:12,2026-08-24 06:23:41
13956,5901,93,WIRE_TRANSFER,48914.93,USD,FAILED,Walmart Global Vendor,2026-09-12 12:53:34,2026-09-12 13:49:11
13957,5454,165,MERCHANT_SETTLEMENT,74401.66,USD,PROCESSING,Stripe Clearing Inc,2026-07-30 05:02:24,2026-07-30 06:35:24
13958,5193,403,MERCHANT_SETTLEMENT,148416.12,USD,FAILED,Oracle Cloud Infra,2026-08-10 12:33:46,2026-08-10 12:36:21
13959,5726,157,CARD_AUTH,49720.79,USD,PENDING,JPMorgan Settlement Corp,2026-08-31 18:03:34,2026-08-31 20:02:59
13960,5257,167,CARD_AUTH,130200.68,USD,COMPLETED,Stripe Clearing Inc,2026-08-26 14:20:01,2026-08-26 14:20:10
13961,5563,292,CARD_AUTH,53513.16,USD,PROCESSING,Visa Direct Global,2026-09-02 22:43:40,2026-09-02 22:49:04
13962,5818,388,WIRE_TRANSFER,131732.29,USD,ON_HOLD,JPMorgan Settlement Corp,2026-08-06 10:46:33,2026-08-06 11:02:30
13963,5796,106,ACH_CREDIT,56853.19,USD,PROCESSING,Visa Direct Global,2026-08-25 07:49:24,2026-08-25 07:57:46
13964,5008,469,FX_CONVERSION,29384.14,USD,PENDING,Fedwire Interbank Net,2026-07-26 15:41:36,2026-07-26 15:59:25
13965,5688,260,INTERNAL_BOOK_TRANSFER,86675.83,USD,PROCESSING,Visa Direct Global,2026-09-17 18:28:53,2026-09-17 20:07:28
13966,5233,4,INTERNAL_BOOK_TRANSFER,148258.69,USD,PENDING,Microsoft Azure Cloud,2026-08-26 17:30:20,2026-08-26 17:44:51
13967,5759,60,INTERNAL_BOOK_TRANSFER,36981.73,USD,FAILED,Visa Direct Global,2026-09-16 11:53:13,2026-09-16 13:36:23
13968,5655,246,FX_CONVERSION,132581.49,USD,FAILED,Visa Direct Global,2026-08-01 02:52:37,2026-08-01 03:56:23
13969,5108,325,ACH_DEBIT,104397.51,USD,COMPLETED,Target Retail Network,2026-08-09 08:00:15,2026-08-09 09:11:26
13970,5694,249,INTERNAL_BOOK_TRANSFER,81162.18,USD,PROCESSING,Walmart Global Vendor,2026-08-02 22:53:21,2026-08-03 00:03:31
13971,5375,376,INTERNAL_BOOK_TRANSFER,144486.27,USD,PROCESSING,Visa Direct Global,2026-09-07 13:03:16,2026-09-07 13:57:29
13972,5525,334,WIRE_TRANSFER,81926.31,USD,FAILED,Microsoft Azure Cloud,2026-08-11 15:00:56,2026-08-11 16:19:34
13973,5479,203,INTERNAL_BOOK_TRANSFER,36426.22,USD,ON_HOLD,Visa Direct Global,2026-07-20 15:42:02,2026-07-20 17:10:11
13974,5005,241,ACH_CREDIT,74479.06,USD,COMPLETED,Visa Direct Global,2026-09-14 08:50:36,2026-09-14 10:14:12
13975,5871,401,INTERNAL_BOOK_TRANSFER,98029.83,USD,COMPLETED,Microsoft Azure Cloud,2026-08-19 04:15:30,2026-08-19 05:18:44
13976,5701,462,INTERNAL_BOOK_TRANSFER,98925.82,USD,FAILED,Microsoft Azure Cloud,2026-08-15 17:28:10,2026-08-15 17:43:18
13977,5871,494,WIRE_TRANSFER,67798.9,USD,PROCESSING,JPMorgan Settlement Corp,2026-08-30 04:31:24,2026-08-30 04:49:58
13978,5395,328,CARD_AUTH,138939.67,USD,COMPLETED,Target Retail Network,2026-08-17 17:30:16,2026-08-17 19:15:17
13979,5463,426,ACH_DEBIT,149027.33,USD,COMPLETED,Fedwire Interbank Net,2026-07-22 19:59:19,2026-07-22 21:48:40
13980,5752,133,ACH_CREDIT,51149.19,USD,ON_HOLD,Oracle Cloud Infra,2026-08-09 03:28:13,2026-08-09 04:51:45
13981,5529,169,INTERNAL_BOOK_TRANSFER,95533.82,USD,FAILED,Visa Direct Global,2026-07-25 02:02:35,2026-07-25 03:05:45
13982,5832,311,INTERNAL_BOOK_TRANSFER,117427.94,USD,PENDING,Walmart Global Vendor,2026-09-06 23:29:32,2026-09-07 01:26:21
13983,5322,231,FX_CONVERSION,113455.4,USD,ON_HOLD,Apple Services US,2026-08-20 20:24:48,2026-08-20 21:21:46
13984,5682,409,FX_CONVERSION,10830.17,USD,PENDING,Oracle Cloud Infra,2026-08-18 20:47:42,2026-08-18 22:40:15
13985,5224,157,INTERNAL_BOOK_TRANSFER,5865.99,USD,FAILED,Target Retail Network,2026-07-25 08:05:57,2026-07-25 09:06:29
13986,5668,344,WIRE_TRANSFER,120960.49,USD,FAILED,Apple Services US,2026-09-03 00:54:40,2026-09-03 01:47:42
13987,5097,451,INTERNAL_BOOK_TRANSFER,95532.41,USD,COMPLETED,Walmart Global Vendor,2026-07-22 07:17:05,2026-07-22 08:44:48
13988,5642,2,MERCHANT_SETTLEMENT,76191.71,USD,COMPLETED,Fedwire Interbank Net,2026-09-14 12:16:56,2026-09-14 12:38:24
13989,5153,98,ACH_CREDIT,107331.74,USD,PROCESSING,Walmart Global Vendor,2026-08-16 06:05:34,2026-08-16 06:07:30
13990,5242,463,ACH_CREDIT,61335.11,USD,PROCESSING,Visa Direct Global,2026-08-21 20:11:08,2026-08-21 20:28:57
13991,5977,284,ACH_DEBIT,102325.79,USD,COMPLETED,JPMorgan Settlement Corp,2026-08-10 14:12:50,2026-08-10 14:24:47
13992,5784,493,ACH_CREDIT,139456.29,USD,ON_HOLD,Fedwire Interbank Net,2026-08-19 09:54:58,2026-08-19 10:21:45
13993,5163,235,ACH_CREDIT,47051.8,USD,ON_HOLD,Walmart Global Vendor,2026-07-31 08:47:02,2026-07-31 09:25:59
13994,5639,231,ACH_CREDIT,39391.06,USD,ON_HOLD,Amazon AWS Services,2026-08-07 02:42:55,2026-08-07 03:02:04
13995,5992,66,ACH_CREDIT,40194.42,USD,PENDING,Stripe Clearing Inc,2026-08-17 04:13:29,2026-08-17 05:11:26
13996,5812,314,ACH_DEBIT,132937.38,USD,PROCESSING,Target Retail Network,2026-08-23 11:29:21,2026-08-23 12:12:17
13997,5377,177,INTERNAL_BOOK_TRANSFER,67736.67,USD,COMPLETED,JPMorgan Settlement Corp,2026-07-23 09:23:58,2026-07-23 09:29:38
13998,5421,59,MERCHANT_SETTLEMENT,37740.56,USD,COMPLETED,Fedwire Interbank Net,2026-08-18 20:11:05,2026-08-18 20:47:24
13999,5960,478,CARD_AUTH,54083.99,USD,COMPLETED,Apple Services US,2026-08-26 20:19:48,2026-08-26 20:35:03
14000,5785,82,WIRE_TRANSFER,82663.3,USD,COMPLETED,Visa Direct Global,2026-07-28 21:02:40,2026-07-28 22:29:25
14001,5152,245,INTERNAL_BOOK_TRANSFER,109869.68,USD,FAILED,Amazon AWS Services,2026-08-29 10:53:25,2026-08-29 11:37:51
14002,5031,225,INTERNAL_BOOK_TRANSFER,60798.34,USD,COMPLETED,JPMorgan Settlement Corp,2026-08-03 07:57:40,2026-08-03 09:11:37
14003,5665,122,INTERNAL_BOOK_TRANSFER,106520.1,USD,COMPLETED,Walmart Global Vendor,2026-08-26 07:41:23,2026-08-26 08:21:53
14004,5291,215,FX_CONVERSION,104253.98,USD,COMPLETED,Amazon AWS Services,2026-08-13 17:51:18,2026-08-13 18:42:02
14005,5379,166,CARD_AUTH,140938.21,USD,PROCESSING,Walmart Global Vendor,2026-07-24 18:44:16,2026-07-24 19:01:33
14006,5993,209,ACH_CREDIT,105861.42,USD,PENDING,Amazon AWS Services,2026-09-06 08:12:30,2026-09-06 09:20:38
14007,5499,394,FX_CONVERSION,90867.33,USD,ON_HOLD,Microsoft Azure Cloud,2026-08-09 19:59:24,2026-08-09 20:31:10
14008,5662,71,MERCHANT_SETTLEMENT,61506.43,USD,COMPLETED,Visa Direct Global,2026-09-16 03:17:03,2026-09-16 03:25:33
14009,5270,348,CARD_AUTH,61674.01,USD,COMPLETED,Oracle Cloud Infra,2026-08-06 02:24:30,2026-08-06 03:59:22
14010,5760,423,ACH_CREDIT,60061.4,USD,PENDING,JPMorgan Settlement Corp,2026-08-29 23:58:10,2026-08-30 01:15:05
14011,5018,95,INTERNAL_BOOK_TRANSFER,27585.05,USD,COMPLETED,Visa Direct Global,2026-08-31 22:39:05,2026-08-31 23:30:18
14012,5972,173,INTERNAL_BOOK_TRANSFER,3529.47,USD,COMPLETED,Apple Services US,2026-09-16 14:40:11,2026-09-16 14:45:20
14013,5443,330,MERCHANT_SETTLEMENT,3588.44,USD,ON_HOLD,Stripe Clearing Inc,2026-08-21 21:47:59,2026-08-21 23:20:39
14014,5111,89,WIRE_TRANSFER,8396.62,USD,PROCESSING,Target Retail Network,2026-08-13 08:57:26,2026-08-13 09:39:45
14015,5627,17,MERCHANT_SETTLEMENT,65477.92,USD,PENDING,JPMorgan Settlement Corp,2026-07-30 22:35:14,2026-07-30 23:27:31
14016,5187,373,WIRE_TRANSFER,82696.4,USD,COMPLETED,Target Retail Network,2026-08-11 06:31:52,2026-08-11 07:52:15
14017,5753,326,CARD_AUTH,125866.04,USD,ON_HOLD,Visa Direct Global,2026-08-04 02:53:31,2026-08-04 04:12:30
14018,5942,194,CARD_AUTH,97328.68,USD,COMPLETED,Stripe Clearing Inc,2026-07-20 01:28:00,2026-07-20 03:24:09
14019,5346,115,WIRE_TRANSFER,72070.84,USD,COMPLETED,JPMorgan Settlement Corp,2026-08-29 09:33:19,2026-08-29 09:39:09
14020,5887,29,FX_CONVERSION,18910.79,USD,COMPLETED,Oracle Cloud Infra,2026-08-11 11:06:16,2026-08-11 12:35:25
14021,5475,228,INTERNAL_BOOK_TRANSFER,41977.61,USD,PENDING,Amazon AWS Services,2026-08-19 11:04:15,2026-08-19 11:43:23
14022,5636,287,ACH_DEBIT,73662.31,USD,PROCESSING,Oracle Cloud Infra,2026-09-01 00:28:24,2026-09-01 02:16:14
14023,5171,457,FX_CONVERSION,140031.55,USD,COMPLETED,Fedwire Interbank Net,2026-08-07 14:41:42,2026-08-07 15:02:21
14024,5163,355,INTERNAL_BOOK_TRANSFER,77795.24,USD,ON_HOLD,Amazon AWS Services,2026-07-27 12:12:15,2026-07-27 12:35:11
14025,5432,500,FX_CONVERSION,83022.33,USD,COMPLETED,Microsoft Azure Cloud,2026-08-29 05:01:17,2026-08-29 06:37:26
14026,5430,188,FX_CONVERSION,86949.2,USD,COMPLETED,Microsoft Azure Cloud,2026-09-05 12:02:45,2026-09-05 12:58:35
14027,5014,433,FX_CONVERSION,62558.26,USD,ON_HOLD,Amazon AWS Services,2026-08-30 05:47:25,2026-08-30 07:40:51
14028,5974,136,MERCHANT_SETTLEMENT,23366.26,USD,ON_HOLD,Microsoft Azure Cloud,2026-08-22 02:10:58,2026-08-22 02:35:12
14029,5371,237,ACH_CREDIT,67971.23,USD,PENDING,Microsoft Azure Cloud,2026-09-03 09:15:26,2026-09-03 10:23:04
14030,5561,464,FX_CONVERSION,39149.53,USD,PENDING,Amazon AWS Services,2026-09-16 15:50:36,2026-09-16 16:27:54
14031,5427,163,MERCHANT_SETTLEMENT,70228.97,USD,FAILED,Amazon AWS Services,2026-08-30 23:00:32,2026-08-30 23:12:24
14032,5146,464,FX_CONVERSION,77104.76,USD,PROCESSING,Apple Services US,2026-08-03 16:38:36,2026-08-03 17:53:11
14033,5314,80,MERCHANT_SETTLEMENT,78380.08,USD,FAILED,Visa Direct Global,2026-08-02 01:26:41,2026-08-02 02:36:45
14034,5816,76,MERCHANT_SETTLEMENT,103060.59,USD,COMPLETED,Fedwire Interbank Net,2026-08-13 18:59:28,2026-08-13 19:15:52
14035,5449,14,WIRE_TRANSFER,51256.81,USD,FAILED,Apple Services US,2026-07-27 01:26:33,2026-07-27 02:54:45
14036,5529,483,MERCHANT_SETTLEMENT,5015.96,USD,PENDING,Fedwire Interbank Net,2026-09-10 12:28:01,2026-09-10 13:38:27
14037,5011,407,ACH_CREDIT,11164.21,USD,FAILED,Fedwire Interbank Net,2026-08-25 12:34:19,2026-08-25 13:16:07
14038,5484,497,CARD_AUTH,86595.06,USD,COMPLETED,Stripe Clearing Inc,2026-08-02 20:07:10,2026-08-02 21:10:54
14039,5597,269,ACH_CREDIT,134637.66,USD,COMPLETED,Microsoft Azure Cloud,2026-08-01 18:55:57,2026-08-01 20:12:02
14040,5702,185,ACH_CREDIT,147447.68,USD,ON_HOLD,Microsoft Azure Cloud,2026-07-27 21:39:16,2026-07-27 23:33:49
14041,5409,406,WIRE_TRANSFER,12734.46,USD,PROCESSING,Stripe Clearing Inc,2026-09-17 17:01:49,2026-09-17 18:17:51
14042,5698,134,FX_CONVERSION,2983.08,USD,PENDING,Amazon AWS Services,2026-07-31 07:53:43,2026-07-31 08:58:08
14043,5002,355,FX_CONVERSION,116922.29,USD,ON_HOLD,Fedwire Interbank Net,2026-09-04 23:59:50,2026-09-05 01:59:00
14044,5920,53,ACH_DEBIT,25603.66,USD,PENDING,Apple Services US,2026-07-29 20:51:05,2026-07-29 22:30:05
14045,5972,29,MERCHANT_SETTLEMENT,124055.94,USD,COMPLETED,Microsoft Azure Cloud,2026-08-10 18:35:45,2026-08-10 19:06:32
14046,5435,500,FX_CONVERSION,86857.91,USD,ON_HOLD,Apple Services US,2026-09-15 19:07:14,2026-09-15 19:59:06
14047,5464,359,ACH_CREDIT,97226.48,USD,COMPLETED,Fedwire Interbank Net,2026-07-27 21:43:41,2026-07-27 23:15:12
14048,5055,168,WIRE_TRANSFER,13761.78,USD,FAILED,Visa Direct Global,2026-07-19 20:56:41,2026-07-19 21:03:45
14049,5693,241,WIRE_TRANSFER,122291.02,USD,PENDING,Oracle Cloud Infra,2026-08-23 23:34:23,2026-08-23 23:38:18
14050,5744,91,WIRE_TRANSFER,55849.61,USD,COMPLETED,Walmart Global Vendor,2026-08-16 21:19:45,2026-08-16 22:37:01
14051,5485,84,INTERNAL_BOOK_TRANSFER,114396.23,USD,ON_HOLD,Target Retail Network,2026-09-17 19:17:15,2026-09-17 19:41:18
14052,5034,42,WIRE_TRANSFER,148463.85,USD,COMPLETED,Visa Direct Global,2026-09-03 12:30:24,2026-09-03 13:20:14
14053,5927,320,CARD_AUTH,90467.04,USD,COMPLETED,Apple Services US,2026-08-21 05:29:39,2026-08-21 06:57:06
14054,5236,445,FX_CONVERSION,63353.87,USD,PROCESSING,Apple Services US,2026-08-18 20:20:01,2026-08-18 20:54:50
14055,5852,390,ACH_CREDIT,51998.96,USD,PENDING,Visa Direct Global,2026-08-13 20:45:23,2026-08-13 22:16:48
14056,5665,85,WIRE_TRANSFER,42210.43,USD,PENDING,Microsoft Azure Cloud,2026-07-30 19:05:36,2026-07-30 19:53:21
14057,5798,369,ACH_CREDIT,66135.53,USD,COMPLETED,Walmart Global Vendor,2026-07-28 20:16:48,2026-07-28 20:42:30
14058,5245,235,CARD_AUTH,147495.28,USD,FAILED,Target Retail Network,2026-08-31 22:41:19,2026-09-01 00:29:10
14059,5434,408,CARD_AUTH,59335.87,USD,PROCESSING,Visa Direct Global,2026-09-01 06:01:44,2026-09-01 06:53:36
14060,5547,59,INTERNAL_BOOK_TRANSFER,101417.2,USD,PENDING,Amazon AWS Services,2026-09-09 07:12:48,2026-09-09 07:56:36
14061,5352,255,CARD_AUTH,13283.79,USD,FAILED,Apple Services US,2026-08-18 01:34:04,2026-08-18 02:55:53
14062,5674,24,CARD_AUTH,54491.75,USD,COMPLETED,Visa Direct Global,2026-08-26 18:49:58,2026-08-26 20:00:31
14063,5522,41,ACH_DEBIT,40949.07,USD,PROCESSING,Amazon AWS Services,2026-09-07 20:59:30,2026-09-07 21:07:32
14064,5217,490,CARD_AUTH,119549.74,USD,PROCESSING,Fedwire Interbank Net,2026-08-05 10:01:57,2026-08-05 10:40:42
14065,5753,24,INTERNAL_BOOK_TRANSFER,53339.15,USD,COMPLETED,Microsoft Azure Cloud,2026-08-20 22:21:36,2026-08-20 22:25:20
14066,5579,317,FX_CONVERSION,83687.44,USD,COMPLETED,JPMorgan Settlement Corp,2026-08-13 21:58:22,2026-08-13 22:49:29
14067,5784,125,ACH_DEBIT,21825.36,USD,PENDING,Visa Direct Global,2026-07-30 10:24:44,2026-07-30 10:38:05
14068,5923,60,WIRE_TRANSFER,103729.03,USD,COMPLETED,Oracle Cloud Infra,2026-08-24 22:27:54,2026-08-25 00:17:18
14069,5710,442,WIRE_TRANSFER,144324.94,USD,COMPLETED,Fedwire Interbank Net,2026-08-30 00:26:24,2026-08-30 01:36:20
14070,5625,284,INTERNAL_BOOK_TRANSFER,149319.96,USD,COMPLETED,Visa Direct Global,2026-08-10 09:56:10,2026-08-10 11:48:00
14071,5170,40,ACH_CREDIT,53561.28,USD,PROCESSING,Fedwire Interbank Net,2026-07-31 06:13:42,2026-07-31 07:22:03
14072,5682,108,WIRE_TRANSFER,122814.76,USD,PENDING,Target Retail Network,2026-08-15 12:33:47,2026-08-15 14:08:30
14073,5960,436,FX_CONVERSION,1272.41,USD,FAILED,Amazon AWS Services,2026-08-03 23:44:07,2026-08-04 00:04:22
14074,5673,440,MERCHANT_SETTLEMENT,39723.33,USD,COMPLETED,Visa Direct Global,2026-09-05 21:59:48,2026-09-05 23:30:21
14075,5955,69,WIRE_TRANSFER,50258.93,USD,COMPLETED,Microsoft Azure Cloud,2026-09-10 21:33:18,2026-09-10 23:26:11
14076,5168,422,FX_CONVERSION,77568.56,USD,PENDING,Oracle Cloud Infra,2026-07-29 17:23:20,2026-07-29 19:01:28
14077,5625,73,WIRE_TRANSFER,128083.5,USD,FAILED,Microsoft Azure Cloud,2026-09-03 12:04:10,2026-09-03 13:37:30
14078,5262,312,INTERNAL_BOOK_TRANSFER,80986.59,USD,PENDING,Microsoft Azure Cloud,2026-08-26 08:36:21,2026-08-26 08:37:06
14079,5302,90,FX_CONVERSION,37205.17,USD,PENDING,Stripe Clearing Inc,2026-09-04 14:23:49,2026-09-04 16:02:20
14080,5561,471,ACH_DEBIT,102337.04,USD,FAILED,JPMorgan Settlement Corp,2026-07-27 15:35:30,2026-07-27 16:11:23
14081,5441,41,MERCHANT_SETTLEMENT,27495.06,USD,COMPLETED,Oracle Cloud Infra,2026-07-24 10:15:56,2026-07-24 12:06:25
14082,5278,177,CARD_AUTH,21630.35,USD,FAILED,JPMorgan Settlement Corp,2026-08-29 23:21:02,2026-08-30 00:22:00
14083,5886,483,CARD_AUTH,64193.21,USD,PROCESSING,Oracle Cloud Infra,2026-09-01 23:59:18,2026-09-02 01:19:53
14084,5555,269,MERCHANT_SETTLEMENT,141107.75,USD,COMPLETED,Microsoft Azure Cloud,2026-08-15 21:22:36,2026-08-15 22:07:39
14085,5526,133,MERCHANT_SETTLEMENT,113779.91,USD,COMPLETED,Target Retail Network,2026-08-15 18:42:25,2026-08-15 18:43:04
14086,5119,471,FX_CONVERSION,138932.54,USD,COMPLETED,Visa Direct Global,2026-08-09 12:09:49,2026-08-09 13:06:41
14087,5912,470,WIRE_TRANSFER,103696.25,USD,PROCESSING,Fedwire Interbank Net,2026-08-06 11:51:00,2026-08-06 13:26:01
14088,5465,171,INTERNAL_BOOK_TRANSFER,148657.18,USD,ON_HOLD,Visa Direct Global,2026-08-09 02:17:53,2026-08-09 02:52:15
14089,5386,459,ACH_CREDIT,77402.22,USD,COMPLETED,Stripe Clearing Inc,2026-08-03 16:43:55,2026-08-03 18:38:43
14090,5286,431,FX_CONVERSION,42969.61,USD,COMPLETED,Apple Services US,2026-09-16 11:17:33,2026-09-16 11:50:43
14091,5433,369,CARD_AUTH,100370.4,USD,PENDING,Stripe Clearing Inc,2026-07-26 14:39:44,2026-07-26 15:28:59
14092,5420,284,CARD_AUTH,60324.68,USD,ON_HOLD,JPMorgan Settlement Corp,2026-08-12 02:59:37,2026-08-12 04:58:11
14093,5918,32,CARD_AUTH,69813.73,USD,ON_HOLD,Fedwire Interbank Net,2026-08-21 09:02:53,2026-08-21 10:26:42
14094,5259,266,WIRE_TRANSFER,129961.75,USD,COMPLETED,Stripe Clearing Inc,2026-08-25 14:21:45,2026-08-25 14:26:37
14095,5135,362,ACH_CREDIT,67440.64,USD,COMPLETED,Target Retail Network,2026-08-12 21:49:45,2026-08-12 21:57:03
14096,5219,429,MERCHANT_SETTLEMENT,144034.31,USD,COMPLETED,Apple Services US,2026-07-26 08:50:15,2026-07-26 10:03:38
14097,5424,326,INTERNAL_BOOK_TRANSFER,24314.03,USD,COMPLETED,Apple Services US,2026-08-23 00:19:32,2026-08-23 01:16:44
14098,5193,442,WIRE_TRANSFER,119975.22,USD,COMPLETED,JPMorgan Settlement Corp,2026-07-27 06:01:26,2026-07-27 06:30:08
14099,5557,358,WIRE_TRANSFER,73744.38,USD,FAILED,JPMorgan Settlement Corp,2026-09-11 23:04:28,2026-09-12 00:11:12
14100,5553,389,CARD_AUTH,7147.2,USD,PENDING,Fedwire Interbank Net,2026-07-27 08:31:55,2026-07-27 09:15:32
14101,5714,452,ACH_DEBIT,52024.19,USD,FAILED,Oracle Cloud Infra,2026-08-20 23:49:25,2026-08-21 00:59:37
14102,5411,193,ACH_CREDIT,53062.39,USD,COMPLETED,Microsoft Azure Cloud,2026-07-27 13:57:45,2026-07-27 15:09:13
14103,5953,15,ACH_CREDIT,94281.29,USD,PROCESSING,Oracle Cloud Infra,2026-08-05 21:55:42,2026-08-05 22:42:00
14104,5143,39,ACH_CREDIT,137232.7,USD,PROCESSING,Oracle Cloud Infra,2026-08-25 20:05:28,2026-08-25 21:04:38
14105,5599,22,ACH_DEBIT,125131.39,USD,PROCESSING,Microsoft Azure Cloud,2026-08-26 16:48:02,2026-08-26 18:08:34
14106,5945,366,FX_CONVERSION,78907.91,USD,COMPLETED,JPMorgan Settlement Corp,2026-09-09 22:44:16,2026-09-09 23:52:49
14107,5912,81,INTERNAL_BOOK_TRANSFER,126108.86,USD,COMPLETED,Apple Services US,2026-07-23 07:39:52,2026-07-23 08:24:46
14108,5158,23,ACH_CREDIT,11909.85,USD,COMPLETED,JPMorgan Settlement Corp,2026-09-17 17:14:15,2026-09-17 18:28:06
14109,5569,444,MERCHANT_SETTLEMENT,13698.8,USD,ON_HOLD,JPMorgan Settlement Corp,2026-08-09 04:11:35,2026-08-09 05:53:29
14110,5164,470,WIRE_TRANSFER,31217.97,USD,PENDING,Fedwire Interbank Net,2026-09-08 14:20:33,2026-09-08 15:20:13
14111,5301,65,CARD_AUTH,66391.31,USD,FAILED,Apple Services US,2026-09-10 18:02:21,2026-09-10 18:55:34
14112,5140,219,FX_CONVERSION,105371.1,USD,FAILED,Walmart Global Vendor,2026-08-06 21:32:16,2026-08-06 22:36:41
14113,5148,271,MERCHANT_SETTLEMENT,110823.81,USD,COMPLETED,Target Retail Network,2026-08-03 08:13:54,2026-08-03 08:14:50
14114,5518,468,MERCHANT_SETTLEMENT,67339.43,USD,COMPLETED,Microsoft Azure Cloud,2026-08-31 07:31:34,2026-08-31 07:42:34
14115,5980,381,WIRE_TRANSFER,61020.11,USD,ON_HOLD,Oracle Cloud Infra,2026-08-10 22:00:52,2026-08-10 23:53:26
14116,5228,137,INTERNAL_BOOK_TRANSFER,95003.65,USD,FAILED,Walmart Global Vendor,2026-09-04 11:02:27,2026-09-04 11:35:40
14117,5351,457,MERCHANT_SETTLEMENT,26043.72,USD,ON_HOLD,JPMorgan Settlement Corp,2026-09-01 19:08:30,2026-09-01 20:16:48
14118,5660,366,CARD_AUTH,5507.17,USD,COMPLETED,Walmart Global Vendor,2026-08-09 12:00:59,2026-08-09 12:47:26
14119,5544,183,INTERNAL_BOOK_TRANSFER,87612.3,USD,COMPLETED,Amazon AWS Services,2026-08-01 00:58:09,2026-08-01 02:44:10
14120,5474,113,INTERNAL_BOOK_TRANSFER,95413.54,USD,FAILED,JPMorgan Settlement Corp,2026-08-05 08:24:04,2026-08-05 09:39:20
14121,5353,418,CARD_AUTH,67238.4,USD,COMPLETED,Microsoft Azure Cloud,2026-08-04 16:05:38,2026-08-04 17:53:23
14122,5261,22,CARD_AUTH,109030.1,USD,COMPLETED,Walmart Global Vendor,2026-08-22 01:06:53,2026-08-22 01:53:04
14123,5298,466,MERCHANT_SETTLEMENT,78193.34,USD,ON_HOLD,Target Retail Network,2026-09-14 00:34:57,2026-09-14 02:23:40
14124,5461,457,MERCHANT_SETTLEMENT,97394.8,USD,COMPLETED,Stripe Clearing Inc,2026-07-29 22:06:21,2026-07-29 23:03:10
14125,5489,498,FX_CONVERSION,80627.35,USD,COMPLETED,Walmart Global Vendor,2026-09-14 12:04:47,2026-09-14 13:02:23
14126,5653,402,CARD_AUTH,42841.6,USD,FAILED,Apple Services US,2026-08-11 10:20:34,2026-08-11 11:32:41
14127,5401,431,CARD_AUTH,147974.54,USD,COMPLETED,Fedwire Interbank Net,2026-09-16 22:11:46,2026-09-16 22:13:14
14128,5305,494,ACH_DEBIT,77247.26,USD,COMPLETED,Fedwire Interbank Net,2026-09-06 07:35:57,2026-09-06 09:17:54
14129,5234,107,ACH_CREDIT,106758.68,USD,PROCESSING,Stripe Clearing Inc,2026-08-04 15:40:10,2026-08-04 16:18:56
14130,5558,309,ACH_DEBIT,52853.91,USD,PENDING,Apple Services US,2026-07-22 15:21:46,2026-07-22 15:23:17
14131,5676,435,MERCHANT_SETTLEMENT,133677.92,USD,COMPLETED,Visa Direct Global,2026-08-14 05:44:24,2026-08-14 06:27:11
14132,5597,431,FX_CONVERSION,101631.6,USD,COMPLETED,JPMorgan Settlement Corp,2026-08-29 18:30:35,2026-08-29 19:08:09
14133,5033,250,MERCHANT_SETTLEMENT,3629.3,USD,PROCESSING,Visa Direct Global,2026-08-20 04:29:15,2026-08-20 04:57:30
14134,5061,44,ACH_CREDIT,141609.63,USD,COMPLETED,Target Retail Network,2026-08-12 14:31:12,2026-08-12 15:49:54
14135,5524,15,INTERNAL_BOOK_TRANSFER,17621.75,USD,ON_HOLD,Oracle Cloud Infra,2026-09-06 06:03:24,2026-09-06 06:15:55
14136,5888,389,MERCHANT_SETTLEMENT,21588.95,USD,COMPLETED,Target Retail Network,2026-08-23 08:58:12,2026-08-23 09:56:12
14137,5563,320,WIRE_TRANSFER,48087.6,USD,PROCESSING,Stripe Clearing Inc,2026-07-23 12:45:43,2026-07-23 13:59:38
14138,5690,9,WIRE_TRANSFER,54912.47,USD,COMPLETED,Target Retail Network,2026-09-02 04:44:16,2026-09-02 05:22:36
14139,5858,414,ACH_CREDIT,48928.79,USD,PENDING,Amazon AWS Services,2026-08-01 09:03:45,2026-08-01 10:30:39
14140,5672,231,MERCHANT_SETTLEMENT,24876.39,USD,FAILED,Apple Services US,2026-07-26 16:55:40,2026-07-26 17:39:16
14141,5949,196,ACH_DEBIT,91232.93,USD,ON_HOLD,Visa Direct Global,2026-08-24 13:29:05,2026-08-24 14:32:20
14142,5714,470,FX_CONVERSION,100176.35,USD,COMPLETED,Walmart Global Vendor,2026-09-05 20:21:34,2026-09-05 21:08:09
14143,5582,176,FX_CONVERSION,85517.32,USD,COMPLETED,Amazon AWS Services,2026-08-22 02:05:39,2026-08-22 02:49:59
14144,5919,333,ACH_CREDIT,103257.29,USD,PENDING,JPMorgan Settlement Corp,2026-09-12 11:59:37,2026-09-12 13:36:38
14145,5647,43,MERCHANT_SETTLEMENT,17232.51,USD,PROCESSING,Walmart Global Vendor,2026-08-16 14:43:24,2026-08-16 14:53:37
14146,5573,115,FX_CONVERSION,51762.81,USD,COMPLETED,Walmart Global Vendor,2026-08-01 12:58:47,2026-08-01 14:39:46
14147,5874,340,ACH_DEBIT,21533.67,USD,COMPLETED,Apple Services US,2026-09-09 05:48:47,2026-09-09 07:16:57
14148,6000,257,ACH_CREDIT,116232.05,USD,COMPLETED,Fedwire Interbank Net,2026-08-19 05:53:40,2026-08-19 06:06:53
14149,5895,35,FX_CONVERSION,94382.31,USD,COMPLETED,Stripe Clearing Inc,2026-08-17 21:21:07,2026-08-17 23:14:49
14150,5930,192,MERCHANT_SETTLEMENT,44327.4,USD,COMPLETED,Walmart Global Vendor,2026-08-03 06:49:15,2026-08-03 06:57:31
14151,5824,105,WIRE_TRANSFER,118429.17,USD,ON_HOLD,JPMorgan Settlement Corp,2026-09-03 19:18:07,2026-09-03 20:44:18
14152,5395,392,FX_CONVERSION,132259.2,USD,PENDING,Target Retail Network,2026-07-22 07:42:15,2026-07-22 08:52:21
14153,5749,397,FX_CONVERSION,21246.37,USD,COMPLETED,Target Retail Network,2026-08-24 00:10:05,2026-08-24 01:43:26
14154,5879,124,ACH_CREDIT,108531.37,USD,COMPLETED,JPMorgan Settlement Corp,2026-08-16 10:44:06,2026-08-16 12:44:04
14155,5293,5,INTERNAL_BOOK_TRANSFER,105342.19,USD,PROCESSING,Target Retail Network,2026-08-31 04:54:29,2026-08-31 05:26:27
14156,5297,330,CARD_AUTH,119150.08,USD,COMPLETED,Visa Direct Global,2026-08-13 03:30:42,2026-08-13 03:43:06
14157,5181,409,INTERNAL_BOOK_TRANSFER,13305.31,USD,PROCESSING,Amazon AWS Services,2026-08-23 22:35:12,2026-08-24 00:13:22
14158,5851,338,ACH_CREDIT,53053.77,USD,PROCESSING,Walmart Global Vendor,2026-09-14 10:14:48,2026-09-14 11:32:27
14159,5063,363,WIRE_TRANSFER,42365.27,USD,FAILED,Apple Services US,2026-09-16 20:00:21,2026-09-16 20:34:57
14160,5091,70,CARD_AUTH,136636.81,USD,COMPLETED,JPMorgan Settlement Corp,2026-08-20 08:53:00,2026-08-20 09:34:22
14161,5417,5,WIRE_TRANSFER,83064.61,USD,PROCESSING,Stripe Clearing Inc,2026-07-30 21:04:05,2026-07-30 21:32:00
14162,5820,155,INTERNAL_BOOK_TRANSFER,144485.83,USD,COMPLETED,Microsoft Azure Cloud,2026-09-06 14:18:24,2026-09-06 15:55:25
14163,5376,243,WIRE_TRANSFER,30339.64,USD,PROCESSING,Visa Direct Global,2026-08-30 19:20:53,2026-08-30 20:55:26
14164,5181,457,MERCHANT_SETTLEMENT,64142.44,USD,PENDING,Stripe Clearing Inc,2026-08-06 20:20:31,2026-08-06 21:27:59
14165,5245,149,CARD_AUTH,19285.55,USD,FAILED,Stripe Clearing Inc,2026-08-03 11:00:51,2026-08-03 11:04:28
14166,5792,85,FX_CONVERSION,12970.16,USD,ON_HOLD,Target Retail Network,2026-09-06 14:40:57,2026-09-06 14:52:26
14167,5230,21,WIRE_TRANSFER,43517.98,USD,FAILED,Microsoft Azure Cloud,2026-09-12 05:47:31,2026-09-12 05:52:17
14168,5167,317,FX_CONVERSION,142619.45,USD,COMPLETED,Oracle Cloud Infra,2026-09-10 17:47:46,2026-09-10 19:15:52
14169,5541,365,WIRE_TRANSFER,86770.1,USD,ON_HOLD,Fedwire Interbank Net,2026-08-18 03:31:30,2026-08-18 05:22:06
14170,5370,81,ACH_CREDIT,17575.1,USD,PROCESSING,Stripe Clearing Inc,2026-09-13 17:16:59,2026-09-13 19:15:41
14171,5605,19,FX_CONVERSION,23133.54,USD,ON_HOLD,Target Retail Network,2026-08-07 11:36:49,2026-08-07 12:20:43
14172,5402,494,FX_CONVERSION,109065.97,USD,ON_HOLD,Target Retail Network,2026-07-28 23:02:24,2026-07-29 00:02:52
14173,5983,78,ACH_CREDIT,114062.41,USD,FAILED,Fedwire Interbank Net,2026-09-05 07:21:14,2026-09-05 07:28:40
14174,5308,499,INTERNAL_BOOK_TRANSFER,132002.46,USD,COMPLETED,Apple Services US,2026-07-28 02:00:45,2026-07-28 02:02:22
14175,5879,336,ACH_CREDIT,103625.14,USD,PROCESSING,Stripe Clearing Inc,2026-07-31 00:05:35,2026-07-31 01:14:46
14176,5813,391,MERCHANT_SETTLEMENT,43602.42,USD,COMPLETED,Amazon AWS Services,2026-07-30 16:47:00,2026-07-30 17:19:44
14177,5740,106,CARD_AUTH,23854.67,USD,FAILED,Target Retail Network,2026-08-15 06:34:50,2026-08-15 08:24:00
14178,5270,304,ACH_DEBIT,64493.14,USD,PENDING,Stripe Clearing Inc,2026-08-13 16:31:52,2026-08-13 17:42:50
14179,5487,395,MERCHANT_SETTLEMENT,51758.06,USD,FAILED,Apple Services US,2026-09-01 21:09:33,2026-09-01 21:56:58
14180,5770,361,ACH_CREDIT,53732.26,USD,FAILED,Apple Services US,2026-08-03 14:00:43,2026-08-03 14:31:40
14181,5078,423,MERCHANT_SETTLEMENT,113391.62,USD,COMPLETED,Stripe Clearing Inc,2026-08-27 02:43:43,2026-08-27 02:47:21
14182,5856,101,INTERNAL_BOOK_TRANSFER,74632.28,USD,ON_HOLD,Oracle Cloud Infra,2026-07-27 06:47:46,2026-07-27 07:00:31
14183,5668,498,CARD_AUTH,100784.05,USD,FAILED,Amazon AWS Services,2026-08-19 10:50:22,2026-08-19 12:35:39
14184,5911,354,CARD_AUTH,65938.15,USD,FAILED,Amazon AWS Services,2026-08-07 01:45:25,2026-08-07 03:29:13
14185,5878,294,FX_CONVERSION,56883.19,USD,FAILED,Target Retail Network,2026-07-25 16:34:33,2026-07-25 17:32:35
14186,5409,446,MERCHANT_SETTLEMENT,3431.41,USD,COMPLETED,Visa Direct Global,2026-09-16 19:25:51,2026-09-16 20:04:17
14187,5413,468,FX_CONVERSION,129402.87,USD,PENDING,Fedwire Interbank Net,2026-09-16 12:34:54,2026-09-16 13:08:30
14188,5882,367,ACH_CREDIT,148022.57,USD,COMPLETED,Target Retail Network,2026-09-02 14:28:26,2026-09-02 14:36:36
14189,5030,253,WIRE_TRANSFER,111334.99,USD,COMPLETED,Oracle Cloud Infra,2026-07-20 16:30:54,2026-07-20 18:17:39
14190,5028,297,MERCHANT_SETTLEMENT,130000.57,USD,COMPLETED,Microsoft Azure Cloud,2026-07-24 12:54:53,2026-07-24 14:11:20
14191,5431,102,ACH_CREDIT,27411.7,USD,COMPLETED,Target Retail Network,2026-07-22 19:07:20,2026-07-22 20:56:31
14192,5771,208,ACH_DEBIT,133435.67,USD,FAILED,Apple Services US,2026-08-17 06:51:57,2026-08-17 07:30:59
14193,5903,357,FX_CONVERSION,104031.25,USD,PROCESSING,Target Retail Network,2026-08-05 10:27:41,2026-08-05 11:00:59
14194,5480,172,FX_CONVERSION,109838.09,USD,FAILED,Visa Direct Global,2026-09-05 16:16:55,2026-09-05 16:42:27
14195,5146,269,CARD_AUTH,133404.15,USD,PROCESSING,JPMorgan Settlement Corp,2026-08-25 02:52:00,2026-08-25 04:07:13
14196,5969,173,INTERNAL_BOOK_TRANSFER,41170.65,USD,COMPLETED,Stripe Clearing Inc,2026-08-09 08:46:17,2026-08-09 10:11:02
14197,5788,59,FX_CONVERSION,143223.46,USD,FAILED,Amazon AWS Services,2026-08-09 16:13:26,2026-08-09 16:55:57
14198,5532,442,ACH_CREDIT,116748.48,USD,COMPLETED,Fedwire Interbank Net,2026-09-05 22:37:24,2026-09-05 23:51:34
14199,5575,466,ACH_CREDIT,82182.15,USD,PENDING,Target Retail Network,2026-08-27 07:24:05,2026-08-27 09:24:02
14200,5577,431,INTERNAL_BOOK_TRANSFER,28896.87,USD,COMPLETED,Oracle Cloud Infra,2026-07-21 11:22:10,2026-07-21 11:26:41
14201,5265,356,ACH_CREDIT,61694.19,USD,PENDING,Walmart Global Vendor,2026-09-08 04:51:11,2026-09-08 05:33:45
14202,5424,216,CARD_AUTH,41039.03,USD,PENDING,Apple Services US,2026-08-14 15:00:38,2026-08-14 15:14:07
14203,5403,119,MERCHANT_SETTLEMENT,115014.54,USD,COMPLETED,Amazon AWS Services,2026-08-27 16:35:42,2026-08-27 17:06:54
14204,5109,235,ACH_DEBIT,51797.78,USD,COMPLETED,Visa Direct Global,2026-08-31 18:19:22,2026-08-31 19:25:05
14205,5410,20,WIRE_TRANSFER,39041.08,USD,PROCESSING,Microsoft Azure Cloud,2026-07-20 07:07:14,2026-07-20 08:17:20
14206,5106,57,INTERNAL_BOOK_TRANSFER,116443.63,USD,COMPLETED,Stripe Clearing Inc,2026-08-24 17:38:01,2026-08-24 18:38:05
14207,5183,279,WIRE_TRANSFER,106017.52,USD,ON_HOLD,Target Retail Network,2026-08-25 15:28:29,2026-08-25 15:37:54
14208,5075,213,FX_CONVERSION,57197.15,USD,COMPLETED,Microsoft Azure Cloud,2026-08-26 08:52:17,2026-08-26 08:56:36
14209,5881,102,MERCHANT_SETTLEMENT,11442.76,USD,PROCESSING,Visa Direct Global,2026-08-04 23:28:41,2026-08-05 00:23:20
14210,5767,384,WIRE_TRANSFER,117409.66,USD,COMPLETED,Walmart Global Vendor,2026-08-15 00:00:55,2026-08-15 00:52:45
14211,5995,180,ACH_DEBIT,26338.52,USD,PENDING,Oracle Cloud Infra,2026-08-12 18:51:11,2026-08-12 19:43:07
14212,5519,386,ACH_DEBIT,138736.82,USD,FAILED,Target Retail Network,2026-09-06 08:27:48,2026-09-06 09:29:36
14213,5092,137,CARD_AUTH,4120.19,USD,COMPLETED,Microsoft Azure Cloud,2026-08-19 09:13:00,2026-08-19 09:51:25
14214,5347,434,FX_CONVERSION,53142.32,USD,PENDING,Fedwire Interbank Net,2026-07-22 14:33:31,2026-07-22 14:34:48
14215,5237,4,CARD_AUTH,12958.25,USD,PROCESSING,Fedwire Interbank Net,2026-08-02 04:33:27,2026-08-02 04:54:18
14216,5509,398,ACH_CREDIT,143470.29,USD,PROCESSING,Fedwire Interbank Net,2026-09-14 19:41:04,2026-09-14 20:45:32
14217,5929,137,INTERNAL_BOOK_TRANSFER,18878.44,USD,COMPLETED,Apple Services US,2026-08-08 23:39:08,2026-08-09 00:32:32
14218,5817,272,ACH_CREDIT,80273.75,USD,ON_HOLD,Amazon AWS Services,2026-09-14 05:26:07,2026-09-14 06:10:33
14219,5858,348,INTERNAL_BOOK_TRANSFER,67661.22,USD,FAILED,Visa Direct Global,2026-08-07 15:04:29,2026-08-07 15:39:52
14220,5031,400,INTERNAL_BOOK_TRANSFER,90693.98,USD,COMPLETED,Fedwire Interbank Net,2026-08-23 20:17:21,2026-08-23 20:21:57
14221,5557,59,WIRE_TRANSFER,28367.07,USD,FAILED,Microsoft Azure Cloud,2026-07-21 16:39:03,2026-07-21 17:11:58
14222,5282,418,FX_CONVERSION,94264.17,USD,PROCESSING,Microsoft Azure Cloud,2026-08-07 03:45:07,2026-08-07 05:44:12
14223,5764,493,MERCHANT_SETTLEMENT,121947.57,USD,COMPLETED,Amazon AWS Services,2026-08-29 14:22:39,2026-08-29 14:46:18
14224,5830,250,FX_CONVERSION,49625.0,USD,ON_HOLD,Visa Direct Global,2026-08-21 09:16:19,2026-08-21 11:16:02
14225,5727,64,ACH_DEBIT,121699.97,USD,PROCESSING,Walmart Global Vendor,2026-08-13 14:09:26,2026-08-13 14:48:26
14226,5628,384,MERCHANT_SETTLEMENT,64176.61,USD,COMPLETED,Microsoft Azure Cloud,2026-08-02 05:46:21,2026-08-02 07:40:28
14227,5087,380,CARD_AUTH,104512.62,USD,FAILED,Walmart Global Vendor,2026-08-31 01:40:53,2026-08-31 01:58:46
14228,5487,176,ACH_CREDIT,75086.2,USD,COMPLETED,Stripe Clearing Inc,2026-08-29 02:34:18,2026-08-29 04:15:45
14229,5911,455,INTERNAL_BOOK_TRANSFER,129655.03,USD,ON_HOLD,Apple Services US,2026-08-08 16:44:29,2026-08-08 17:21:33
14230,5314,237,FX_CONVERSION,99348.21,USD,COMPLETED,Walmart Global Vendor,2026-09-14 15:05:44,2026-09-14 15:30:57
14231,5240,161,INTERNAL_BOOK_TRANSFER,17653.96,USD,PENDING,Target Retail Network,2026-09-11 07:14:03,2026-09-11 07:45:15
14232,5844,84,MERCHANT_SETTLEMENT,41793.08,USD,ON_HOLD,Oracle Cloud Infra,2026-09-16 15:56:42,2026-09-16 17:03:11
14233,5736,47,INTERNAL_BOOK_TRANSFER,143333.59,USD,FAILED,Amazon AWS Services,2026-07-24 23:19:05,2026-07-24 23:31:31
14234,5456,7,MERCHANT_SETTLEMENT,83439.17,USD,COMPLETED,JPMorgan Settlement Corp,2026-08-16 09:14:07,2026-08-16 10:41:04
14235,5672,173,MERCHANT_SETTLEMENT,60770.53,USD,COMPLETED,Target Retail Network,2026-07-23 19:12:02,2026-07-23 21:09:02
14236,5278,448,CARD_AUTH,141974.31,USD,PROCESSING,Microsoft Azure Cloud,2026-09-12 03:21:14,2026-09-12 03:59:47
14237,5093,358,CARD_AUTH,43281.09,USD,ON_HOLD,Target Retail Network,2026-08-19 05:59:50,2026-08-19 07:37:21
14238,5360,397,ACH_CREDIT,118081.75,USD,FAILED,Oracle Cloud Infra,2026-08-08 10:26:56,2026-08-08 11:54:23
14239,5219,248,ACH_CREDIT,101183.74,USD,FAILED,Apple Services US,2026-08-23 16:46:03,2026-08-23 18:43:28
14240,5416,338,MERCHANT_SETTLEMENT,86077.61,USD,PROCESSING,Stripe Clearing Inc,2026-08-09 00:43:21,2026-08-09 00:50:01
14241,5941,71,MERCHANT_SETTLEMENT,132791.98,USD,PENDING,Microsoft Azure Cloud,2026-09-02 03:07:51,2026-09-02 04:45:00
14242,5484,50,CARD_AUTH,12441.53,USD,PROCESSING,Oracle Cloud Infra,2026-08-01 10:26:50,2026-08-01 12:06:25
14243,5747,34,CARD_AUTH,78715.0,USD,PENDING,Amazon AWS Services,2026-09-08 11:30:52,2026-09-08 13:18:51
14244,5609,143,WIRE_TRANSFER,139855.72,USD,COMPLETED,Apple Services US,2026-09-13 19:56:48,2026-09-13 20:13:22
14245,5119,214,WIRE_TRANSFER,11433.55,USD,PENDING,Microsoft Azure Cloud,2026-08-13 12:58:55,2026-08-13 13:51:07
14246,5730,333,WIRE_TRANSFER,145176.32,USD,PROCESSING,Oracle Cloud Infra,2026-08-12 05:36:54,2026-08-12 05:45:13
14247,5777,296,MERCHANT_SETTLEMENT,54502.37,USD,COMPLETED,JPMorgan Settlement Corp,2026-08-18 03:25:13,2026-08-18 05:24:30
14248,5941,251,ACH_CREDIT,143943.93,USD,FAILED,Oracle Cloud Infra,2026-09-10 21:29:16,2026-09-10 23:26:29
14249,5668,392,ACH_DEBIT,145510.99,USD,COMPLETED,Target Retail Network,2026-09-06 01:57:42,2026-09-06 03:36:18
14250,5686,248,ACH_DEBIT,83946.41,USD,FAILED,Apple Services US,2026-09-02 08:07:57,2026-09-02 08:08:40
14251,5058,241,FX_CONVERSION,84087.65,USD,COMPLETED,JPMorgan Settlement Corp,2026-08-21 21:30:44,2026-08-21 22:03:53
14252,5177,172,WIRE_TRANSFER,23545.12,USD,FAILED,Oracle Cloud Infra,2026-07-22 19:31:35,2026-07-22 20:46:50
14253,5993,84,CARD_AUTH,24920.83,USD,PENDING,Visa Direct Global,2026-09-14 16:12:54,2026-09-14 16:21:13
14254,5630,210,INTERNAL_BOOK_TRANSFER,60895.09,USD,ON_HOLD,Amazon AWS Services,2026-08-03 05:34:25,2026-08-03 06:48:23
14255,5441,185,INTERNAL_BOOK_TRANSFER,126542.13,USD,PROCESSING,Target Retail Network,2026-09-13 06:30:32,2026-09-13 07:58:53
14256,5370,236,WIRE_TRANSFER,61495.13,USD,PENDING,Oracle Cloud Infra,2026-08-01 19:04:29,2026-08-01 19:19:22
14257,5787,368,WIRE_TRANSFER,124370.64,USD,COMPLETED,Apple Services US,2026-07-20 18:12:05,2026-07-20 20:05:45
14258,5776,384,FX_CONVERSION,126421.12,USD,COMPLETED,Apple Services US,2026-07-24 08:27:26,2026-07-24 10:18:12
14259,5252,250,FX_CONVERSION,116512.51,USD,PROCESSING,Oracle Cloud Infra,2026-08-29 07:15:10,2026-08-29 08:52:40
14260,5722,392,MERCHANT_SETTLEMENT,112725.36,USD,PROCESSING,Target Retail Network,2026-08-04 18:26:03,2026-08-04 18:31:07
14261,5511,410,CARD_AUTH,119176.52,USD,ON_HOLD,Amazon AWS Services,2026-09-13 05:27:21,2026-09-13 06:37:43
14262,5241,140,FX_CONVERSION,40716.57,USD,COMPLETED,Fedwire Interbank Net,2026-09-05 13:31:59,2026-09-05 15:10:43
14263,5312,277,MERCHANT_SETTLEMENT,129788.22,USD,ON_HOLD,JPMorgan Settlement Corp,2026-09-17 14:26:03,2026-09-17 15:22:05
14264,5356,31,CARD_AUTH,71229.19,USD,COMPLETED,Microsoft Azure Cloud,2026-08-21 20:45:34,2026-08-21 21:39:34
14265,5325,227,ACH_CREDIT,64075.18,USD,PENDING,Walmart Global Vendor,2026-08-15 15:18:32,2026-08-15 15:30:52
14266,5792,307,FX_CONVERSION,24045.37,USD,COMPLETED,Apple Services US,2026-09-14 17:12:04,2026-09-14 17:49:12
14267,5511,245,FX_CONVERSION,52520.32,USD,FAILED,Amazon AWS Services,2026-08-07 15:25:47,2026-08-07 16:07:49
14268,5342,392,ACH_CREDIT,113225.66,USD,COMPLETED,JPMorgan Settlement Corp,2026-08-31 07:08:03,2026-08-31 07:32:38
14269,5407,314,ACH_CREDIT,8776.15,USD,COMPLETED,Fedwire Interbank Net,2026-08-13 15:34:10,2026-08-13 16:21:23
14270,5176,488,ACH_DEBIT,142868.23,USD,COMPLETED,Target Retail Network,2026-07-20 19:19:36,2026-07-20 20:43:12
14271,5933,367,CARD_AUTH,4975.79,USD,PENDING,Microsoft Azure Cloud,2026-07-23 15:09:56,2026-07-23 16:50:01
14272,5391,117,ACH_DEBIT,13004.5,USD,PROCESSING,Walmart Global Vendor,2026-08-03 01:27:42,2026-08-03 02:56:09
14273,5153,140,MERCHANT_SETTLEMENT,59972.12,USD,PENDING,Walmart Global Vendor,2026-07-31 16:27:05,2026-07-31 16:44:15
14274,5351,363,FX_CONVERSION,30036.25,USD,FAILED,Visa Direct Global,2026-09-15 10:51:12,2026-09-15 10:54:39
14275,5064,369,CARD_AUTH,53740.5,USD,FAILED,Target Retail Network,2026-08-27 14:32:04,2026-08-27 16:10:54
14276,5947,393,MERCHANT_SETTLEMENT,90082.06,USD,COMPLETED,Target Retail Network,2026-08-02 00:40:50,2026-08-02 01:48:10
14277,5445,119,ACH_CREDIT,148936.59,USD,COMPLETED,JPMorgan Settlement Corp,2026-09-09 13:15:43,2026-09-09 14:04:15
14278,5714,205,ACH_CREDIT,116005.37,USD,FAILED,Oracle Cloud Infra,2026-08-11 05:45:18,2026-08-11 06:48:55
14279,5144,459,CARD_AUTH,124939.2,USD,FAILED,Target Retail Network,2026-09-06 02:32:46,2026-09-06 04:04:53
14280,5181,96,ACH_DEBIT,112643.63,USD,COMPLETED,Stripe Clearing Inc,2026-07-23 06:07:50,2026-07-23 06:39:44
14281,5830,118,INTERNAL_BOOK_TRANSFER,70743.74,USD,FAILED,Amazon AWS Services,2026-07-20 11:51:43,2026-07-20 13:05:58
14282,5710,300,ACH_DEBIT,21408.1,USD,COMPLETED,Microsoft Azure Cloud,2026-07-23 03:03:53,2026-07-23 03:31:52
14283,5761,229,WIRE_TRANSFER,40083.36,USD,COMPLETED,Target Retail Network,2026-08-07 22:00:19,2026-08-07 23:33:37
14284,5127,324,INTERNAL_BOOK_TRANSFER,80622.72,USD,FAILED,Oracle Cloud Infra,2026-08-09 06:22:10,2026-08-09 07:35:04
14285,5288,188,MERCHANT_SETTLEMENT,95201.92,USD,COMPLETED,JPMorgan Settlement Corp,2026-08-23 18:44:31,2026-08-23 20:12:45
14286,5499,457,FX_CONVERSION,93900.07,USD,COMPLETED,Microsoft Azure Cloud,2026-09-02 22:41:36,2026-09-02 23:11:36
14287,5451,52,FX_CONVERSION,78576.86,USD,ON_HOLD,Walmart Global Vendor,2026-07-30 20:38:43,2026-07-30 21:43:59
14288,5973,216,FX_CONVERSION,98817.47,USD,PROCESSING,Amazon AWS Services,2026-08-26 07:35:41,2026-08-26 08:16:09
14289,5379,433,INTERNAL_BOOK_TRANSFER,53497.74,USD,COMPLETED,JPMorgan Settlement Corp,2026-07-29 03:08:19,2026-07-29 03:58:35
14290,5502,341,INTERNAL_BOOK_TRANSFER,80918.65,USD,COMPLETED,Apple Services US,2026-08-04 02:24:15,2026-08-04 03:23:44
14291,5297,16,ACH_DEBIT,30959.03,USD,COMPLETED,Apple Services US,2026-08-08 01:39:16,2026-08-08 03:07:46
14292,5993,496,FX_CONVERSION,64316.04,USD,PROCESSING,Walmart Global Vendor,2026-09-17 16:52:47,2026-09-17 17:20:44
14293,5270,372,ACH_CREDIT,78938.04,USD,PROCESSING,Target Retail Network,2026-09-13 09:00:52,2026-09-13 09:06:08
14294,5227,309,MERCHANT_SETTLEMENT,92051.22,USD,PROCESSING,Apple Services US,2026-09-08 02:31:20,2026-09-08 04:29:10
14295,5223,347,ACH_CREDIT,12068.85,USD,COMPLETED,Amazon AWS Services,2026-08-11 22:24:12,2026-08-11 22:46:48
14296,5097,305,FX_CONVERSION,56135.6,USD,PROCESSING,Fedwire Interbank Net,2026-08-22 08:43:00,2026-08-22 10:32:01
14297,5372,400,WIRE_TRANSFER,102148.44,USD,ON_HOLD,Amazon AWS Services,2026-08-01 05:29:20,2026-08-01 06:14:41
14298,5012,203,MERCHANT_SETTLEMENT,65174.65,USD,ON_HOLD,Oracle Cloud Infra,2026-08-28 02:59:28,2026-08-28 04:26:38
14299,5688,393,WIRE_TRANSFER,60506.08,USD,PENDING,Target Retail Network,2026-08-17 17:22:44,2026-08-17 18:30:17
14300,5428,242,WIRE_TRANSFER,130628.17,USD,FAILED,Visa Direct Global,2026-09-13 20:17:32,2026-09-13 21:50:15
14301,5545,220,ACH_CREDIT,21370.76,USD,PROCESSING,Walmart Global Vendor,2026-09-17 14:18:39,2026-09-17 14:30:53
14302,5912,375,WIRE_TRANSFER,34686.25,USD,COMPLETED,JPMorgan Settlement Corp,2026-08-18 23:06:02,2026-08-18 23:26:08
14303,5878,241,MERCHANT_SETTLEMENT,25355.64,USD,COMPLETED,Walmart Global Vendor,2026-08-23 01:05:04,2026-08-23 02:22:25
14304,5778,206,ACH_CREDIT,136134.01,USD,PENDING,Microsoft Azure Cloud,2026-08-08 19:32:54,2026-08-08 20:51:11
14305,5693,213,ACH_CREDIT,89495.91,USD,COMPLETED,Visa Direct Global,2026-08-21 12:36:39,2026-08-21 13:58:10
14306,5296,4,ACH_CREDIT,83461.03,USD,COMPLETED,Walmart Global Vendor,2026-08-16 14:11:28,2026-08-16 15:08:10
14307,5371,223,CARD_AUTH,99386.98,USD,COMPLETED,Target Retail Network,2026-07-27 01:20:12,2026-07-27 02:24:26
14308,5060,263,MERCHANT_SETTLEMENT,32600.03,USD,COMPLETED,JPMorgan Settlement Corp,2026-07-28 15:54:32,2026-07-28 15:56:45
14309,5679,75,INTERNAL_BOOK_TRANSFER,121004.7,USD,PENDING,Target Retail Network,2026-08-25 17:37:47,2026-08-25 19:09:32
14310,5386,114,INTERNAL_BOOK_TRANSFER,111442.31,USD,COMPLETED,Walmart Global Vendor,2026-08-26 17:45:07,2026-08-26 19:14:52
14311,5814,237,ACH_CREDIT,107979.61,USD,FAILED,JPMorgan Settlement Corp,2026-08-05 07:55:37,2026-08-05 09:35:19
14312,5210,146,FX_CONVERSION,67816.61,USD,PROCESSING,Target Retail Network,2026-09-15 22:07:10,2026-09-15 22:16:10
14313,5437,342,MERCHANT_SETTLEMENT,788.63,USD,COMPLETED,Visa Direct Global,2026-07-31 20:20:40,2026-07-31 20:25:18
14314,5618,6,ACH_DEBIT,82318.84,USD,PENDING,Fedwire Interbank Net,2026-07-22 01:08:39,2026-07-22 02:50:49
14315,5453,107,CARD_AUTH,111889.19,USD,PENDING,Microsoft Azure Cloud,2026-08-18 08:37:26,2026-08-18 10:20:39
14316,5459,397,CARD_AUTH,83654.35,USD,PROCESSING,Target Retail Network,2026-09-03 08:41:11,2026-09-03 09:51:27
14317,5366,315,ACH_DEBIT,94524.57,USD,COMPLETED,Stripe Clearing Inc,2026-09-04 20:22:25,2026-09-04 21:21:18
14318,5815,30,CARD_AUTH,122418.27,USD,ON_HOLD,Amazon AWS Services,2026-09-16 00:38:14,2026-09-16 01:05:19
14319,5508,50,MERCHANT_SETTLEMENT,43913.4,USD,FAILED,Walmart Global Vendor,2026-09-12 02:51:52,2026-09-12 03:06:37
14320,5015,147,ACH_DEBIT,112690.42,USD,FAILED,Target Retail Network,2026-08-15 05:20:38,2026-08-15 06:17:51
14321,5446,493,FX_CONVERSION,125312.94,USD,COMPLETED,Apple Services US,2026-08-09 13:02:51,2026-08-09 14:36:57
14322,5984,496,ACH_CREDIT,80946.02,USD,FAILED,Oracle Cloud Infra,2026-07-25 08:29:44,2026-07-25 10:11:25
14323,5790,403,INTERNAL_BOOK_TRANSFER,48854.48,USD,PROCESSING,Visa Direct Global,2026-07-22 17:39:46,2026-07-22 19:09:51
14324,5340,200,MERCHANT_SETTLEMENT,51732.29,USD,COMPLETED,Oracle Cloud Infra,2026-08-07 09:43:27,2026-08-07 10:43:56
14325,5556,410,ACH_DEBIT,111029.14,USD,PENDING,Stripe Clearing Inc,2026-09-15 10:31:40,2026-09-15 11:43:55
14326,5945,386,FX_CONVERSION,75381.22,USD,PENDING,Microsoft Azure Cloud,2026-08-12 15:51:15,2026-08-12 17:42:38
14327,5271,182,WIRE_TRANSFER,90944.57,USD,PENDING,Oracle Cloud Infra,2026-08-19 18:53:17,2026-08-19 20:17:52
14328,5220,258,WIRE_TRANSFER,59276.13,USD,ON_HOLD,Walmart Global Vendor,2026-07-25 10:21:22,2026-07-25 10:41:54
14329,5246,24,FX_CONVERSION,129089.62,USD,ON_HOLD,Visa Direct Global,2026-08-26 16:23:02,2026-08-26 17:01:24
14330,5403,411,FX_CONVERSION,142846.5,USD,COMPLETED,Microsoft Azure Cloud,2026-08-10 09:44:49,2026-08-10 10:25:36
14331,5794,448,ACH_CREDIT,53765.42,USD,PROCESSING,Fedwire Interbank Net,2026-09-15 13:54:21,2026-09-15 14:39:29
14332,5182,58,ACH_CREDIT,123041.74,USD,ON_HOLD,Walmart Global Vendor,2026-08-26 13:55:02,2026-08-26 13:59:30
14333,5843,121,FX_CONVERSION,67794.99,USD,COMPLETED,Oracle Cloud Infra,2026-09-10 19:48:49,2026-09-10 19:55:02
14334,5215,170,CARD_AUTH,46568.79,USD,PROCESSING,Microsoft Azure Cloud,2026-08-25 21:20:16,2026-08-25 22:18:40
14335,5001,464,ACH_DEBIT,88121.34,USD,COMPLETED,Target Retail Network,2026-09-04 03:07:12,2026-09-04 04:02:13
14336,5266,226,ACH_DEBIT,68947.16,USD,ON_HOLD,Visa Direct Global,2026-07-31 17:16:34,2026-07-31 18:46:21
14337,5760,452,WIRE_TRANSFER,63919.02,USD,COMPLETED,JPMorgan Settlement Corp,2026-07-31 01:35:11,2026-07-31 03:26:11
14338,5347,23,CARD_AUTH,35680.4,USD,PROCESSING,Fedwire Interbank Net,2026-08-19 05:08:10,2026-08-19 05:56:11
14339,5565,404,MERCHANT_SETTLEMENT,106531.49,USD,ON_HOLD,Stripe Clearing Inc,2026-09-12 11:43:24,2026-09-12 13:10:42
14340,5046,22,CARD_AUTH,124286.54,USD,COMPLETED,Walmart Global Vendor,2026-09-08 10:06:02,2026-09-08 11:28:20
14341,5227,111,ACH_CREDIT,55937.02,USD,FAILED,Oracle Cloud Infra,2026-08-29 05:05:00,2026-08-29 06:42:39
14342,5733,339,MERCHANT_SETTLEMENT,215.89,USD,FAILED,Target Retail Network,2026-09-07 21:15:50,2026-09-07 21:58:45
14343,5324,384,WIRE_TRANSFER,114968.97,USD,COMPLETED,JPMorgan Settlement Corp,2026-09-14 17:31:53,2026-09-14 18:18:12
14344,5805,438,MERCHANT_SETTLEMENT,28974.01,USD,PROCESSING,Amazon AWS Services,2026-07-30 02:36:03,2026-07-30 04:35:43
14345,5906,16,WIRE_TRANSFER,27674.72,USD,COMPLETED,Walmart Global Vendor,2026-09-03 00:55:30,2026-09-03 01:08:30
14346,5987,278,WIRE_TRANSFER,136685.36,USD,PROCESSING,Amazon AWS Services,2026-08-26 04:20:33,2026-08-26 06:02:42
14347,5937,335,CARD_AUTH,13615.65,USD,COMPLETED,Visa Direct Global,2026-09-12 23:46:58,2026-09-13 01:32:16
14348,5593,60,ACH_CREDIT,137004.3,USD,ON_HOLD,Walmart Global Vendor,2026-07-23 08:04:51,2026-07-23 10:04:41
14349,5365,173,WIRE_TRANSFER,86348.84,USD,ON_HOLD,Visa Direct Global,2026-08-10 10:29:33,2026-08-10 12:23:24
14350,5951,296,MERCHANT_SETTLEMENT,79850.15,USD,COMPLETED,Oracle Cloud Infra,2026-08-30 20:57:56,2026-08-30 22:46:33
14351,5677,253,WIRE_TRANSFER,72467.26,USD,PROCESSING,Amazon AWS Services,2026-08-19 00:53:36,2026-08-19 02:17:00
14352,5971,76,FX_CONVERSION,127607.27,USD,ON_HOLD,JPMorgan Settlement Corp,2026-09-12 01:10:09,2026-09-12 02:47:54
14353,5978,401,CARD_AUTH,140366.01,USD,COMPLETED,Amazon AWS Services,2026-09-05 10:28:32,2026-09-05 12:04:27
14354,5104,308,MERCHANT_SETTLEMENT,12582.77,USD,PROCESSING,Target Retail Network,2026-08-08 23:21:50,2026-08-09 01:12:53
14355,5144,39,CARD_AUTH,29227.52,USD,PROCESSING,Walmart Global Vendor,2026-08-04 16:02:20,2026-08-04 16:20:49
14356,5044,289,CARD_AUTH,141303.35,USD,FAILED,Microsoft Azure Cloud,2026-07-23 20:07:11,2026-07-23 21:38:09
14357,5054,484,CARD_AUTH,31999.67,USD,FAILED,Stripe Clearing Inc,2026-09-03 13:42:38,2026-09-03 14:50:26
14358,5372,268,FX_CONVERSION,52330.09,USD,COMPLETED,Apple Services US,2026-08-13 13:41:58,2026-08-13 14:55:54
14359,5008,199,MERCHANT_SETTLEMENT,15955.31,USD,ON_HOLD,JPMorgan Settlement Corp,2026-08-29 01:39:29,2026-08-29 03:27:17
14360,6000,380,ACH_CREDIT,108129.34,USD,ON_HOLD,Target Retail Network,2026-07-25 14:31:19,2026-07-25 15:24:25
14361,5607,426,ACH_DEBIT,141480.33,USD,PENDING,Walmart Global Vendor,2026-09-05 10:27:16,2026-09-05 11:59:20
14362,5096,87,WIRE_TRANSFER,17704.44,USD,PENDING,Amazon AWS Services,2026-07-25 23:40:19,2026-07-26 00:54:24
14363,5084,461,WIRE_TRANSFER,100092.3,USD,COMPLETED,Target Retail Network,2026-09-17 11:50:55,2026-09-17 13:46:12
14364,5624,475,ACH_CREDIT,29370.57,USD,COMPLETED,Walmart Global Vendor,2026-08-23 12:03:14,2026-08-23 13:23:00
14365,5896,382,FX_CONVERSION,115353.82,USD,PROCESSING,JPMorgan Settlement Corp,2026-07-25 14:34:24,2026-07-25 15:33:04
14366,5807,78,ACH_CREDIT,17275.88,USD,COMPLETED,Walmart Global Vendor,2026-09-16 01:56:55,2026-09-16 02:55:46
14367,5569,337,INTERNAL_BOOK_TRANSFER,75746.91,USD,PROCESSING,Stripe Clearing Inc,2026-07-21 18:45:21,2026-07-21 20:04:59
14368,5721,199,INTERNAL_BOOK_TRANSFER,16183.37,USD,FAILED,Fedwire Interbank Net,2026-09-10 23:42:29,2026-09-10 23:49:10
14369,5991,148,ACH_DEBIT,4650.94,USD,COMPLETED,Stripe Clearing Inc,2026-07-26 03:28:11,2026-07-26 03:47:30
14370,5773,26,CARD_AUTH,32592.82,USD,PENDING,Amazon AWS Services,2026-09-08 04:49:04,2026-09-08 05:05:52
14371,5415,403,ACH_DEBIT,116401.82,USD,ON_HOLD,Oracle Cloud Infra,2026-07-21 02:49:47,2026-07-21 03:24:25
14372,5262,383,CARD_AUTH,121095.87,USD,FAILED,Amazon AWS Services,2026-09-10 08:39:39,2026-09-10 10:15:30
14373,5078,355,FX_CONVERSION,74947.24,USD,COMPLETED,Microsoft Azure Cloud,2026-07-23 12:38:45,2026-07-23 14:28:39
14374,5794,283,CARD_AUTH,35432.35,USD,PENDING,Visa Direct Global,2026-08-20 10:40:04,2026-08-20 11:16:08
14375,5288,290,ACH_DEBIT,4500.31,USD,PENDING,Amazon AWS Services,2026-09-15 04:01:16,2026-09-15 05:34:12
14376,5832,436,INTERNAL_BOOK_TRANSFER,49879.61,USD,PROCESSING,Amazon AWS Services,2026-08-29 00:23:34,2026-08-29 02:16:39
14377,5135,355,MERCHANT_SETTLEMENT,39360.17,USD,PENDING,Fedwire Interbank Net,2026-09-15 12:10:23,2026-09-15 13:26:35
14378,5226,351,FX_CONVERSION,95660.96,USD,FAILED,Walmart Global Vendor,2026-09-13 07:27:32,2026-09-13 08:56:53
14379,5042,250,ACH_DEBIT,21270.83,USD,COMPLETED,Stripe Clearing Inc,2026-08-18 10:35:12,2026-08-18 10:54:49
14380,5682,317,INTERNAL_BOOK_TRANSFER,2436.52,USD,PROCESSING,Walmart Global Vendor,2026-09-01 22:22:07,2026-09-02 00:19:32
14381,5667,227,MERCHANT_SETTLEMENT,26892.17,USD,FAILED,Target Retail Network,2026-09-09 15:16:29,2026-09-09 15:55:50
14382,5466,208,CARD_AUTH,58595.7,USD,COMPLETED,Visa Direct Global,2026-08-22 08:36:10,2026-08-22 09:02:54
14383,5046,50,MERCHANT_SETTLEMENT,140724.81,USD,COMPLETED,Apple Services US,2026-08-02 07:37:36,2026-08-02 08:49:17
14384,5646,206,WIRE_TRANSFER,70425.51,USD,COMPLETED,Fedwire Interbank Net,2026-09-08 04:33:07,2026-09-08 05:16:54
14385,5597,465,WIRE_TRANSFER,20234.67,USD,FAILED,Fedwire Interbank Net,2026-08-01 09:28:28,2026-08-01 10:51:39
14386,5826,229,MERCHANT_SETTLEMENT,12743.69,USD,FAILED,Fedwire Interbank Net,2026-08-26 09:25:15,2026-08-26 09:44:03
14387,5788,369,FX_CONVERSION,59867.95,USD,COMPLETED,Target Retail Network,2026-08-18 18:29:29,2026-08-18 19:51:02
14388,5535,66,ACH_DEBIT,121191.95,USD,PENDING,Oracle Cloud Infra,2026-09-15 13:02:49,2026-09-15 14:29:05
14389,5805,346,MERCHANT_SETTLEMENT,72480.71,USD,COMPLETED,Stripe Clearing Inc,2026-08-27 06:07:51,2026-08-27 06:58:23
14390,5388,81,CARD_AUTH,74658.31,USD,PENDING,Microsoft Azure Cloud,2026-07-24 04:10:28,2026-07-24 04:32:08
14391,5065,460,ACH_DEBIT,123283.52,USD,PENDING,JPMorgan Settlement Corp,2026-08-08 20:26:31,2026-08-08 20:38:26
14392,5735,481,ACH_CREDIT,48360.69,USD,COMPLETED,JPMorgan Settlement Corp,2026-08-08 12:58:45,2026-08-08 13:45:16
14393,5156,175,CARD_AUTH,111422.29,USD,FAILED,Amazon AWS Services,2026-07-19 21:22:23,2026-07-19 22:33:36
14394,5329,382,CARD_AUTH,78384.25,USD,PROCESSING,Microsoft Azure Cloud,2026-09-16 02:20:46,2026-09-16 03:14:09
14395,5900,33,MERCHANT_SETTLEMENT,26983.84,USD,COMPLETED,Amazon AWS Services,2026-08-21 18:48:52,2026-08-21 20:34:27
14396,5154,5,INTERNAL_BOOK_TRANSFER,54013.4,USD,ON_HOLD,Target Retail Network,2026-08-20 21:47:37,2026-08-20 22:14:53
14397,5786,45,ACH_CREDIT,107855.97,USD,PROCESSING,Microsoft Azure Cloud,2026-08-24 21:21:04,2026-08-24 22:17:38
14398,5018,169,FX_CONVERSION,144102.99,USD,PROCESSING,Target Retail Network,2026-08-16 19:13:14,2026-08-16 20:43:57
14399,5153,125,ACH_CREDIT,19053.57,USD,ON_HOLD,Stripe Clearing Inc,2026-07-20 11:13:00,2026-07-20 12:35:37
14400,5088,453,ACH_CREDIT,138205.53,USD,PROCESSING,Microsoft Azure Cloud,2026-08-13 21:17:16,2026-08-13 22:58:57
14401,5232,372,WIRE_TRANSFER,118929.84,USD,COMPLETED,Stripe Clearing Inc,2026-08-16 02:38:07,2026-08-16 04:35:54
14402,5032,414,FX_CONVERSION,138937.57,USD,PENDING,Oracle Cloud Infra,2026-08-10 10:06:23,2026-08-10 10:42:40
14403,5712,465,CARD_AUTH,128721.49,USD,ON_HOLD,Apple Services US,2026-09-04 14:14:40,2026-09-04 15:35:32
14404,5781,279,ACH_CREDIT,103384.13,USD,COMPLETED,Amazon AWS Services,2026-08-03 06:00:17,2026-08-03 06:13:33
14405,5951,59,MERCHANT_SETTLEMENT,139585.78,USD,COMPLETED,Target Retail Network,2026-07-28 19:50:46,2026-07-28 20:20:28
14406,5504,319,FX_CONVERSION,129827.51,USD,ON_HOLD,Oracle Cloud Infra,2026-07-27 16:04:21,2026-07-27 17:13:00
14407,5112,335,WIRE_TRANSFER,144018.14,USD,FAILED,Visa Direct Global,2026-08-25 23:54:50,2026-08-26 00:15:28
14408,5883,160,ACH_CREDIT,146014.29,USD,COMPLETED,Apple Services US,2026-09-08 05:52:12,2026-09-08 07:37:44
14409,5632,387,CARD_AUTH,65297.29,USD,COMPLETED,Walmart Global Vendor,2026-08-23 22:24:39,2026-08-23 23:33:32
14410,5485,232,ACH_DEBIT,116450.99,USD,FAILED,Walmart Global Vendor,2026-08-01 04:51:33,2026-08-01 05:48:34
14411,5219,393,INTERNAL_BOOK_TRANSFER,45093.99,USD,PROCESSING,Oracle Cloud Infra,2026-08-02 18:37:49,2026-08-02 19:04:34
14412,5767,388,MERCHANT_SETTLEMENT,123599.24,USD,COMPLETED,Walmart Global Vendor,2026-08-19 00:01:31,2026-08-19 00:41:56
14413,5766,96,ACH_CREDIT,95918.38,USD,COMPLETED,Walmart Global Vendor,2026-07-31 03:49:47,2026-07-31 03:59:05
14414,5921,239,FX_CONVERSION,101942.67,USD,FAILED,JPMorgan Settlement Corp,2026-09-11 13:36:33,2026-09-11 13:40:04
14415,5340,24,ACH_CREDIT,37783.88,USD,COMPLETED,Target Retail Network,2026-09-11 14:43:42,2026-09-11 16:24:18
14416,5540,96,FX_CONVERSION,144328.47,USD,COMPLETED,Amazon AWS Services,2026-08-14 06:15:54,2026-08-14 07:16:14
14417,5407,243,MERCHANT_SETTLEMENT,56969.45,USD,PENDING,Amazon AWS Services,2026-09-09 12:03:57,2026-09-09 12:21:34
14418,5554,280,MERCHANT_SETTLEMENT,44902.08,USD,ON_HOLD,Oracle Cloud Infra,2026-09-01 04:45:52,2026-09-01 04:56:44
14419,5741,341,ACH_CREDIT,8366.42,USD,PENDING,Walmart Global Vendor,2026-08-08 23:31:50,2026-08-08 23:41:46
14420,5701,432,CARD_AUTH,32292.23,USD,PENDING,Oracle Cloud Infra,2026-08-23 18:24:59,2026-08-23 19:47:33
14421,5195,53,ACH_DEBIT,116576.02,USD,ON_HOLD,JPMorgan Settlement Corp,2026-08-27 06:49:34,2026-08-27 07:07:10
14422,5098,337,INTERNAL_BOOK_TRANSFER,5194.61,USD,FAILED,Microsoft Azure Cloud,2026-07-27 19:18:34,2026-07-27 19:53:43
14423,5810,489,ACH_DEBIT,33000.05,USD,ON_HOLD,Stripe Clearing Inc,2026-07-21 07:14:53,2026-07-21 09:04:54
14424,5397,42,ACH_DEBIT,138298.31,USD,COMPLETED,JPMorgan Settlement Corp,2026-09-15 04:37:24,2026-09-15 06:25:08
14425,5889,306,MERCHANT_SETTLEMENT,139707.8,USD,COMPLETED,Apple Services US,2026-08-19 02:31:25,2026-08-19 03:08:31
14426,5954,105,ACH_CREDIT,10392.87,USD,FAILED,Visa Direct Global,2026-09-04 07:30:49,2026-09-04 07:44:06
14427,5831,63,INTERNAL_BOOK_TRANSFER,127697.79,USD,COMPLETED,Target Retail Network,2026-08-12 10:05:33,2026-08-12 10:43:24
14428,5805,298,MERCHANT_SETTLEMENT,24715.45,USD,PENDING,Visa Direct Global,2026-09-03 04:53:57,2026-09-03 04:57:55
14429,5095,13,CARD_AUTH,6880.55,USD,COMPLETED,Microsoft Azure Cloud,2026-08-10 19:03:24,2026-08-10 19:43:41
14430,5309,308,FX_CONVERSION,74463.01,USD,ON_HOLD,Oracle Cloud Infra,2026-08-23 09:10:56,2026-08-23 11:02:07
14431,5565,368,MERCHANT_SETTLEMENT,94044.35,USD,ON_HOLD,Oracle Cloud Infra,2026-09-08 15:35:51,2026-09-08 16:45:05
14432,5095,429,MERCHANT_SETTLEMENT,76772.76,USD,COMPLETED,JPMorgan Settlement Corp,2026-07-31 01:08:48,2026-07-31 01:58:54
14433,5587,303,ACH_CREDIT,74883.93,USD,COMPLETED,Target Retail Network,2026-09-02 03:07:50,2026-09-02 04:07:35
14434,5941,113,FX_CONVERSION,19156.78,USD,COMPLETED,Visa Direct Global,2026-07-24 04:42:46,2026-07-24 05:11:36
14435,5220,61,ACH_CREDIT,25128.1,USD,COMPLETED,Visa Direct Global,2026-08-20 00:54:13,2026-08-20 01:30:21
14436,5571,21,MERCHANT_SETTLEMENT,2092.16,USD,PENDING,Target Retail Network,2026-07-31 05:56:13,2026-07-31 06:38:55
14437,5750,483,INTERNAL_BOOK_TRANSFER,131686.58,USD,PROCESSING,Target Retail Network,2026-08-27 07:18:59,2026-08-27 08:34:55
14438,5475,159,MERCHANT_SETTLEMENT,70753.27,USD,FAILED,Apple Services US,2026-08-13 15:55:02,2026-08-13 15:55:59
14439,5471,10,ACH_CREDIT,60418.63,USD,PENDING,Walmart Global Vendor,2026-08-27 21:00:13,2026-08-27 21:02:00
14440,5004,345,MERCHANT_SETTLEMENT,56659.65,USD,ON_HOLD,JPMorgan Settlement Corp,2026-08-04 13:23:04,2026-08-04 15:19:51
14441,5563,437,ACH_CREDIT,18044.37,USD,COMPLETED,Oracle Cloud Infra,2026-08-01 03:50:23,2026-08-01 04:06:58
14442,5595,425,ACH_CREDIT,128811.21,USD,PROCESSING,Fedwire Interbank Net,2026-09-09 23:30:09,2026-09-09 23:52:45
14443,5493,285,CARD_AUTH,39257.2,USD,PENDING,JPMorgan Settlement Corp,2026-08-30 05:57:52,2026-08-30 06:33:38
14444,5726,405,ACH_CREDIT,89814.75,USD,COMPLETED,Amazon AWS Services,2026-08-17 21:20:25,2026-08-17 22:59:03
14445,5798,185,INTERNAL_BOOK_TRANSFER,87944.98,USD,FAILED,Fedwire Interbank Net,2026-09-13 03:46:52,2026-09-13 04:09:37
14446,5679,390,WIRE_TRANSFER,135022.64,USD,PENDING,Fedwire Interbank Net,2026-07-22 23:24:42,2026-07-23 00:02:04
14447,5557,181,ACH_CREDIT,14198.2,USD,COMPLETED,Microsoft Azure Cloud,2026-08-14 12:23:21,2026-08-14 12:51:30
14448,5349,267,CARD_AUTH,109057.59,USD,PROCESSING,Oracle Cloud Infra,2026-07-28 17:08:59,2026-07-28 17:24:25
14449,5990,267,INTERNAL_BOOK_TRANSFER,46410.65,USD,FAILED,Fedwire Interbank Net,2026-08-22 22:47:17,2026-08-22 23:00:45
14450,5158,496,ACH_DEBIT,27218.22,USD,COMPLETED,Fedwire Interbank Net,2026-08-11 15:27:04,2026-08-11 16:31:00
14451,5571,350,WIRE_TRANSFER,71089.37,USD,ON_HOLD,Amazon AWS Services,2026-08-18 14:58:08,2026-08-18 16:14:33
14452,5728,372,ACH_CREDIT,118398.06,USD,COMPLETED,Oracle Cloud Infra,2026-07-29 00:46:53,2026-07-29 00:58:19
14453,5706,211,INTERNAL_BOOK_TRANSFER,50724.47,USD,COMPLETED,Walmart Global Vendor,2026-09-11 11:09:13,2026-09-11 12:59:24
14454,5641,364,ACH_DEBIT,85918.32,USD,COMPLETED,JPMorgan Settlement Corp,2026-07-26 22:27:33,2026-07-26 23:52:38
14455,5253,256,FX_CONVERSION,113212.08,USD,COMPLETED,Target Retail Network,2026-08-28 15:24:13,2026-08-28 15:50:42
14456,5932,353,MERCHANT_SETTLEMENT,50485.0,USD,PENDING,JPMorgan Settlement Corp,2026-09-05 06:53:59,2026-09-05 07:48:38
14457,5473,219,FX_CONVERSION,73868.58,USD,PENDING,Walmart Global Vendor,2026-09-12 23:12:15,2026-09-12 23:40:57
14458,5370,404,FX_CONVERSION,63786.46,USD,COMPLETED,Microsoft Azure Cloud,2026-07-28 11:51:07,2026-07-28 12:57:29
14459,5264,305,WIRE_TRANSFER,87734.22,USD,COMPLETED,Oracle Cloud Infra,2026-07-22 02:29:56,2026-07-22 03:44:47
14460,5669,279,CARD_AUTH,44684.93,USD,PENDING,Apple Services US,2026-08-01 11:20:20,2026-08-01 11:46:37
14461,5206,312,FX_CONVERSION,1973.08,USD,FAILED,Apple Services US,2026-08-28 05:55:04,2026-08-28 06:10:50
14462,5373,444,WIRE_TRANSFER,4998.34,USD,COMPLETED,Stripe Clearing Inc,2026-08-10 13:35:52,2026-08-10 14:59:12
14463,5109,172,ACH_DEBIT,78865.57,USD,COMPLETED,Microsoft Azure Cloud,2026-08-16 07:20:44,2026-08-16 07:45:51
14464,5768,102,MERCHANT_SETTLEMENT,145773.73,USD,PENDING,Visa Direct Global,2026-08-03 23:56:19,2026-08-04 01:39:54
14465,5077,134,FX_CONVERSION,90566.44,USD,COMPLETED,Amazon AWS Services,2026-09-08 18:07:04,2026-09-08 19:00:54
14466,5100,410,MERCHANT_SETTLEMENT,116606.29,USD,FAILED,Microsoft Azure Cloud,2026-09-02 12:16:33,2026-09-02 13:52:45
14467,5621,10,ACH_DEBIT,125890.95,USD,FAILED,Visa Direct Global,2026-09-13 05:34:02,2026-09-13 05:46:20
14468,5351,464,MERCHANT_SETTLEMENT,33645.55,USD,ON_HOLD,Amazon AWS Services,2026-08-25 20:32:40,2026-08-25 21:34:45
14469,5628,481,FX_CONVERSION,57149.3,USD,ON_HOLD,Target Retail Network,2026-08-26 09:47:22,2026-08-26 10:49:10
14470,5186,19,FX_CONVERSION,101345.95,USD,COMPLETED,Amazon AWS Services,2026-08-06 10:03:24,2026-08-06 11:47:28
14471,5199,235,ACH_CREDIT,64866.74,USD,COMPLETED,JPMorgan Settlement Corp,2026-07-25 08:54:16,2026-07-25 09:44:01
14472,5522,409,MERCHANT_SETTLEMENT,85153.1,USD,PENDING,JPMorgan Settlement Corp,2026-08-14 17:49:35,2026-08-14 18:39:14
14473,5636,241,WIRE_TRANSFER,99694.51,USD,FAILED,Walmart Global Vendor,2026-08-23 23:05:11,2026-08-24 00:38:23
14474,5455,317,ACH_CREDIT,23564.87,USD,PENDING,Apple Services US,2026-07-20 12:20:43,2026-07-20 12:36:59
14475,5119,349,ACH_DEBIT,46255.81,USD,PROCESSING,Stripe Clearing Inc,2026-09-03 02:53:56,2026-09-03 04:26:18
14476,5512,106,INTERNAL_BOOK_TRANSFER,121261.06,USD,ON_HOLD,Fedwire Interbank Net,2026-07-20 06:29:42,2026-07-20 08:21:21
14477,5990,301,MERCHANT_SETTLEMENT,76209.01,USD,PENDING,Oracle Cloud Infra,2026-09-11 09:36:55,2026-09-11 11:10:54
14478,5549,445,INTERNAL_BOOK_TRANSFER,103008.06,USD,PENDING,Stripe Clearing Inc,2026-07-23 05:10:17,2026-07-23 06:53:36
14479,5537,176,INTERNAL_BOOK_TRANSFER,90752.61,USD,COMPLETED,Walmart Global Vendor,2026-09-06 11:04:45,2026-09-06 11:56:30
14480,5992,246,CARD_AUTH,124497.34,USD,FAILED,Visa Direct Global,2026-08-17 07:18:34,2026-08-17 09:11:52
14481,5218,486,INTERNAL_BOOK_TRANSFER,137373.01,USD,FAILED,Fedwire Interbank Net,2026-08-15 09:47:11,2026-08-15 10:24:20
14482,5905,255,WIRE_TRANSFER,25253.64,USD,COMPLETED,JPMorgan Settlement Corp,2026-09-05 09:33:31,2026-09-05 10:27:36
14483,5860,253,INTERNAL_BOOK_TRANSFER,63659.24,USD,FAILED,Walmart Global Vendor,2026-09-15 13:07:17,2026-09-15 14:01:07
14484,5828,447,CARD_AUTH,39594.44,USD,COMPLETED,Oracle Cloud Infra,2026-08-31 23:24:50,2026-09-01 00:54:27
14485,5760,199,MERCHANT_SETTLEMENT,92862.79,USD,FAILED,Visa Direct Global,2026-08-14 13:26:48,2026-08-14 14:27:18
14486,5763,41,ACH_DEBIT,53053.97,USD,ON_HOLD,Target Retail Network,2026-08-15 12:44:41,2026-08-15 14:41:19
14487,5454,465,ACH_DEBIT,129533.64,USD,ON_HOLD,Amazon AWS Services,2026-08-01 10:00:48,2026-08-01 10:35:27
14488,5025,397,ACH_DEBIT,36219.98,USD,PENDING,JPMorgan Settlement Corp,2026-09-16 03:04:26,2026-09-16 04:32:54
14489,5006,287,INTERNAL_BOOK_TRANSFER,40952.59,USD,FAILED,Oracle Cloud Infra,2026-09-17 03:50:00,2026-09-17 04:44:28
14490,5323,450,ACH_CREDIT,96261.55,USD,COMPLETED,Walmart Global Vendor,2026-07-22 10:39:06,2026-07-22 11:11:32
14491,5452,413,CARD_AUTH,52426.24,USD,PROCESSING,Amazon AWS Services,2026-09-04 15:00:14,2026-09-04 16:11:59
14492,5008,192,ACH_CREDIT,79826.29,USD,COMPLETED,Oracle Cloud Infra,2026-08-24 22:17:55,2026-08-24 23:13:00
14493,5595,97,ACH_CREDIT,108249.43,USD,COMPLETED,Target Retail Network,2026-08-28 08:20:24,2026-08-28 09:42:31
14494,5389,156,INTERNAL_BOOK_TRANSFER,78741.37,USD,ON_HOLD,Microsoft Azure Cloud,2026-07-22 15:45:17,2026-07-22 16:50:10
14495,5227,235,ACH_CREDIT,8328.47,USD,FAILED,Microsoft Azure Cloud,2026-07-28 07:20:13,2026-07-28 08:08:19
14496,5002,370,MERCHANT_SETTLEMENT,32783.44,USD,FAILED,Microsoft Azure Cloud,2026-07-22 16:04:39,2026-07-22 16:47:38
14497,5106,24,CARD_AUTH,110720.86,USD,COMPLETED,Fedwire Interbank Net,2026-08-23 20:52:41,2026-08-23 22:03:17
14498,5236,446,FX_CONVERSION,67807.32,USD,PROCESSING,Fedwire Interbank Net,2026-08-08 19:43:42,2026-08-08 20:11:22
14499,5913,150,MERCHANT_SETTLEMENT,70105.45,USD,ON_HOLD,Fedwire Interbank Net,2026-08-14 16:42:33,2026-08-14 18:17:04
14500,5808,489,MERCHANT_SETTLEMENT,129568.82,USD,ON_HOLD,Amazon AWS Services,2026-08-12 20:48:50,2026-08-12 21:18:44
14501,5872,439,ACH_CREDIT,135516.81,USD,COMPLETED,Visa Direct Global,2026-09-03 21:31:20,2026-09-03 22:07:31
14502,5115,172,FX_CONVERSION,22017.25,USD,COMPLETED,Visa Direct Global,2026-08-16 08:47:11,2026-08-16 10:38:58
14503,5836,36,WIRE_TRANSFER,131572.0,USD,COMPLETED,JPMorgan Settlement Corp,2026-09-05 07:45:59,2026-09-05 08:45:37
14504,5046,248,CARD_AUTH,80009.89,USD,ON_HOLD,Visa Direct Global,2026-08-20 15:49:42,2026-08-20 16:05:28
14505,5402,154,FX_CONVERSION,39374.43,USD,PENDING,Apple Services US,2026-09-12 18:08:13,2026-09-12 19:34:50
14506,5481,104,FX_CONVERSION,29467.34,USD,COMPLETED,Amazon AWS Services,2026-08-30 07:01:25,2026-08-30 07:13:24
14507,5270,129,ACH_CREDIT,133419.79,USD,PENDING,Walmart Global Vendor,2026-08-14 23:57:53,2026-08-15 01:34:20
14508,5970,243,FX_CONVERSION,88516.77,USD,FAILED,Walmart Global Vendor,2026-07-22 01:11:39,2026-07-22 03:02:07
14509,5934,177,INTERNAL_BOOK_TRANSFER,113616.36,USD,ON_HOLD,JPMorgan Settlement Corp,2026-08-28 14:53:38,2026-08-28 14:58:02
14510,5191,390,MERCHANT_SETTLEMENT,4373.76,USD,PENDING,Oracle Cloud Infra,2026-09-03 11:48:54,2026-09-03 12:34:36
14511,5444,388,MERCHANT_SETTLEMENT,9093.34,USD,COMPLETED,Oracle Cloud Infra,2026-07-31 10:48:31,2026-07-31 11:10:26
14512,5615,94,ACH_CREDIT,132459.91,USD,PENDING,Stripe Clearing Inc,2026-08-10 00:43:46,2026-08-10 02:01:40
14513,5113,66,ACH_CREDIT,73810.59,USD,COMPLETED,Walmart Global Vendor,2026-09-15 21:43:42,2026-09-15 23:11:47
14514,5603,267,ACH_DEBIT,143994.04,USD,COMPLETED,Target Retail Network,2026-08-12 22:43:32,2026-08-12 23:51:38
14515,5422,479,FX_CONVERSION,66898.27,USD,COMPLETED,Oracle Cloud Infra,2026-07-20 23:03:06,2026-07-21 00:09:59
14516,5593,34,CARD_AUTH,6754.87,USD,FAILED,Fedwire Interbank Net,2026-08-24 02:28:23,2026-08-24 02:44:43
14517,5908,16,CARD_AUTH,64111.98,USD,COMPLETED,Apple Services US,2026-07-23 07:13:13,2026-07-23 08:15:25
14518,5541,105,CARD_AUTH,80688.08,USD,ON_HOLD,Microsoft Azure Cloud,2026-08-31 16:13:53,2026-08-31 17:26:27
14519,5749,138,FX_CONVERSION,145348.58,USD,FAILED,Amazon AWS Services,2026-08-10 23:02:41,2026-08-10 23:37:29
14520,5530,431,CARD_AUTH,52706.92,USD,COMPLETED,Fedwire Interbank Net,2026-08-20 17:22:43,2026-08-20 18:52:54
14521,5292,354,INTERNAL_BOOK_TRANSFER,1111.15,USD,COMPLETED,Microsoft Azure Cloud,2026-08-01 09:03:10,2026-08-01 10:08:40
14522,5190,264,WIRE_TRANSFER,92160.7,USD,COMPLETED,Stripe Clearing Inc,2026-09-01 16:16:33,2026-09-01 17:32:17
14523,5890,420,FX_CONVERSION,36747.98,USD,ON_HOLD,Fedwire Interbank Net,2026-08-13 17:03:37,2026-08-13 17:37:14
14524,5758,486,WIRE_TRANSFER,64217.98,USD,ON_HOLD,Oracle Cloud Infra,2026-08-20 10:31:30,2026-08-20 12:13:27
14525,5640,258,CARD_AUTH,40065.69,USD,COMPLETED,Microsoft Azure Cloud,2026-07-23 20:48:47,2026-07-23 22:04:04
14526,5576,338,FX_CONVERSION,135152.53,USD,ON_HOLD,Visa Direct Global,2026-08-09 18:11:00,2026-08-09 18:14:21
14527,5205,96,INTERNAL_BOOK_TRANSFER,5075.79,USD,ON_HOLD,Walmart Global Vendor,2026-08-31 03:03:27,2026-08-31 03:04:13
14528,5866,366,CARD_AUTH,51358.47,USD,PENDING,Visa Direct Global,2026-07-25 01:47:53,2026-07-25 02:04:55
14529,5762,186,ACH_CREDIT,31028.62,USD,ON_HOLD,Amazon AWS Services,2026-08-01 11:27:30,2026-08-01 12:50:27
14530,5971,307,INTERNAL_BOOK_TRANSFER,93377.22,USD,PENDING,Target Retail Network,2026-08-10 01:56:57,2026-08-10 01:59:56
14531,5983,308,CARD_AUTH,133732.7,USD,COMPLETED,Walmart Global Vendor,2026-08-27 14:47:28,2026-08-27 15:35:41
14532,5272,497,WIRE_TRANSFER,146771.27,USD,COMPLETED,Apple Services US,2026-09-15 19:26:45,2026-09-15 20:54:34
14533,5608,61,CARD_AUTH,52999.43,USD,FAILED,Amazon AWS Services,2026-08-06 07:12:09,2026-08-06 08:45:26
14534,5475,107,ACH_CREDIT,3888.24,USD,COMPLETED,Visa Direct Global,2026-08-23 12:17:58,2026-08-23 12:47:24
14535,5096,286,ACH_DEBIT,682.26,USD,COMPLETED,JPMorgan Settlement Corp,2026-08-08 06:55:05,2026-08-08 07:05:52
14536,5681,486,FX_CONVERSION,21026.66,USD,COMPLETED,Fedwire Interbank Net,2026-09-08 00:53:05,2026-09-08 01:10:24
14537,5828,466,WIRE_TRANSFER,45161.29,USD,FAILED,Stripe Clearing Inc,2026-07-22 23:34:38,2026-07-23 00:52:04
14538,5244,466,WIRE_TRANSFER,136433.82,USD,COMPLETED,Microsoft Azure Cloud,2026-09-09 08:21:37,2026-09-09 09:01:00
14539,5726,230,ACH_CREDIT,137285.29,USD,COMPLETED,Apple Services US,2026-09-04 22:51:58,2026-09-05 00:13:58
14540,5458,454,ACH_CREDIT,88047.45,USD,PROCESSING,JPMorgan Settlement Corp,2026-08-15 03:00:09,2026-08-15 04:53:41
14541,5734,169,INTERNAL_BOOK_TRANSFER,101994.53,USD,COMPLETED,Oracle Cloud Infra,2026-07-30 00:23:14,2026-07-30 01:14:28
14542,5879,44,FX_CONVERSION,23543.61,USD,COMPLETED,Target Retail Network,2026-09-07 20:19:12,2026-09-07 22:18:06
14543,5142,224,ACH_DEBIT,127796.55,USD,PROCESSING,Walmart Global Vendor,2026-07-29 09:12:52,2026-07-29 10:21:49
14544,5352,95,CARD_AUTH,54366.73,USD,ON_HOLD,Apple Services US,2026-08-29 11:39:06,2026-08-29 13:24:51
14545,5541,402,FX_CONVERSION,99216.14,USD,COMPLETED,Walmart Global Vendor,2026-08-21 16:24:40,2026-08-21 17:45:32
14546,5043,125,WIRE_TRANSFER,140530.65,USD,COMPLETED,Visa Direct Global,2026-08-29 21:56:57,2026-08-29 23:36:25
14547,5745,437,CARD_AUTH,93096.02,USD,FAILED,Microsoft Azure Cloud,2026-08-14 05:48:47,2026-08-14 07:30:08
14548,5514,233,MERCHANT_SETTLEMENT,15519.98,USD,FAILED,Walmart Global Vendor,2026-07-21 06:28:26,2026-07-21 08:21:05
14549,5726,391,ACH_DEBIT,76887.24,USD,COMPLETED,Visa Direct Global,2026-07-31 00:02:24,2026-07-31 01:39:49
14550,5866,167,INTERNAL_BOOK_TRANSFER,4592.07,USD,PROCESSING,JPMorgan Settlement Corp,2026-08-13 14:40:50,2026-08-13 15:20:15
14551,5417,365,ACH_DEBIT,6185.11,USD,COMPLETED,Amazon AWS Services,2026-08-31 21:28:46,2026-08-31 23:24:59
14552,5423,305,ACH_DEBIT,52017.12,USD,COMPLETED,Visa Direct Global,2026-08-09 05:52:31,2026-08-09 06:42:52
14553,5882,171,FX_CONVERSION,76629.42,USD,FAILED,Amazon AWS Services,2026-09-07 03:00:22,2026-09-07 04:43:45
14554,5729,69,INTERNAL_BOOK_TRANSFER,22903.12,USD,PENDING,Walmart Global Vendor,2026-08-17 22:52:47,2026-08-17 23:53:54
14555,5787,429,MERCHANT_SETTLEMENT,94147.31,USD,PENDING,Microsoft Azure Cloud,2026-08-24 22:50:08,2026-08-25 00:08:38
14556,5895,93,ACH_DEBIT,42599.04,USD,ON_HOLD,Stripe Clearing Inc,2026-08-01 01:49:02,2026-08-01 02:18:43
14557,5527,230,ACH_CREDIT,127732.67,USD,ON_HOLD,Visa Direct Global,2026-08-12 22:23:49,2026-08-12 23:29:46
14558,5611,241,FX_CONVERSION,5805.14,USD,PENDING,Amazon AWS Services,2026-08-16 11:55:19,2026-08-16 13:54:45
14559,5339,458,ACH_DEBIT,89987.02,USD,COMPLETED,Oracle Cloud Infra,2026-08-18 23:22:49,2026-08-19 00:40:36
14560,5705,378,MERCHANT_SETTLEMENT,69290.49,USD,COMPLETED,Stripe Clearing Inc,2026-08-31 04:36:09,2026-08-31 05:34:26
14561,5136,102,INTERNAL_BOOK_TRANSFER,84557.11,USD,FAILED,Fedwire Interbank Net,2026-09-05 06:14:32,2026-09-05 06:30:38
14562,5158,169,ACH_DEBIT,87929.06,USD,COMPLETED,Amazon AWS Services,2026-08-05 05:00:02,2026-08-05 06:46:08
14563,5462,221,MERCHANT_SETTLEMENT,39544.89,USD,ON_HOLD,Amazon AWS Services,2026-08-25 06:59:30,2026-08-25 07:40:41
14564,5127,401,ACH_CREDIT,136692.25,USD,COMPLETED,Apple Services US,2026-08-03 03:31:46,2026-08-03 05:04:37
14565,5495,204,ACH_DEBIT,29622.13,USD,COMPLETED,Microsoft Azure Cloud,2026-08-24 12:50:58,2026-08-24 13:06:30
14566,5711,322,ACH_CREDIT,41464.21,USD,PENDING,Amazon AWS Services,2026-07-25 05:59:08,2026-07-25 06:45:29
14567,5290,492,ACH_DEBIT,50475.42,USD,COMPLETED,Microsoft Azure Cloud,2026-08-23 02:46:05,2026-08-23 03:34:43
14568,5638,494,ACH_DEBIT,133162.39,USD,COMPLETED,Fedwire Interbank Net,2026-08-07 00:17:54,2026-08-07 00:34:46
14569,5435,286,INTERNAL_BOOK_TRANSFER,32223.47,USD,COMPLETED,Apple Services US,2026-08-29 01:53:15,2026-08-29 02:49:57
14570,5522,28,FX_CONVERSION,123060.41,USD,PROCESSING,Walmart Global Vendor,2026-07-20 13:53:45,2026-07-20 14:35:00
14571,5823,381,FX_CONVERSION,13771.83,USD,PROCESSING,Fedwire Interbank Net,2026-07-24 18:10:43,2026-07-24 18:50:54
14572,5206,41,MERCHANT_SETTLEMENT,13342.4,USD,COMPLETED,Apple Services US,2026-09-12 02:41:50,2026-09-12 03:25:45
14573,5785,82,WIRE_TRANSFER,93871.63,USD,PROCESSING,Apple Services US,2026-09-14 10:25:28,2026-09-14 10:57:09
14574,5229,201,FX_CONVERSION,57573.05,USD,COMPLETED,Visa Direct Global,2026-08-12 08:59:58,2026-08-12 10:58:52
14575,5071,343,INTERNAL_BOOK_TRANSFER,63049.88,USD,PROCESSING,Visa Direct Global,2026-09-08 01:59:25,2026-09-08 03:08:36
14576,5560,180,INTERNAL_BOOK_TRANSFER,101890.69,USD,COMPLETED,Amazon AWS Services,2026-08-24 14:33:48,2026-08-24 15:24:38
14577,5810,391,FX_CONVERSION,29556.01,USD,COMPLETED,Stripe Clearing Inc,2026-07-30 07:29:30,2026-07-30 08:20:01
14578,5862,105,ACH_CREDIT,6580.96,USD,PENDING,Microsoft Azure Cloud,2026-07-24 12:45:18,2026-07-24 12:49:53
14579,5626,363,ACH_CREDIT,102903.87,USD,ON_HOLD,Target Retail Network,2026-08-09 21:43:42,2026-08-09 23:01:41
14580,5444,125,MERCHANT_SETTLEMENT,88125.85,USD,COMPLETED,Amazon AWS Services,2026-08-11 18:09:58,2026-08-11 19:24:14
14581,5574,326,MERCHANT_SETTLEMENT,77826.27,USD,ON_HOLD,Stripe Clearing Inc,2026-09-12 03:43:40,2026-09-12 04:56:25
14582,5630,109,FX_CONVERSION,44591.05,USD,PENDING,Oracle Cloud Infra,2026-07-29 11:14:56,2026-07-29 12:57:47
14583,5775,212,CARD_AUTH,67934.82,USD,PENDING,Target Retail Network,2026-08-15 07:50:05,2026-08-15 09:45:18
14584,5824,70,INTERNAL_BOOK_TRANSFER,1210.62,USD,COMPLETED,Microsoft Azure Cloud,2026-09-07 13:59:26,2026-09-07 15:35:00
14585,5095,96,ACH_DEBIT,27972.94,USD,FAILED,Fedwire Interbank Net,2026-08-31 01:18:44,2026-08-31 01:58:41
14586,5493,143,ACH_CREDIT,109196.55,USD,PENDING,Microsoft Azure Cloud,2026-08-15 12:08:01,2026-08-15 14:03:54
14587,5031,132,MERCHANT_SETTLEMENT,97245.59,USD,COMPLETED,JPMorgan Settlement Corp,2026-09-05 20:58:56,2026-09-05 22:20:50
14588,5841,223,MERCHANT_SETTLEMENT,35962.07,USD,PROCESSING,Walmart Global Vendor,2026-09-08 03:27:29,2026-09-08 03:40:15
14589,5700,355,FX_CONVERSION,71169.13,USD,FAILED,Microsoft Azure Cloud,2026-08-15 07:02:08,2026-08-15 08:25:25
14590,5581,87,ACH_DEBIT,58241.16,USD,PENDING,Stripe Clearing Inc,2026-08-18 12:41:54,2026-08-18 13:17:06
14591,5394,418,FX_CONVERSION,32603.96,USD,FAILED,Visa Direct Global,2026-09-17 16:33:48,2026-09-17 18:09:53
14592,5343,128,WIRE_TRANSFER,121560.88,USD,COMPLETED,Fedwire Interbank Net,2026-08-27 23:42:12,2026-08-28 00:24:44
14593,5670,74,ACH_CREDIT,92267.32,USD,COMPLETED,JPMorgan Settlement Corp,2026-08-25 14:33:58,2026-08-25 16:22:13
14594,5813,299,CARD_AUTH,1691.6,USD,PROCESSING,Visa Direct Global,2026-08-25 05:39:26,2026-08-25 06:16:08
14595,5785,490,FX_CONVERSION,58305.73,USD,PENDING,Oracle Cloud Infra,2026-07-26 00:36:49,2026-07-26 00:53:31
14596,5678,276,ACH_CREDIT,125971.41,USD,PROCESSING,JPMorgan Settlement Corp,2026-08-12 09:59:09,2026-08-12 11:30:01
14597,5791,333,INTERNAL_BOOK_TRANSFER,146216.65,USD,ON_HOLD,JPMorgan Settlement Corp,2026-08-14 16:16:14,2026-08-14 17:08:42
14598,5574,252,ACH_CREDIT,27881.59,USD,COMPLETED,Target Retail Network,2026-09-03 05:36:54,2026-09-03 06:05:21
14599,5236,249,INTERNAL_BOOK_TRANSFER,83710.84,USD,COMPLETED,Amazon AWS Services,2026-08-26 09:05:39,2026-08-26 10:37:57
14600,5730,33,ACH_CREDIT,77214.55,USD,PENDING,Microsoft Azure Cloud,2026-09-08 09:23:05,2026-09-08 10:07:46
14601,5508,257,ACH_CREDIT,7742.85,USD,COMPLETED,Walmart Global Vendor,2026-08-20 15:44:07,2026-08-20 17:03:57
14602,5395,352,CARD_AUTH,137006.74,USD,COMPLETED,Apple Services US,2026-08-27 14:25:38,2026-08-27 15:54:41
14603,5840,342,CARD_AUTH,147135.17,USD,FAILED,Apple Services US,2026-09-06 14:29:03,2026-09-06 15:21:44
14604,5576,347,WIRE_TRANSFER,8140.88,USD,COMPLETED,Walmart Global Vendor,2026-07-26 08:08:02,2026-07-26 10:04:07
14605,5753,68,MERCHANT_SETTLEMENT,95589.45,USD,PENDING,Fedwire Interbank Net,2026-08-14 04:16:01,2026-08-14 05:43:21
14606,5262,482,FX_CONVERSION,39613.92,USD,PENDING,Target Retail Network,2026-08-04 21:40:02,2026-08-04 22:43:51
14607,5038,189,MERCHANT_SETTLEMENT,16128.4,USD,PENDING,Walmart Global Vendor,2026-08-07 13:13:14,2026-08-07 13:47:37
14608,5819,130,ACH_CREDIT,6371.07,USD,COMPLETED,JPMorgan Settlement Corp,2026-07-28 08:18:48,2026-07-28 09:52:24
14609,5523,221,MERCHANT_SETTLEMENT,37528.12,USD,ON_HOLD,Stripe Clearing Inc,2026-08-24 14:48:27,2026-08-24 15:07:16
14610,5052,128,ACH_DEBIT,12446.7,USD,PROCESSING,Stripe Clearing Inc,2026-09-13 07:48:35,2026-09-13 09:00:42
14611,5356,344,INTERNAL_BOOK_TRANSFER,3280.26,USD,COMPLETED,Fedwire Interbank Net,2026-08-25 03:24:29,2026-08-25 04:50:13
14612,5104,121,ACH_CREDIT,47507.25,USD,FAILED,Oracle Cloud Infra,2026-08-19 20:16:13,2026-08-19 20:23:04
14613,5557,45,INTERNAL_BOOK_TRANSFER,39485.48,USD,COMPLETED,JPMorgan Settlement Corp,2026-08-06 20:43:39,2026-08-06 22:20:36
14614,5577,257,CARD_AUTH,139371.07,USD,PENDING,Fedwire Interbank Net,2026-08-08 17:01:02,2026-08-08 17:26:32
14615,5875,251,INTERNAL_BOOK_TRANSFER,88667.01,USD,ON_HOLD,Amazon AWS Services,2026-08-15 22:14:08,2026-08-15 22:31:48
14616,5213,105,FX_CONVERSION,14391.34,USD,PENDING,Amazon AWS Services,2026-09-06 21:27:14,2026-09-06 22:51:22
14617,5994,40,INTERNAL_BOOK_TRANSFER,123525.59,USD,COMPLETED,Amazon AWS Services,2026-08-24 03:05:27,2026-08-24 03:26:09
14618,5130,309,WIRE_TRANSFER,79323.74,USD,COMPLETED,Apple Services US,2026-08-17 12:16:14,2026-08-17 13:35:33
14619,5852,393,MERCHANT_SETTLEMENT,54293.7,USD,PROCESSING,Amazon AWS Services,2026-08-21 05:28:12,2026-08-21 07:23:57
14620,5136,243,WIRE_TRANSFER,105501.14,USD,COMPLETED,Visa Direct Global,2026-08-30 11:54:47,2026-08-30 12:07:55
14621,5981,58,CARD_AUTH,43507.88,USD,COMPLETED,Oracle Cloud Infra,2026-08-07 15:13:08,2026-08-07 15:19:19
14622,5320,483,CARD_AUTH,961.2,USD,PENDING,Apple Services US,2026-08-24 09:15:57,2026-08-24 09:32:53
14623,5227,21,MERCHANT_SETTLEMENT,11545.15,USD,PROCESSING,JPMorgan Settlement Corp,2026-08-02 09:50:23,2026-08-02 10:05:18
14624,5412,282,FX_CONVERSION,68380.04,USD,COMPLETED,Target Retail Network,2026-09-02 11:25:08,2026-09-02 11:40:16
14625,5290,229,ACH_CREDIT,144964.85,USD,COMPLETED,Amazon AWS Services,2026-08-16 08:11:01,2026-08-16 08:44:39
14626,5085,313,ACH_CREDIT,66534.65,USD,COMPLETED,Stripe Clearing Inc,2026-08-06 06:18:16,2026-08-06 07:14:50
14627,5436,211,ACH_DEBIT,59736.86,USD,COMPLETED,JPMorgan Settlement Corp,2026-08-10 08:17:05,2026-08-10 08:44:38
14628,5412,45,MERCHANT_SETTLEMENT,145204.09,USD,COMPLETED,Oracle Cloud Infra,2026-07-21 23:25:55,2026-07-22 00:23:08
14629,5782,75,ACH_DEBIT,68067.3,USD,COMPLETED,Walmart Global Vendor,2026-08-03 08:48:34,2026-08-03 09:46:07
14630,5468,482,ACH_CREDIT,134139.81,USD,ON_HOLD,Target Retail Network,2026-08-28 03:54:52,2026-08-28 05:20:50
14631,5914,243,INTERNAL_BOOK_TRANSFER,8640.5,USD,PENDING,Walmart Global Vendor,2026-07-30 18:27:41,2026-07-30 18:28:49
14632,5008,456,ACH_DEBIT,135515.53,USD,FAILED,Fedwire Interbank Net,2026-09-11 05:02:07,2026-09-11 06:08:45
14633,5043,219,FX_CONVERSION,436.49,USD,PENDING,Stripe Clearing Inc,2026-07-26 17:12:29,2026-07-26 17:36:50
14634,5086,358,FX_CONVERSION,13719.61,USD,PENDING,Apple Services US,2026-09-15 23:08:30,2026-09-15 23:36:14
14635,5830,93,ACH_CREDIT,54762.51,USD,FAILED,Target Retail Network,2026-09-13 14:06:08,2026-09-13 15:55:54
14636,5236,390,INTERNAL_BOOK_TRANSFER,137858.57,USD,COMPLETED,Walmart Global Vendor,2026-08-15 07:04:33,2026-08-15 08:16:57
14637,5289,376,FX_CONVERSION,105137.06,USD,COMPLETED,Fedwire Interbank Net,2026-08-20 22:42:01,2026-08-20 23:46:41
14638,5838,29,MERCHANT_SETTLEMENT,87262.92,USD,COMPLETED,JPMorgan Settlement Corp,2026-07-30 08:03:54,2026-07-30 09:40:24
14639,5541,117,WIRE_TRANSFER,22207.58,USD,COMPLETED,Fedwire Interbank Net,2026-08-14 13:25:15,2026-08-14 14:21:37
14640,5768,271,CARD_AUTH,50166.18,USD,ON_HOLD,Walmart Global Vendor,2026-07-30 12:56:55,2026-07-30 14:15:18
14641,5026,74,INTERNAL_BOOK_TRANSFER,5202.81,USD,COMPLETED,Stripe Clearing Inc,2026-08-20 04:24:03,2026-08-20 06:01:05
14642,5313,279,FX_CONVERSION,4941.24,USD,COMPLETED,Stripe Clearing Inc,2026-07-24 16:03:16,2026-07-24 17:26:11
14643,5227,98,ACH_DEBIT,58718.13,USD,COMPLETED,Target Retail Network,2026-08-10 14:21:31,2026-08-10 15:18:29
14644,5208,392,ACH_CREDIT,1002.31,USD,PENDING,Walmart Global Vendor,2026-08-18 05:00:29,2026-08-18 05:26:59
14645,5477,359,CARD_AUTH,7964.43,USD,PROCESSING,Oracle Cloud Infra,2026-08-16 04:25:54,2026-08-16 04:42:18
14646,5416,395,ACH_DEBIT,35012.64,USD,PENDING,Amazon AWS Services,2026-08-03 01:39:31,2026-08-03 01:52:41
14647,5806,237,WIRE_TRANSFER,124272.53,USD,ON_HOLD,Microsoft Azure Cloud,2026-08-31 14:59:36,2026-08-31 15:08:04
14648,5114,420,ACH_CREDIT,51168.16,USD,ON_HOLD,Visa Direct Global,2026-08-05 07:00:25,2026-08-05 08:15:50
14649,5921,349,CARD_AUTH,120753.95,USD,FAILED,Target Retail Network,2026-09-12 17:14:33,2026-09-12 18:56:19
14650,5482,48,MERCHANT_SETTLEMENT,96300.7,USD,FAILED,Oracle Cloud Infra,2026-08-25 03:30:54,2026-08-25 04:22:57
14651,5542,56,MERCHANT_SETTLEMENT,56804.52,USD,PENDING,Walmart Global Vendor,2026-07-23 09:32:40,2026-07-23 10:21:09
14652,5619,49,MERCHANT_SETTLEMENT,142777.19,USD,COMPLETED,Visa Direct Global,2026-08-12 00:38:02,2026-08-12 00:42:17
14653,5782,360,WIRE_TRANSFER,147155.24,USD,ON_HOLD,Walmart Global Vendor,2026-08-24 01:49:01,2026-08-24 03:41:46
14654,5604,43,CARD_AUTH,56779.45,USD,FAILED,Oracle Cloud Infra,2026-08-07 04:38:57,2026-08-07 05:12:48
14655,5735,334,WIRE_TRANSFER,73231.97,USD,COMPLETED,Fedwire Interbank Net,2026-08-16 17:44:47,2026-08-16 19:12:44
14656,5512,15,FX_CONVERSION,90333.87,USD,FAILED,Microsoft Azure Cloud,2026-08-17 22:46:08,2026-08-17 22:52:06
14657,5395,180,INTERNAL_BOOK_TRANSFER,107613.53,USD,ON_HOLD,Microsoft Azure Cloud,2026-08-23 06:50:54,2026-08-23 08:44:02
14658,5153,379,ACH_DEBIT,85651.02,USD,FAILED,Walmart Global Vendor,2026-09-03 04:09:24,2026-09-03 04:12:24
14659,5680,255,CARD_AUTH,141076.06,USD,PENDING,Walmart Global Vendor,2026-07-20 11:23:53,2026-07-20 12:42:41
14660,5268,201,ACH_CREDIT,130405.6,USD,PENDING,Oracle Cloud Infra,2026-08-19 22:12:44,2026-08-19 23:10:53
14661,5151,335,INTERNAL_BOOK_TRANSFER,27364.02,USD,COMPLETED,Visa Direct Global,2026-08-04 08:51:58,2026-08-04 09:48:07
14662,5027,390,ACH_CREDIT,146729.53,USD,FAILED,Fedwire Interbank Net,2026-07-26 02:53:37,2026-07-26 03:10:15
14663,5575,224,FX_CONVERSION,129114.7,USD,COMPLETED,Stripe Clearing Inc,2026-07-22 09:15:46,2026-07-22 10:38:38
14664,5908,481,CARD_AUTH,33061.87,USD,FAILED,Amazon AWS Services,2026-09-14 21:03:34,2026-09-14 22:32:18
14665,5070,302,ACH_DEBIT,126651.51,USD,COMPLETED,Oracle Cloud Infra,2026-07-26 08:27:31,2026-07-26 09:56:50
14666,5479,26,WIRE_TRANSFER,130856.85,USD,COMPLETED,Apple Services US,2026-08-28 06:19:24,2026-08-28 07:50:31
14667,5173,271,WIRE_TRANSFER,51725.57,USD,FAILED,Oracle Cloud Infra,2026-09-02 15:55:04,2026-09-02 16:58:37
14668,5844,252,CARD_AUTH,74377.45,USD,COMPLETED,Stripe Clearing Inc,2026-08-15 18:27:47,2026-08-15 19:59:29
14669,5603,238,ACH_CREDIT,104656.81,USD,PROCESSING,JPMorgan Settlement Corp,2026-07-29 14:05:05,2026-07-29 14:19:31
14670,5577,172,MERCHANT_SETTLEMENT,97130.92,USD,FAILED,Visa Direct Global,2026-08-27 18:42:34,2026-08-27 19:24:25
14671,5445,15,MERCHANT_SETTLEMENT,67453.76,USD,ON_HOLD,Walmart Global Vendor,2026-09-15 13:21:00,2026-09-15 14:10:30
14672,5400,357,CARD_AUTH,84450.76,USD,COMPLETED,Visa Direct Global,2026-08-05 01:27:54,2026-08-05 01:48:22
14673,5038,182,CARD_AUTH,122397.88,USD,FAILED,Stripe Clearing Inc,2026-08-08 16:38:42,2026-08-08 17:29:04
14674,5411,123,CARD_AUTH,139120.26,USD,FAILED,Visa Direct Global,2026-09-02 10:37:54,2026-09-02 12:26:48
14675,5290,375,FX_CONVERSION,117370.91,USD,PROCESSING,JPMorgan Settlement Corp,2026-08-22 23:18:17,2026-08-22 23:24:29
14676,5050,254,ACH_DEBIT,15898.9,USD,PENDING,Microsoft Azure Cloud,2026-09-08 18:58:21,2026-09-08 19:55:14
14677,5655,243,ACH_CREDIT,54482.16,USD,COMPLETED,Oracle Cloud Infra,2026-08-01 12:21:54,2026-08-01 14:01:45
14678,5116,251,INTERNAL_BOOK_TRANSFER,74508.47,USD,PROCESSING,Apple Services US,2026-08-16 05:14:05,2026-08-16 06:22:18
14679,5462,311,ACH_CREDIT,56088.35,USD,PROCESSING,Visa Direct Global,2026-08-21 03:55:56,2026-08-21 05:25:23
14680,5564,158,ACH_CREDIT,80568.85,USD,COMPLETED,Fedwire Interbank Net,2026-09-16 12:08:57,2026-09-16 13:28:02
14681,5605,241,CARD_AUTH,18651.69,USD,COMPLETED,JPMorgan Settlement Corp,2026-07-23 07:52:54,2026-07-23 09:47:59
14682,5083,314,ACH_CREDIT,9261.23,USD,PENDING,Microsoft Azure Cloud,2026-08-30 03:55:24,2026-08-30 05:22:55
14683,5592,64,ACH_CREDIT,57244.32,USD,PENDING,Stripe Clearing Inc,2026-09-13 21:02:55,2026-09-13 21:15:09
14684,5583,216,FX_CONVERSION,86290.23,USD,COMPLETED,Walmart Global Vendor,2026-08-12 00:37:26,2026-08-12 02:10:07
14685,5039,109,INTERNAL_BOOK_TRANSFER,11468.82,USD,FAILED,Oracle Cloud Infra,2026-09-04 06:30:02,2026-09-04 07:46:08
14686,5222,21,ACH_DEBIT,96218.26,USD,PROCESSING,JPMorgan Settlement Corp,2026-09-07 21:12:17,2026-09-07 23:01:17
14687,5756,371,CARD_AUTH,71629.52,USD,COMPLETED,Target Retail Network,2026-08-20 19:23:04,2026-08-20 21:18:15
14688,5340,92,MERCHANT_SETTLEMENT,103439.81,USD,COMPLETED,JPMorgan Settlement Corp,2026-09-15 21:43:52,2026-09-15 23:16:10
14689,5284,398,FX_CONVERSION,143416.79,USD,COMPLETED,Apple Services US,2026-09-06 18:35:50,2026-09-06 18:52:49
14690,5117,96,FX_CONVERSION,23668.02,USD,PROCESSING,Visa Direct Global,2026-08-07 22:44:21,2026-08-07 23:24:04
14691,5764,189,WIRE_TRANSFER,67822.62,USD,PROCESSING,JPMorgan Settlement Corp,2026-08-01 04:56:53,2026-08-01 05:15:43
14692,5593,114,WIRE_TRANSFER,66088.7,USD,PENDING,Oracle Cloud Infra,2026-08-30 17:14:31,2026-08-30 18:00:25
14693,5928,478,WIRE_TRANSFER,118987.64,USD,PROCESSING,Microsoft Azure Cloud,2026-08-31 11:35:37,2026-08-31 12:26:41
14694,5857,389,INTERNAL_BOOK_TRANSFER,97264.85,USD,COMPLETED,Walmart Global Vendor,2026-09-04 15:44:26,2026-09-04 17:19:05
14695,5677,254,INTERNAL_BOOK_TRANSFER,72390.59,USD,FAILED,Visa Direct Global,2026-07-27 11:34:08,2026-07-27 12:36:50
14696,5308,105,WIRE_TRANSFER,137196.42,USD,ON_HOLD,Microsoft Azure Cloud,2026-08-09 09:01:39,2026-08-09 09:42:56
14697,5657,164,ACH_CREDIT,52477.91,USD,PROCESSING,Stripe Clearing Inc,2026-07-26 11:52:33,2026-07-26 13:26:49
14698,5339,254,ACH_DEBIT,4773.33,USD,PROCESSING,JPMorgan Settlement Corp,2026-09-02 10:18:50,2026-09-02 10:40:28
14699,5052,317,ACH_DEBIT,77347.74,USD,ON_HOLD,Target Retail Network,2026-08-25 18:28:54,2026-08-25 19:49:44
14700,5719,438,ACH_DEBIT,67620.11,USD,COMPLETED,Fedwire Interbank Net,2026-08-06 22:14:18,2026-08-06 23:37:54
14701,5263,101,ACH_CREDIT,86503.48,USD,PENDING,Oracle Cloud Infra,2026-08-25 11:34:00,2026-08-25 13:26:58
14702,5810,236,WIRE_TRANSFER,120992.92,USD,PROCESSING,Walmart Global Vendor,2026-08-20 07:56:28,2026-08-20 07:58:48
14703,5410,294,CARD_AUTH,40859.97,USD,FAILED,Visa Direct Global,2026-08-15 06:56:32,2026-08-15 07:32:56
14704,5822,55,WIRE_TRANSFER,117882.87,USD,COMPLETED,Amazon AWS Services,2026-08-17 22:27:11,2026-08-17 22:47:11
14705,5879,250,CARD_AUTH,112307.41,USD,PENDING,Microsoft Azure Cloud,2026-08-07 13:22:48,2026-08-07 14:10:30
14706,5286,431,FX_CONVERSION,22559.72,USD,COMPLETED,Stripe Clearing Inc,2026-09-08 18:06:39,2026-09-08 19:55:55
14707,5073,259,FX_CONVERSION,131596.83,USD,PROCESSING,Fedwire Interbank Net,2026-09-17 04:11:34,2026-09-17 05:36:38
14708,5657,59,ACH_CREDIT,143908.82,USD,FAILED,Visa Direct Global,2026-08-12 15:38:26,2026-08-12 16:28:59
14709,5460,498,ACH_DEBIT,31540.72,USD,COMPLETED,Oracle Cloud Infra,2026-07-27 08:30:28,2026-07-27 08:44:18
14710,5092,167,INTERNAL_BOOK_TRANSFER,74935.44,USD,FAILED,Target Retail Network,2026-08-17 21:48:54,2026-08-17 22:51:31
14711,5379,203,WIRE_TRANSFER,96462.96,USD,FAILED,Fedwire Interbank Net,2026-08-16 14:52:49,2026-08-16 16:47:48
14712,5956,450,INTERNAL_BOOK_TRANSFER,24227.12,USD,COMPLETED,Microsoft Azure Cloud,2026-08-21 06:47:59,2026-08-21 07:32:12
14713,5291,214,ACH_CREDIT,512.39,USD,COMPLETED,Stripe Clearing Inc,2026-08-11 04:54:33,2026-08-11 05:41:17
14714,5727,129,CARD_AUTH,58423.5,USD,ON_HOLD,JPMorgan Settlement Corp,2026-08-02 19:30:56,2026-08-02 21:01:37
14715,5256,292,ACH_DEBIT,620.3,USD,FAILED,Stripe Clearing Inc,2026-09-01 00:17:06,2026-09-01 00:50:47
14716,5683,152,ACH_CREDIT,41447.68,USD,PENDING,Amazon AWS Services,2026-08-21 21:14:31,2026-08-21 23:08:21
14717,5949,133,MERCHANT_SETTLEMENT,102785.1,USD,ON_HOLD,Amazon AWS Services,2026-08-29 07:43:56,2026-08-29 07:50:56
14718,5816,406,ACH_CREDIT,138952.55,USD,PROCESSING,Stripe Clearing Inc,2026-07-24 19:42:27,2026-07-24 20:42:48
14719,5592,397,ACH_DEBIT,16276.1,USD,COMPLETED,Walmart Global Vendor,2026-08-01 18:45:32,2026-08-01 18:55:47
14720,5266,324,CARD_AUTH,110727.57,USD,ON_HOLD,JPMorgan Settlement Corp,2026-07-19 20:49:52,2026-07-19 21:13:13
14721,5170,150,INTERNAL_BOOK_TRANSFER,16026.89,USD,COMPLETED,Fedwire Interbank Net,2026-07-26 08:45:57,2026-07-26 09:38:19
14722,5527,22,FX_CONVERSION,50632.14,USD,COMPLETED,Stripe Clearing Inc,2026-09-09 03:55:16,2026-09-09 05:35:16
14723,5978,465,ACH_DEBIT,40490.51,USD,COMPLETED,Target Retail Network,2026-08-07 22:57:04,2026-08-07 23:56:30
14724,5402,185,INTERNAL_BOOK_TRANSFER,120547.85,USD,COMPLETED,Oracle Cloud Infra,2026-08-21 21:17:45,2026-08-21 22:39:22
14725,5820,472,WIRE_TRANSFER,49327.99,USD,PENDING,Walmart Global Vendor,2026-09-11 09:50:59,2026-09-11 10:06:58
14726,5450,332,FX_CONVERSION,14858.56,USD,COMPLETED,Apple Services US,2026-09-11 02:34:38,2026-09-11 02:57:59
14727,5580,31,INTERNAL_BOOK_TRANSFER,49396.11,USD,ON_HOLD,Microsoft Azure Cloud,2026-09-15 08:44:32,2026-09-15 09:08:57
14728,5175,44,CARD_AUTH,87745.04,USD,COMPLETED,Stripe Clearing Inc,2026-08-16 07:32:08,2026-08-16 07:54:03
14729,5585,299,FX_CONVERSION,40568.81,USD,COMPLETED,Microsoft Azure Cloud,2026-07-30 12:27:31,2026-07-30 13:06:24
14730,5008,385,WIRE_TRANSFER,32479.85,USD,PROCESSING,Walmart Global Vendor,2026-08-27 08:18:55,2026-08-27 09:37:48
14731,5596,98,FX_CONVERSION,18171.98,USD,FAILED,JPMorgan Settlement Corp,2026-08-28 20:14:18,2026-08-28 20:58:16
14732,5158,3,WIRE_TRANSFER,124331.65,USD,FAILED,Amazon AWS Services,2026-07-30 07:35:53,2026-07-30 08:37:26
14733,5310,456,WIRE_TRANSFER,22843.64,USD,PROCESSING,Oracle Cloud Infra,2026-08-18 05:10:25,2026-08-18 06:46:19
14734,5315,224,FX_CONVERSION,146954.42,USD,PROCESSING,Oracle Cloud Infra,2026-08-26 18:52:32,2026-08-26 19:47:40
14735,5373,320,ACH_DEBIT,81575.5,USD,ON_HOLD,Oracle Cloud Infra,2026-08-03 02:00:56,2026-08-03 03:04:16
14736,5192,482,CARD_AUTH,89988.88,USD,COMPLETED,Fedwire Interbank Net,2026-09-02 04:48:10,2026-09-02 06:19:27
14737,5335,487,FX_CONVERSION,142748.18,USD,PENDING,Microsoft Azure Cloud,2026-08-15 08:09:53,2026-08-15 09:44:42
14738,5655,296,WIRE_TRANSFER,149421.71,USD,COMPLETED,Target Retail Network,2026-08-03 08:12:32,2026-08-03 09:50:49
14739,5117,287,INTERNAL_BOOK_TRANSFER,3840.31,USD,COMPLETED,Stripe Clearing Inc,2026-08-07 08:06:22,2026-08-07 08:14:51
14740,5530,162,ACH_CREDIT,32679.19,USD,COMPLETED,Fedwire Interbank Net,2026-09-09 15:11:46,2026-09-09 16:56:38
14741,5175,455,ACH_CREDIT,43491.07,USD,PROCESSING,Microsoft Azure Cloud,2026-07-21 00:35:40,2026-07-21 02:15:02
14742,5129,76,INTERNAL_BOOK_TRANSFER,131514.05,USD,COMPLETED,Fedwire Interbank Net,2026-08-05 17:34:56,2026-08-05 18:28:40
14743,5489,427,WIRE_TRANSFER,94469.23,USD,FAILED,JPMorgan Settlement Corp,2026-07-20 19:08:13,2026-07-20 19:27:20
14744,5321,127,CARD_AUTH,145129.6,USD,COMPLETED,JPMorgan Settlement Corp,2026-08-12 07:04:10,2026-08-12 08:17:33
14745,5435,226,CARD_AUTH,5927.68,USD,PENDING,Apple Services US,2026-08-26 04:34:17,2026-08-26 04:38:24
14746,5319,396,ACH_CREDIT,92871.64,USD,ON_HOLD,Target Retail Network,2026-09-15 02:40:10,2026-09-15 04:22:49
14747,5549,253,INTERNAL_BOOK_TRANSFER,105919.38,USD,PENDING,Fedwire Interbank Net,2026-09-03 10:24:16,2026-09-03 11:05:38
14748,5054,498,FX_CONVERSION,105127.63,USD,FAILED,Apple Services US,2026-09-05 02:05:06,2026-09-05 04:03:02
14749,5138,39,WIRE_TRANSFER,67337.25,USD,COMPLETED,JPMorgan Settlement Corp,2026-08-17 04:26:32,2026-08-17 06:21:41
14750,5705,27,WIRE_TRANSFER,36184.65,USD,COMPLETED,Amazon AWS Services,2026-08-24 18:47:51,2026-08-24 20:44:35
14751,5075,10,INTERNAL_BOOK_TRANSFER,100990.47,USD,FAILED,Visa Direct Global,2026-09-05 16:39:08,2026-09-05 16:58:57
14752,5291,409,MERCHANT_SETTLEMENT,120654.03,USD,COMPLETED,Walmart Global Vendor,2026-08-15 16:05:03,2026-08-15 16:30:05
14753,5443,178,ACH_DEBIT,132807.33,USD,PENDING,Oracle Cloud Infra,2026-09-15 08:39:13,2026-09-15 10:10:54
14754,5213,304,ACH_CREDIT,72822.54,USD,FAILED,Fedwire Interbank Net,2026-08-11 12:52:31,2026-08-11 14:11:54
14755,5565,164,INTERNAL_BOOK_TRANSFER,27812.81,USD,PROCESSING,Stripe Clearing Inc,2026-09-11 08:28:02,2026-09-11 08:51:13
14756,5815,476,FX_CONVERSION,86494.53,USD,PENDING,Target Retail Network,2026-08-04 23:32:20,2026-08-05 01:18:30
14757,5855,236,FX_CONVERSION,97645.4,USD,PROCESSING,Amazon AWS Services,2026-09-04 05:50:02,2026-09-04 07:30:49
14758,5941,21,ACH_DEBIT,27117.74,USD,COMPLETED,Walmart Global Vendor,2026-09-02 03:44:42,2026-09-02 05:30:21
14759,5667,119,WIRE_TRANSFER,78171.87,USD,PROCESSING,Walmart Global Vendor,2026-09-14 00:30:12,2026-09-14 01:02:24
14760,5073,421,WIRE_TRANSFER,108827.12,USD,ON_HOLD,Visa Direct Global,2026-09-15 09:57:32,2026-09-15 10:23:09
14761,5691,42,INTERNAL_BOOK_TRANSFER,28696.0,USD,COMPLETED,Microsoft Azure Cloud,2026-09-03 05:18:34,2026-09-03 06:56:56
14762,5059,178,WIRE_TRANSFER,122269.08,USD,FAILED,Amazon AWS Services,2026-09-05 22:38:42,2026-09-05 23:44:14
14763,5384,4,INTERNAL_BOOK_TRANSFER,83799.73,USD,FAILED,Microsoft Azure Cloud,2026-09-12 19:26:39,2026-09-12 20:05:18
14764,5675,296,FX_CONVERSION,91803.29,USD,PENDING,Target Retail Network,2026-08-22 11:10:53,2026-08-22 12:13:14
14765,5387,259,MERCHANT_SETTLEMENT,105659.95,USD,PENDING,JPMorgan Settlement Corp,2026-07-26 16:29:48,2026-07-26 17:02:20
14766,5560,479,WIRE_TRANSFER,121784.79,USD,PROCESSING,Walmart Global Vendor,2026-07-26 21:46:42,2026-07-26 23:10:11
14767,5800,422,ACH_DEBIT,82878.16,USD,ON_HOLD,Walmart Global Vendor,2026-08-15 19:20:02,2026-08-15 21:02:16
14768,5176,84,ACH_DEBIT,87415.49,USD,COMPLETED,Stripe Clearing Inc,2026-08-07 20:49:14,2026-08-07 22:40:52
14769,5867,423,ACH_CREDIT,106204.75,USD,ON_HOLD,Walmart Global Vendor,2026-09-17 06:36:42,2026-09-17 06:45:58
14770,5360,151,WIRE_TRANSFER,87285.92,USD,COMPLETED,Walmart Global Vendor,2026-07-30 11:28:09,2026-07-30 13:10:18
14771,5721,474,WIRE_TRANSFER,3911.29,USD,PENDING,Apple Services US,2026-08-18 18:54:47,2026-08-18 19:41:38
14772,5110,345,ACH_CREDIT,146599.63,USD,FAILED,Fedwire Interbank Net,2026-08-11 02:15:40,2026-08-11 03:10:37
14773,5775,183,INTERNAL_BOOK_TRANSFER,90821.0,USD,FAILED,Walmart Global Vendor,2026-07-22 18:41:51,2026-07-22 19:16:18
14774,5067,252,ACH_CREDIT,74506.97,USD,COMPLETED,JPMorgan Settlement Corp,2026-08-11 20:37:18,2026-08-11 21:12:59
14775,5138,215,CARD_AUTH,105316.97,USD,FAILED,Oracle Cloud Infra,2026-09-03 01:54:48,2026-09-03 03:53:26
14776,5984,491,WIRE_TRANSFER,148957.21,USD,COMPLETED,JPMorgan Settlement Corp,2026-08-09 20:12:15,2026-08-09 21:38:48
14777,5846,280,WIRE_TRANSFER,21011.07,USD,COMPLETED,Apple Services US,2026-07-25 22:52:13,2026-07-26 00:40:29
14778,5895,270,CARD_AUTH,93322.78,USD,ON_HOLD,Visa Direct Global,2026-08-11 03:50:53,2026-08-11 04:39:12
14779,5968,441,ACH_DEBIT,101220.13,USD,ON_HOLD,Walmart Global Vendor,2026-08-02 07:43:46,2026-08-02 09:35:57
14780,5123,37,ACH_CREDIT,66199.62,USD,COMPLETED,Visa Direct Global,2026-08-29 21:41:32,2026-08-29 22:14:57
14781,5776,439,MERCHANT_SETTLEMENT,133674.94,USD,COMPLETED,Stripe Clearing Inc,2026-07-28 08:04:44,2026-07-28 08:46:34
14782,5621,431,ACH_CREDIT,35810.24,USD,COMPLETED,Amazon AWS Services,2026-09-09 18:30:07,2026-09-09 19:38:59
14783,5413,83,ACH_CREDIT,8099.85,USD,PENDING,Walmart Global Vendor,2026-09-14 06:40:59,2026-09-14 07:16:29
14784,5690,426,WIRE_TRANSFER,4037.48,USD,FAILED,Oracle Cloud Infra,2026-07-29 02:21:34,2026-07-29 03:31:12
14785,5821,10,ACH_CREDIT,105755.16,USD,COMPLETED,Oracle Cloud Infra,2026-08-24 23:06:48,2026-08-25 00:44:32
14786,5095,347,WIRE_TRANSFER,137656.39,USD,COMPLETED,Stripe Clearing Inc,2026-09-06 10:43:08,2026-09-06 11:04:06
14787,5312,39,INTERNAL_BOOK_TRANSFER,37943.12,USD,PROCESSING,Stripe Clearing Inc,2026-09-01 07:04:45,2026-09-01 07:11:03
14788,5138,266,ACH_DEBIT,145877.96,USD,COMPLETED,Fedwire Interbank Net,2026-09-11 05:43:11,2026-09-11 06:47:31
14789,5546,229,INTERNAL_BOOK_TRANSFER,118886.38,USD,COMPLETED,JPMorgan Settlement Corp,2026-07-26 01:26:22,2026-07-26 02:04:53
14790,5582,311,FX_CONVERSION,71750.4,USD,FAILED,Amazon AWS Services,2026-08-09 04:13:52,2026-08-09 05:44:42
14791,5132,493,WIRE_TRANSFER,42034.0,USD,ON_HOLD,Microsoft Azure Cloud,2026-09-05 22:32:44,2026-09-05 23:07:44
14792,5219,371,ACH_CREDIT,46035.71,USD,COMPLETED,Stripe Clearing Inc,2026-07-24 00:52:17,2026-07-24 01:48:31
14793,5370,34,CARD_AUTH,6772.02,USD,COMPLETED,Microsoft Azure Cloud,2026-08-27 04:24:59,2026-08-27 04:25:19
14794,5068,7,INTERNAL_BOOK_TRANSFER,43862.44,USD,COMPLETED,Stripe Clearing Inc,2026-08-11 13:59:33,2026-08-11 14:45:32
14795,5376,171,INTERNAL_BOOK_TRANSFER,68296.14,USD,COMPLETED,JPMorgan Settlement Corp,2026-07-24 10:02:46,2026-07-24 11:41:15
14796,5484,390,ACH_CREDIT,102702.92,USD,COMPLETED,Target Retail Network,2026-09-15 18:24:22,2026-09-15 19:13:14
14797,5434,387,CARD_AUTH,149329.19,USD,PENDING,JPMorgan Settlement Corp,2026-07-28 02:02:11,2026-07-28 03:09:02
14798,5387,407,CARD_AUTH,11536.82,USD,PROCESSING,Visa Direct Global,2026-09-12 03:02:22,2026-09-12 04:21:55
14799,5568,255,INTERNAL_BOOK_TRANSFER,83070.26,USD,FAILED,Apple Services US,2026-09-05 12:07:55,2026-09-05 13:05:49
14800,5488,377,MERCHANT_SETTLEMENT,137675.8,USD,FAILED,Stripe Clearing Inc,2026-08-09 23:08:10,2026-08-10 00:16:31
14801,5492,238,INTERNAL_BOOK_TRANSFER,11492.04,USD,FAILED,Target Retail Network,2026-09-16 16:57:06,2026-09-16 18:10:30
14802,5087,273,FX_CONVERSION,33500.77,USD,PENDING,JPMorgan Settlement Corp,2026-07-23 20:59:05,2026-07-23 21:37:05
14803,5519,244,ACH_CREDIT,5849.74,USD,COMPLETED,Stripe Clearing Inc,2026-09-14 19:24:49,2026-09-14 19:59:25
14804,5327,175,INTERNAL_BOOK_TRANSFER,75206.42,USD,PROCESSING,Stripe Clearing Inc,2026-09-02 02:53:55,2026-09-02 04:47:05
14805,5742,115,ACH_DEBIT,17042.99,USD,PROCESSING,Amazon AWS Services,2026-09-06 05:39:56,2026-09-06 06:59:02
14806,5674,207,CARD_AUTH,46772.31,USD,ON_HOLD,Amazon AWS Services,2026-08-12 21:35:40,2026-08-12 23:01:16
14807,5649,408,WIRE_TRANSFER,52192.03,USD,PENDING,Walmart Global Vendor,2026-09-07 08:09:14,2026-09-07 08:54:34
14808,5635,99,FX_CONVERSION,15929.26,USD,PROCESSING,Walmart Global Vendor,2026-08-11 23:20:37,2026-08-12 00:51:02
14809,5401,369,ACH_CREDIT,4969.89,USD,COMPLETED,Microsoft Azure Cloud,2026-09-16 04:05:14,2026-09-16 04:31:25
14810,5786,121,FX_CONVERSION,27425.88,USD,COMPLETED,Visa Direct Global,2026-08-19 12:34:13,2026-08-19 13:08:39
14811,5032,483,MERCHANT_SETTLEMENT,34205.26,USD,COMPLETED,Fedwire Interbank Net,2026-09-02 02:31:46,2026-09-02 02:33:00
14812,5144,28,INTERNAL_BOOK_TRANSFER,70252.68,USD,ON_HOLD,Stripe Clearing Inc,2026-08-23 07:14:59,2026-08-23 07:41:59
14813,5470,287,INTERNAL_BOOK_TRANSFER,41884.13,USD,COMPLETED,Walmart Global Vendor,2026-08-23 16:23:52,2026-08-23 17:57:07
14814,5665,179,INTERNAL_BOOK_TRANSFER,50503.27,USD,COMPLETED,Walmart Global Vendor,2026-08-14 17:52:46,2026-08-14 18:31:24
14815,5960,389,CARD_AUTH,5426.26,USD,FAILED,Oracle Cloud Infra,2026-09-15 10:40:58,2026-09-15 12:13:33
14816,5424,234,MERCHANT_SETTLEMENT,104789.23,USD,PROCESSING,Oracle Cloud Infra,2026-09-10 01:30:37,2026-09-10 03:20:16
14817,5602,475,ACH_CREDIT,96660.74,USD,ON_HOLD,JPMorgan Settlement Corp,2026-07-30 02:25:35,2026-07-30 04:09:44
14818,5948,17,INTERNAL_BOOK_TRANSFER,5829.39,USD,FAILED,JPMorgan Settlement Corp,2026-07-20 17:05:21,2026-07-20 17:43:17
14819,5023,394,CARD_AUTH,92792.28,USD,PENDING,Stripe Clearing Inc,2026-07-31 22:33:53,2026-08-01 00:20:46
14820,5178,152,MERCHANT_SETTLEMENT,15870.31,USD,PENDING,Walmart Global Vendor,2026-09-05 13:42:15,2026-09-05 14:55:42
14821,5710,8,ACH_DEBIT,14239.84,USD,COMPLETED,Microsoft Azure Cloud,2026-09-11 09:54:42,2026-09-11 10:53:09
14822,5419,248,WIRE_TRANSFER,78284.69,USD,COMPLETED,Microsoft Azure Cloud,2026-08-03 06:48:51,2026-08-03 07:48:06
14823,5130,395,ACH_DEBIT,45110.69,USD,PENDING,Amazon AWS Services,2026-08-13 22:43:41,2026-08-14 00:00:37
14824,5562,213,MERCHANT_SETTLEMENT,12348.04,USD,FAILED,Amazon AWS Services,2026-07-31 05:29:47,2026-07-31 06:38:25
14825,5475,239,CARD_AUTH,2092.11,USD,COMPLETED,JPMorgan Settlement Corp,2026-08-20 12:06:14,2026-08-20 13:09:33
14826,5796,25,INTERNAL_BOOK_TRANSFER,42808.06,USD,COMPLETED,Target Retail Network,2026-07-22 15:41:28,2026-07-22 16:44:50
14827,5251,69,ACH_DEBIT,126020.19,USD,ON_HOLD,Fedwire Interbank Net,2026-09-09 07:01:13,2026-09-09 08:18:37
14828,5629,448,MERCHANT_SETTLEMENT,98599.02,USD,COMPLETED,Visa Direct Global,2026-07-25 15:12:45,2026-07-25 16:55:53
14829,5219,328,CARD_AUTH,8581.1,USD,FAILED,Target Retail Network,2026-09-07 16:08:27,2026-09-07 16:22:20
14830,5823,238,MERCHANT_SETTLEMENT,93658.73,USD,ON_HOLD,Oracle Cloud Infra,2026-09-15 02:18:46,2026-09-15 03:37:08
14831,5147,134,MERCHANT_SETTLEMENT,126226.17,USD,COMPLETED,Microsoft Azure Cloud,2026-09-03 04:13:48,2026-09-03 04:16:55
14832,5290,438,FX_CONVERSION,18204.21,USD,ON_HOLD,Target Retail Network,2026-07-25 13:41:18,2026-07-25 13:54:06
14833,5524,219,CARD_AUTH,146640.08,USD,COMPLETED,JPMorgan Settlement Corp,2026-08-12 20:23:44,2026-08-12 20:35:14
14834,5834,136,ACH_DEBIT,103408.88,USD,FAILED,Walmart Global Vendor,2026-07-29 05:33:28,2026-07-29 06:43:11
14835,5807,64,ACH_CREDIT,69571.14,USD,PROCESSING,Stripe Clearing Inc,2026-09-03 21:44:16,2026-09-03 21:52:06
14836,5023,126,ACH_DEBIT,36324.27,USD,FAILED,Apple Services US,2026-08-15 02:48:29,2026-08-15 03:15:34
14837,5747,432,ACH_CREDIT,53131.43,USD,PENDING,Apple Services US,2026-08-17 13:32:34,2026-08-17 13:36:31
14838,5996,417,CARD_AUTH,145126.18,USD,ON_HOLD,Walmart Global Vendor,2026-08-09 05:04:16,2026-08-09 05:56:13
14839,5142,162,WIRE_TRANSFER,131304.06,USD,ON_HOLD,JPMorgan Settlement Corp,2026-08-08 18:37:54,2026-08-08 18:54:50
14840,5075,421,ACH_DEBIT,38694.09,USD,ON_HOLD,Stripe Clearing Inc,2026-07-30 20:20:39,2026-07-30 21:41:32
14841,5857,472,WIRE_TRANSFER,96020.83,USD,COMPLETED,Fedwire Interbank Net,2026-07-20 22:45:17,2026-07-20 23:52:06
14842,5105,127,INTERNAL_BOOK_TRANSFER,60316.94,USD,PROCESSING,Target Retail Network,2026-07-24 22:42:21,2026-07-25 00:29:29
14843,5034,185,CARD_AUTH,19311.44,USD,COMPLETED,Microsoft Azure Cloud,2026-08-14 12:44:56,2026-08-14 13:07:24
14844,5663,443,MERCHANT_SETTLEMENT,117631.87,USD,PENDING,Target Retail Network,2026-08-24 07:32:04,2026-08-24 09:23:36
14845,5205,287,ACH_DEBIT,100474.63,USD,COMPLETED,Fedwire Interbank Net,2026-07-31 11:12:09,2026-07-31 11:29:07
14846,5853,210,WIRE_TRANSFER,144499.03,USD,COMPLETED,Visa Direct Global,2026-09-13 06:00:25,2026-09-13 07:38:10
14847,5626,160,ACH_DEBIT,110190.5,USD,PENDING,Stripe Clearing Inc,2026-09-09 15:56:15,2026-09-09 16:33:54
14848,5872,424,ACH_DEBIT,47205.01,USD,PENDING,Walmart Global Vendor,2026-09-09 19:08:43,2026-09-09 19:29:51
14849,5412,272,ACH_CREDIT,107982.64,USD,PROCESSING,Walmart Global Vendor,2026-07-25 15:38:32,2026-07-25 16:51:30
14850,5110,139,CARD_AUTH,91816.02,USD,FAILED,Microsoft Azure Cloud,2026-07-22 20:56:12,2026-07-22 21:21:15
14851,5819,99,ACH_CREDIT,29248.57,USD,PROCESSING,Walmart Global Vendor,2026-09-15 09:56:17,2026-09-15 10:27:46
14852,5846,179,FX_CONVERSION,8418.59,USD,COMPLETED,Walmart Global Vendor,2026-08-05 11:08:59,2026-08-05 12:18:25
14853,5531,16,ACH_DEBIT,4227.54,USD,FAILED,Apple Services US,2026-08-19 12:27:32,2026-08-19 12:33:50
14854,5894,255,INTERNAL_BOOK_TRANSFER,99856.44,USD,COMPLETED,Visa Direct Global,2026-09-01 14:49:41,2026-09-01 16:40:07
14855,5217,185,ACH_DEBIT,118259.78,USD,FAILED,Microsoft Azure Cloud,2026-08-01 14:12:39,2026-08-01 15:01:37
14856,5186,144,INTERNAL_BOOK_TRANSFER,105192.4,USD,PENDING,Apple Services US,2026-09-04 15:53:58,2026-09-04 16:28:36
14857,5293,399,ACH_DEBIT,84835.14,USD,COMPLETED,Visa Direct Global,2026-08-12 15:19:09,2026-08-12 15:23:51
14858,5314,219,ACH_DEBIT,121014.8,USD,COMPLETED,Fedwire Interbank Net,2026-07-20 16:03:52,2026-07-20 16:56:43
14859,5582,273,CARD_AUTH,76667.59,USD,COMPLETED,Fedwire Interbank Net,2026-08-17 17:20:55,2026-08-17 18:35:35
14860,5445,65,INTERNAL_BOOK_TRANSFER,100747.72,USD,COMPLETED,Walmart Global Vendor,2026-08-09 00:11:45,2026-08-09 01:19:40
14861,5474,304,ACH_CREDIT,117779.08,USD,FAILED,Oracle Cloud Infra,2026-08-22 23:08:33,2026-08-23 00:37:35
14862,5887,149,INTERNAL_BOOK_TRANSFER,120674.33,USD,COMPLETED,Visa Direct Global,2026-07-29 14:21:45,2026-07-29 14:40:54
14863,5125,12,CARD_AUTH,38143.57,USD,PENDING,JPMorgan Settlement Corp,2026-08-23 19:42:24,2026-08-23 20:17:03
14864,5830,182,INTERNAL_BOOK_TRANSFER,29737.77,USD,PENDING,Amazon AWS Services,2026-07-28 19:29:51,2026-07-28 21:13:06
14865,5445,31,FX_CONVERSION,125083.48,USD,PROCESSING,Target Retail Network,2026-08-02 13:06:22,2026-08-02 15:01:28
14866,5648,381,ACH_DEBIT,70323.76,USD,PENDING,Visa Direct Global,2026-08-02 17:44:23,2026-08-02 18:38:41
14867,5976,70,ACH_DEBIT,100272.78,USD,FAILED,Stripe Clearing Inc,2026-09-04 03:05:04,2026-09-04 03:45:39
14868,5207,64,INTERNAL_BOOK_TRANSFER,59151.73,USD,COMPLETED,Target Retail Network,2026-08-01 14:38:43,2026-08-01 15:29:33
14869,5061,333,CARD_AUTH,34690.49,USD,ON_HOLD,Visa Direct Global,2026-08-17 16:10:24,2026-08-17 16:44:08
14870,5691,325,FX_CONVERSION,76289.86,USD,PROCESSING,Microsoft Azure Cloud,2026-08-14 18:56:43,2026-08-14 19:17:54
14871,5471,286,FX_CONVERSION,53639.52,USD,ON_HOLD,Target Retail Network,2026-08-30 07:38:16,2026-08-30 07:50:44
14872,5806,436,MERCHANT_SETTLEMENT,88739.97,USD,COMPLETED,Visa Direct Global,2026-08-29 00:47:08,2026-08-29 02:26:19
14873,5269,173,CARD_AUTH,45961.82,USD,ON_HOLD,Walmart Global Vendor,2026-08-23 04:44:30,2026-08-23 06:39:38
14874,5468,376,FX_CONVERSION,131380.15,USD,COMPLETED,Apple Services US,2026-08-07 13:35:59,2026-08-07 15:15:08
14875,5112,253,INTERNAL_BOOK_TRANSFER,131115.49,USD,ON_HOLD,JPMorgan Settlement Corp,2026-08-31 11:45:39,2026-08-31 13:25:18
14876,5110,271,ACH_CREDIT,19930.53,USD,COMPLETED,Microsoft Azure Cloud,2026-07-22 02:55:20,2026-07-22 03:17:27
14877,5219,308,ACH_CREDIT,59136.19,USD,ON_HOLD,JPMorgan Settlement Corp,2026-09-04 00:27:29,2026-09-04 01:20:28
14878,5105,237,MERCHANT_SETTLEMENT,137720.38,USD,COMPLETED,Amazon AWS Services,2026-08-15 16:41:54,2026-08-15 16:47:30
14879,5285,373,MERCHANT_SETTLEMENT,50470.38,USD,COMPLETED,Stripe Clearing Inc,2026-07-27 15:58:33,2026-07-27 16:20:56
14880,5566,194,ACH_CREDIT,75708.78,USD,COMPLETED,Amazon AWS Services,2026-08-22 19:49:51,2026-08-22 19:50:49
14881,5961,70,INTERNAL_BOOK_TRANSFER,130420.64,USD,COMPLETED,Oracle Cloud Infra,2026-09-16 09:05:53,2026-09-16 09:28:04
14882,5039,245,CARD_AUTH,97486.34,USD,ON_HOLD,Walmart Global Vendor,2026-09-14 21:07:25,2026-09-14 21:56:10
14883,5174,407,FX_CONVERSION,146595.99,USD,COMPLETED,Apple Services US,2026-08-29 14:26:21,2026-08-29 15:33:23
14884,5494,407,ACH_DEBIT,27404.9,USD,PROCESSING,Target Retail Network,2026-08-19 17:34:11,2026-08-19 19:09:43
14885,5272,112,CARD_AUTH,34405.17,USD,ON_HOLD,Apple Services US,2026-08-07 14:43:11,2026-08-07 16:23:07
14886,5807,69,INTERNAL_BOOK_TRANSFER,66084.16,USD,COMPLETED,Visa Direct Global,2026-08-29 10:19:07,2026-08-29 12:04:17
14887,5765,297,ACH_CREDIT,11995.23,USD,COMPLETED,Stripe Clearing Inc,2026-07-23 19:27:27,2026-07-23 19:29:09
14888,5142,195,WIRE_TRANSFER,73470.58,USD,FAILED,JPMorgan Settlement Corp,2026-07-26 09:33:06,2026-07-26 10:08:20
14889,5199,458,INTERNAL_BOOK_TRANSFER,94005.57,USD,ON_HOLD,Oracle Cloud Infra,2026-08-26 05:44:20,2026-08-26 07:44:11
14890,5583,342,CARD_AUTH,57414.39,USD,FAILED,Walmart Global Vendor,2026-08-09 20:25:46,2026-08-09 22:25:15
14891,5509,35,ACH_DEBIT,135393.07,USD,PENDING,Target Retail Network,2026-07-30 15:20:55,2026-07-30 15:24:35
14892,5365,93,WIRE_TRANSFER,84058.47,USD,PROCESSING,Target Retail Network,2026-07-26 04:22:52,2026-07-26 05:38:52
14893,5465,114,WIRE_TRANSFER,99798.39,USD,PROCESSING,Walmart Global Vendor,2026-07-24 20:19:58,2026-07-24 21:25:04
14894,5638,108,CARD_AUTH,34960.38,USD,PENDING,Target Retail Network,2026-07-30 01:29:16,2026-07-30 01:47:07
14895,5627,244,ACH_CREDIT,133366.07,USD,COMPLETED,Stripe Clearing Inc,2026-08-19 01:14:51,2026-08-19 02:25:32
14896,5349,27,CARD_AUTH,24007.78,USD,ON_HOLD,Apple Services US,2026-08-25 01:11:58,2026-08-25 02:34:51
14897,5655,425,INTERNAL_BOOK_TRANSFER,4044.87,USD,COMPLETED,Fedwire Interbank Net,2026-09-10 15:38:26,2026-09-10 17:16:17
14898,5019,1,FX_CONVERSION,8842.82,USD,COMPLETED,JPMorgan Settlement Corp,2026-07-22 11:53:42,2026-07-22 13:10:20
14899,5671,322,MERCHANT_SETTLEMENT,12832.05,USD,COMPLETED,Stripe Clearing Inc,2026-09-08 13:09:35,2026-09-08 14:29:26
14900,5866,386,ACH_DEBIT,52092.09,USD,COMPLETED,Visa Direct Global,2026-08-20 05:13:43,2026-08-20 06:31:39
14901,5424,396,WIRE_TRANSFER,19732.88,USD,COMPLETED,Stripe Clearing Inc,2026-08-20 15:43:21,2026-08-20 17:34:07
14902,5636,465,CARD_AUTH,134053.23,USD,PROCESSING,Apple Services US,2026-08-22 21:08:47,2026-08-22 21:24:33
14903,5472,185,MERCHANT_SETTLEMENT,118439.35,USD,COMPLETED,Target Retail Network,2026-08-05 01:43:27,2026-08-05 02:10:22
14904,5015,420,FX_CONVERSION,78878.32,USD,COMPLETED,Fedwire Interbank Net,2026-07-20 02:49:12,2026-07-20 04:11:53
14905,5290,481,WIRE_TRANSFER,69742.19,USD,COMPLETED,JPMorgan Settlement Corp,2026-08-15 23:27:45,2026-08-15 23:44:27
14906,5970,114,WIRE_TRANSFER,7086.2,USD,PROCESSING,Oracle Cloud Infra,2026-08-29 21:53:27,2026-08-29 23:00:55
14907,5666,179,FX_CONVERSION,105107.81,USD,PENDING,Walmart Global Vendor,2026-08-21 21:36:05,2026-08-21 23:09:23
14908,5555,174,WIRE_TRANSFER,88165.66,USD,PROCESSING,Stripe Clearing Inc,2026-08-18 07:21:06,2026-08-18 08:06:57
14909,5045,152,FX_CONVERSION,124331.12,USD,PENDING,JPMorgan Settlement Corp,2026-08-12 21:54:12,2026-08-12 22:47:38
14910,5423,319,ACH_DEBIT,101581.42,USD,COMPLETED,Apple Services US,2026-08-06 02:29:51,2026-08-06 03:38:25
14911,5440,490,ACH_DEBIT,15680.44,USD,COMPLETED,Microsoft Azure Cloud,2026-08-01 20:47:25,2026-08-01 20:52:52
14912,5316,407,ACH_CREDIT,97704.04,USD,COMPLETED,Walmart Global Vendor,2026-07-24 06:55:24,2026-07-24 08:28:35
14913,5978,353,ACH_DEBIT,136002.12,USD,COMPLETED,Stripe Clearing Inc,2026-09-05 02:32:56,2026-09-05 04:32:43
14914,5396,134,INTERNAL_BOOK_TRANSFER,29027.39,USD,COMPLETED,Visa Direct Global,2026-08-08 08:34:39,2026-08-08 10:31:55
14915,5588,463,ACH_DEBIT,16015.66,USD,FAILED,Fedwire Interbank Net,2026-09-01 10:19:31,2026-09-01 10:54:36
14916,5992,18,MERCHANT_SETTLEMENT,83398.24,USD,ON_HOLD,Oracle Cloud Infra,2026-08-29 13:11:44,2026-08-29 14:28:46
14917,5524,377,CARD_AUTH,129736.8,USD,ON_HOLD,Walmart Global Vendor,2026-09-09 13:30:51,2026-09-09 14:13:53
14918,5458,139,FX_CONVERSION,11330.03,USD,FAILED,Stripe Clearing Inc,2026-07-25 03:00:04,2026-07-25 03:54:07
14919,5662,416,MERCHANT_SETTLEMENT,68673.36,USD,COMPLETED,Fedwire Interbank Net,2026-08-16 22:48:48,2026-08-16 23:01:23
14920,5517,230,FX_CONVERSION,35441.99,USD,PROCESSING,Apple Services US,2026-09-10 01:20:36,2026-09-10 02:44:07
14921,5915,163,ACH_CREDIT,68191.02,USD,COMPLETED,Stripe Clearing Inc,2026-08-04 08:50:55,2026-08-04 09:29:03
14922,5589,109,CARD_AUTH,16449.91,USD,ON_HOLD,Microsoft Azure Cloud,2026-08-23 10:10:57,2026-08-23 11:43:18
14923,5687,306,FX_CONVERSION,149751.4,USD,COMPLETED,Target Retail Network,2026-08-31 09:38:33,2026-08-31 10:53:15
14924,5015,139,MERCHANT_SETTLEMENT,436.87,USD,COMPLETED,Apple Services US,2026-09-15 00:39:39,2026-09-15 01:07:09
14925,5399,177,WIRE_TRANSFER,120275.16,USD,FAILED,Apple Services US,2026-08-25 01:33:09,2026-08-25 02:27:00
14926,5806,297,ACH_CREDIT,147862.91,USD,ON_HOLD,Visa Direct Global,2026-08-02 08:58:23,2026-08-02 10:41:48
14927,5052,427,CARD_AUTH,116620.8,USD,COMPLETED,JPMorgan Settlement Corp,2026-09-03 10:04:17,2026-09-03 10:32:48
14928,5988,176,CARD_AUTH,74460.31,USD,COMPLETED,Walmart Global Vendor,2026-08-26 15:07:13,2026-08-26 16:13:21
14929,5190,38,ACH_CREDIT,127899.0,USD,COMPLETED,Amazon AWS Services,2026-09-11 11:20:39,2026-09-11 13:07:17
14930,5350,235,INTERNAL_BOOK_TRANSFER,75904.71,USD,PROCESSING,Walmart Global Vendor,2026-09-14 19:31:41,2026-09-14 19:47:29
14931,5377,120,ACH_CREDIT,105853.41,USD,COMPLETED,Walmart Global Vendor,2026-08-26 12:42:54,2026-08-26 13:34:57
14932,5021,4,FX_CONVERSION,80959.56,USD,ON_HOLD,Amazon AWS Services,2026-08-21 05:13:07,2026-08-21 06:20:15
14933,5831,276,ACH_CREDIT,61104.77,USD,PROCESSING,Amazon AWS Services,2026-08-08 18:42:44,2026-08-08 18:47:01
14934,5208,462,ACH_DEBIT,10999.85,USD,COMPLETED,Fedwire Interbank Net,2026-08-21 16:14:53,2026-08-21 17:44:17
14935,5194,65,FX_CONVERSION,77349.77,USD,PENDING,Oracle Cloud Infra,2026-08-14 17:51:01,2026-08-14 19:15:16
14936,5912,348,FX_CONVERSION,149694.87,USD,PENDING,Apple Services US,2026-07-22 12:06:50,2026-07-22 13:47:27
14937,5511,411,WIRE_TRANSFER,63943.16,USD,COMPLETED,Apple Services US,2026-08-15 06:24:20,2026-08-15 07:15:56
14938,5102,426,ACH_DEBIT,118082.35,USD,COMPLETED,Apple Services US,2026-07-22 20:54:26,2026-07-22 21:01:27
14939,5803,143,INTERNAL_BOOK_TRANSFER,88698.39,USD,ON_HOLD,Apple Services US,2026-08-18 19:29:42,2026-08-18 20:08:31
14940,5202,199,FX_CONVERSION,65666.77,USD,ON_HOLD,Fedwire Interbank Net,2026-08-11 23:11:36,2026-08-12 00:20:27
14941,5933,360,MERCHANT_SETTLEMENT,65513.81,USD,FAILED,Stripe Clearing Inc,2026-08-23 13:28:33,2026-08-23 14:33:53
14942,5725,251,CARD_AUTH,45175.44,USD,COMPLETED,Walmart Global Vendor,2026-08-13 13:53:10,2026-08-13 14:44:24
14943,5854,257,MERCHANT_SETTLEMENT,64376.94,USD,PROCESSING,JPMorgan Settlement Corp,2026-08-17 00:36:53,2026-08-17 02:20:46
14944,5553,371,MERCHANT_SETTLEMENT,46158.58,USD,COMPLETED,JPMorgan Settlement Corp,2026-09-05 07:17:59,2026-09-05 08:27:08
14945,5371,452,ACH_CREDIT,94174.59,USD,COMPLETED,Stripe Clearing Inc,2026-09-16 12:02:11,2026-09-16 13:10:57
14946,5513,241,ACH_CREDIT,62754.57,USD,ON_HOLD,Microsoft Azure Cloud,2026-09-13 08:31:08,2026-09-13 08:54:42
14947,5085,325,ACH_CREDIT,20474.97,USD,ON_HOLD,Target Retail Network,2026-09-13 18:30:41,2026-09-13 20:29:29
14948,5600,428,CARD_AUTH,78635.07,USD,FAILED,JPMorgan Settlement Corp,2026-07-31 17:37:10,2026-07-31 18:20:07
14949,5577,403,WIRE_TRANSFER,2169.91,USD,ON_HOLD,Stripe Clearing Inc,2026-08-09 08:53:07,2026-08-09 10:50:46
14950,5994,71,INTERNAL_BOOK_TRANSFER,104413.77,USD,COMPLETED,Microsoft Azure Cloud,2026-09-07 11:33:01,2026-09-07 12:08:24
14951,5946,400,ACH_DEBIT,63001.22,USD,FAILED,Apple Services US,2026-07-26 17:22:43,2026-07-26 18:12:24
14952,5850,424,INTERNAL_BOOK_TRANSFER,39906.5,USD,ON_HOLD,Apple Services US,2026-08-25 16:55:59,2026-08-25 17:49:23
14953,5008,152,ACH_DEBIT,62668.31,USD,PROCESSING,Target Retail Network,2026-09-13 19:38:59,2026-09-13 19:50:36
14954,5914,51,MERCHANT_SETTLEMENT,102851.35,USD,ON_HOLD,Microsoft Azure Cloud,2026-08-24 19:17:31,2026-08-24 20:17:41
14955,5669,206,MERCHANT_SETTLEMENT,138095.8,USD,FAILED,Apple Services US,2026-08-27 14:40:11,2026-08-27 15:31:07
14956,5837,243,INTERNAL_BOOK_TRANSFER,64968.0,USD,PENDING,Microsoft Azure Cloud,2026-09-04 11:47:05,2026-09-04 12:40:58
14957,5048,288,ACH_DEBIT,18880.63,USD,PROCESSING,Walmart Global Vendor,2026-08-02 09:14:41,2026-08-02 10:34:47
14958,5447,160,ACH_DEBIT,132072.62,USD,COMPLETED,Stripe Clearing Inc,2026-09-05 11:54:37,2026-09-05 12:44:21
14959,5064,148,FX_CONVERSION,93490.37,USD,PROCESSING,Apple Services US,2026-09-09 04:56:31,2026-09-09 05:14:56
14960,5608,286,FX_CONVERSION,73160.65,USD,COMPLETED,Apple Services US,2026-08-23 20:00:46,2026-08-23 20:41:41
14961,5759,142,ACH_CREDIT,25012.94,USD,PENDING,Stripe Clearing Inc,2026-09-11 14:42:32,2026-09-11 15:32:00
14962,5709,21,MERCHANT_SETTLEMENT,133564.47,USD,COMPLETED,Visa Direct Global,2026-09-09 21:13:48,2026-09-09 22:17:42
14963,5803,348,ACH_CREDIT,96812.26,USD,PENDING,Microsoft Azure Cloud,2026-07-23 04:37:48,2026-07-23 04:46:18
14964,5390,410,MERCHANT_SETTLEMENT,20975.83,USD,PENDING,Fedwire Interbank Net,2026-08-08 10:51:33,2026-08-08 12:11:23
14965,5039,126,ACH_CREDIT,120020.16,USD,COMPLETED,Microsoft Azure Cloud,2026-08-12 19:43:21,2026-08-12 19:51:01
14966,5199,46,FX_CONVERSION,104452.4,USD,PROCESSING,Target Retail Network,2026-08-12 07:14:21,2026-08-12 09:06:29
14967,5021,460,WIRE_TRANSFER,16296.87,USD,COMPLETED,Oracle Cloud Infra,2026-08-14 08:14:39,2026-08-14 09:46:01
14968,5022,206,ACH_DEBIT,37757.88,USD,PROCESSING,Walmart Global Vendor,2026-08-22 03:20:26,2026-08-22 04:31:55
14969,5511,164,ACH_DEBIT,20036.56,USD,COMPLETED,Walmart Global Vendor,2026-08-03 17:24:16,2026-08-03 18:42:06
14970,5403,54,ACH_DEBIT,11246.55,USD,COMPLETED,Fedwire Interbank Net,2026-09-16 21:56:29,2026-09-16 22:59:01
14971,5959,130,ACH_DEBIT,68237.31,USD,PROCESSING,Target Retail Network,2026-08-19 15:19:21,2026-08-19 15:29:22
14972,5960,232,FX_CONVERSION,131957.3,USD,COMPLETED,Oracle Cloud Infra,2026-09-02 02:58:20,2026-09-02 04:35:42
14973,5948,46,INTERNAL_BOOK_TRANSFER,36249.73,USD,COMPLETED,Fedwire Interbank Net,2026-08-30 00:15:39,2026-08-30 01:40:03
14974,5443,499,ACH_CREDIT,98566.26,USD,COMPLETED,Oracle Cloud Infra,2026-09-13 16:00:31,2026-09-13 16:49:07
14975,5728,454,INTERNAL_BOOK_TRANSFER,80591.53,USD,ON_HOLD,Microsoft Azure Cloud,2026-07-26 10:54:07,2026-07-26 11:57:32
14976,5670,274,ACH_CREDIT,49070.27,USD,ON_HOLD,Fedwire Interbank Net,2026-07-24 06:44:58,2026-07-24 08:19:35
14977,5126,308,FX_CONVERSION,112502.2,USD,COMPLETED,Fedwire Interbank Net,2026-08-01 08:09:02,2026-08-01 08:45:07
14978,5882,218,FX_CONVERSION,45995.51,USD,PENDING,Fedwire Interbank Net,2026-08-05 03:31:13,2026-08-05 04:52:06
14979,5201,202,CARD_AUTH,132801.72,USD,PROCESSING,Microsoft Azure Cloud,2026-08-02 03:54:30,2026-08-02 04:53:30
14980,5538,441,ACH_DEBIT,125480.66,USD,PENDING,Visa Direct Global,2026-09-02 05:59:46,2026-09-02 06:25:57
14981,5445,247,FX_CONVERSION,109039.84,USD,PROCESSING,Amazon AWS Services,2026-07-28 14:32:53,2026-07-28 16:23:55
14982,5899,3,ACH_CREDIT,98255.64,USD,FAILED,Apple Services US,2026-07-27 07:22:34,2026-07-27 08:45:29
14983,5778,30,INTERNAL_BOOK_TRANSFER,117999.39,USD,PROCESSING,Walmart Global Vendor,2026-08-01 04:11:03,2026-08-01 06:05:22
14984,5010,97,FX_CONVERSION,143267.27,USD,PENDING,JPMorgan Settlement Corp,2026-07-29 14:47:23,2026-07-29 15:05:01
14985,5128,398,CARD_AUTH,120252.77,USD,ON_HOLD,Stripe Clearing Inc,2026-09-13 08:55:59,2026-09-13 09:01:43
14986,5650,141,ACH_DEBIT,109658.31,USD,PENDING,JPMorgan Settlement Corp,2026-08-18 09:52:49,2026-08-18 11:44:14
14987,5741,139,MERCHANT_SETTLEMENT,103302.13,USD,COMPLETED,Amazon AWS Services,2026-07-28 22:27:29,2026-07-28 23:20:54
14988,5345,218,MERCHANT_SETTLEMENT,32579.9,USD,FAILED,Target Retail Network,2026-09-16 05:39:36,2026-09-16 06:08:38
14989,5695,181,WIRE_TRANSFER,78300.76,USD,COMPLETED,Target Retail Network,2026-08-01 14:08:00,2026-08-01 15:00:24
14990,5132,166,ACH_CREDIT,101047.82,USD,COMPLETED,Microsoft Azure Cloud,2026-07-21 05:32:35,2026-07-21 06:04:45
14991,5055,330,MERCHANT_SETTLEMENT,47099.31,USD,FAILED,Visa Direct Global,2026-09-08 23:53:34,2026-09-09 01:48:05
14992,5291,34,INTERNAL_BOOK_TRANSFER,41066.68,USD,COMPLETED,Amazon AWS Services,2026-08-02 12:39:31,2026-08-02 13:18:15
14993,5542,153,ACH_CREDIT,112959.83,USD,COMPLETED,Amazon AWS Services,2026-09-05 04:33:54,2026-09-05 05:12:12
14994,5378,8,CARD_AUTH,143215.58,USD,PROCESSING,Target Retail Network,2026-08-12 18:44:39,2026-08-12 19:09:52
14995,5528,28,CARD_AUTH,87649.21,USD,PROCESSING,Visa Direct Global,2026-09-03 00:46:07,2026-09-03 00:49:32
14996,5144,136,ACH_DEBIT,611.82,USD,FAILED,Target Retail Network,2026-07-28 04:15:22,2026-07-28 04:18:44
14997,5930,318,WIRE_TRANSFER,70222.16,USD,COMPLETED,Oracle Cloud Infra,2026-08-05 16:57:52,2026-08-05 17:30:07
14998,5694,169,INTERNAL_BOOK_TRANSFER,103426.87,USD,COMPLETED,Apple Services US,2026-09-03 21:56:14,2026-09-03 23:22:16
14999,5659,113,MERCHANT_SETTLEMENT,65439.15,USD,COMPLETED,Microsoft Azure Cloud,2026-08-31 14:59:35,2026-08-31 15:53:59
15000,5067,225,ACH_CREDIT,66586.15,USD,PENDING,Target Retail Network,2026-08-21 14:19:36,2026-08-21 15:03:26
