recon_id,source_system,external_ref,internal_order_id,amount,currency,status,discrepancy_reason,reconciled_at
80001,FED_ACH_CLEARING,EXT-8031429,12208,11858.43,USD,MATCHED,,2026-09-09 10:01:10
80002,CARD_PAYMENT_GATEWAY,EXT-7912779,10718,40257.28,USD,MATCHED,,2026-09-16 18:51:13
80003,SWIFT_FIN,EXT-2444611,12250,43060.56,USD,MATCHED,,2026-09-10 10:51:50
80004,SWIFT_FIN,EXT-2854161,12985,26663.3,USD,UNMATCHED,PENDING_SETTLEMENT_FILE,2026-09-13 14:34:10
80005,CARD_PAYMENT_GATEWAY,EXT-8918030,12944,82341.56,USD,DISCREPANCY,FEE_DEDUCTION_VARIANCE,2026-09-17 17:46:31
80006,FED_ACH_CLEARING,EXT-1130090,11946,83032.13,USD,MATCHED,,2026-09-13 02:15:00
80007,SWIFT_FIN,EXT-5042576,11188,76739.38,USD,MATCHED,,2026-09-15 07:25:56
80008,SWIFT_FIN,EXT-7110052,13193,39162.64,USD,MATCHED,,2026-09-16 11:20:07
80009,SWIFT_FIN,EXT-7939438,10145,38132.74,USD,DISCREPANCY,FEE_DEDUCTION_VARIANCE,2026-09-07 00:15:35
80010,FED_ACH_CLEARING,EXT-8859410,12519,28117.31,USD,MATCHED,,2026-09-17 04:32:07
80011,CARD_PAYMENT_GATEWAY,EXT-8107315,11171,35086.73,USD,DISCREPANCY,AMOUNT_MISMATCH,2026-09-14 05:27:12
80012,INTERNAL_LEDGER,EXT-7588142,12739,32544.8,USD,MATCHED,,2026-09-09 18:14:11
80013,SWIFT_FIN,EXT-4067006,14653,53338.74,USD,MATCHED,,2026-09-11 18:32:59
80014,CARD_PAYMENT_GATEWAY,EXT-8091614,10894,9689.12,USD,MATCHED,,2026-09-12 20:19:23
80015,CARD_PAYMENT_GATEWAY,EXT-3848199,12317,43263.07,USD,MATCHED,,2026-09-10 04:31:32
80016,SWIFT_FIN,EXT-8339750,14194,9364.85,USD,MATCHED,,2026-09-09 11:31:55
80017,FED_ACH_CLEARING,EXT-4241697,10120,870.35,USD,MATCHED,,2026-09-13 12:27:57
80018,CARD_PAYMENT_GATEWAY,EXT-7977431,12945,42328.47,USD,UNMATCHED,PENDING_SETTLEMENT_FILE,2026-09-17 19:06:02
80019,SWIFT_FIN,EXT-8444870,11401,15382.39,USD,MATCHED,,2026-09-04 18:24:17
80020,FED_ACH_CLEARING,EXT-1056146,10956,35051.12,USD,MATCHED,,2026-09-04 13:15:32
80021,SWIFT_FIN,EXT-9911495,12246,3344.18,USD,MATCHED,,2026-09-13 05:50:22
80022,SWIFT_FIN,EXT-9557360,13129,956.58,USD,MATCHED,,2026-09-12 16:15:57
80023,FED_ACH_CLEARING,EXT-8108035,12282,72806.12,USD,MATCHED,,2026-09-17 17:25:20
80024,INTERNAL_LEDGER,EXT-6506144,14629,61865.36,USD,MATCHED,,2026-09-14 09:01:18
80025,FED_ACH_CLEARING,EXT-2131091,13300,10536.96,USD,MATCHED,,2026-09-11 13:53:00
80026,INTERNAL_LEDGER,EXT-6743755,13964,47283.19,USD,UNMATCHED,PENDING_SETTLEMENT_FILE,2026-09-17 12:56:55
80027,CARD_PAYMENT_GATEWAY,EXT-9139895,14826,11191.14,USD,MATCHED,,2026-09-14 16:04:57
80028,SWIFT_FIN,EXT-6764146,13386,56550.08,USD,DISCREPANCY,AMOUNT_MISMATCH,2026-09-13 20:49:50
80029,CARD_PAYMENT_GATEWAY,EXT-3062395,14298,39227.94,USD,MATCHED,,2026-09-11 00:44:38
80030,CARD_PAYMENT_GATEWAY,EXT-6307317,12345,73241.77,USD,MATCHED,,2026-09-04 11:22:43
80031,SWIFT_FIN,EXT-7455980,12460,1157.51,USD,DISCREPANCY,AMOUNT_MISMATCH,2026-09-04 09:23:01
80032,FED_ACH_CLEARING,EXT-8112392,12659,35445.19,USD,MATCHED,,2026-09-16 12:51:25
80033,INTERNAL_LEDGER,EXT-5868209,13532,84453.84,USD,MATCHED,,2026-09-08 01:32:22
80034,FED_ACH_CLEARING,EXT-7989185,13363,63637.95,USD,MATCHED,,2026-09-04 13:42:30
80035,CARD_PAYMENT_GATEWAY,EXT-8583785,10977,76297.48,USD,DISCREPANCY,AMOUNT_MISMATCH,2026-09-11 18:56:03
80036,SWIFT_FIN,EXT-7275253,10933,70323.69,USD,MATCHED,,2026-09-15 22:11:14
80037,SWIFT_FIN,EXT-3454086,10215,47877.13,USD,MATCHED,,2026-09-08 00:11:13
80038,CARD_PAYMENT_GATEWAY,EXT-3853265,13137,11147.27,USD,MATCHED,,2026-09-13 07:46:53
80039,SWIFT_FIN,EXT-8543782,12343,73007.94,USD,DISCREPANCY,FEE_DEDUCTION_VARIANCE,2026-09-07 13:57:22
80040,INTERNAL_LEDGER,EXT-8416507,11230,10902.06,USD,MATCHED,,2026-09-11 17:27:08
80041,SWIFT_FIN,EXT-4042348,12021,29653.39,USD,MATCHED,,2026-09-14 03:57:29
80042,INTERNAL_LEDGER,EXT-2979244,14721,30727.43,USD,MATCHED,,2026-09-08 14:46:36
80043,SWIFT_FIN,EXT-2344438,13384,39170.96,USD,MATCHED,,2026-09-10 21:55:47
80044,INTERNAL_LEDGER,EXT-9873963,12880,40394.15,USD,MATCHED,,2026-09-17 01:51:30
80045,SWIFT_FIN,EXT-2940507,11128,44561.45,USD,MATCHED,,2026-09-16 00:34:04
80046,INTERNAL_LEDGER,EXT-8818677,14168,17422.84,USD,MATCHED,,2026-09-15 11:11:57
80047,SWIFT_FIN,EXT-4222446,11283,25899.5,USD,DISCREPANCY,AMOUNT_MISMATCH,2026-09-15 09:09:40
80048,FED_ACH_CLEARING,EXT-5880071,12057,54297.37,USD,MATCHED,,2026-09-04 09:04:11
80049,FED_ACH_CLEARING,EXT-4033087,11538,27967.77,USD,MATCHED,,2026-09-06 01:09:30
80050,FED_ACH_CLEARING,EXT-8969315,11898,841.75,USD,MATCHED,,2026-09-12 04:48:55
80051,FED_ACH_CLEARING,EXT-7025237,11119,20029.73,USD,MATCHED,,2026-09-09 09:28:29
80052,FED_ACH_CLEARING,EXT-9203414,11888,3445.09,USD,MATCHED,,2026-09-07 04:06:15
80053,SWIFT_FIN,EXT-7887449,10753,72585.39,USD,MATCHED,,2026-09-17 10:59:05
80054,FED_ACH_CLEARING,EXT-8354774,14782,59697.02,USD,DISCREPANCY,AMOUNT_MISMATCH,2026-09-13 20:43:59
80055,INTERNAL_LEDGER,EXT-1859576,12248,16628.83,USD,MATCHED,,2026-09-10 17:16:56
80056,SWIFT_FIN,EXT-5167311,12863,14031.54,USD,UNMATCHED,PENDING_SETTLEMENT_FILE,2026-09-10 04:50:09
80057,FED_ACH_CLEARING,EXT-1975657,14916,66154.44,USD,UNMATCHED,PENDING_SETTLEMENT_FILE,2026-09-06 20:01:12
80058,FED_ACH_CLEARING,EXT-5236906,14649,31175.15,USD,MATCHED,,2026-09-08 21:58:39
80059,CARD_PAYMENT_GATEWAY,EXT-5101814,12449,69969.91,USD,MATCHED,,2026-09-04 07:43:57
80060,INTERNAL_LEDGER,EXT-9345743,10180,14684.24,USD,UNMATCHED,PENDING_SETTLEMENT_FILE,2026-09-14 19:25:40
80061,SWIFT_FIN,EXT-3738354,14549,36732.23,USD,UNMATCHED,PENDING_SETTLEMENT_FILE,2026-09-16 21:17:56
80062,INTERNAL_LEDGER,EXT-5297331,11336,32086.7,USD,MATCHED,,2026-09-08 10:40:33
80063,SWIFT_FIN,EXT-6269553,11864,83758.96,USD,DISCREPANCY,AMOUNT_MISMATCH,2026-09-08 06:04:20
80064,FED_ACH_CLEARING,EXT-9981507,12813,57475.21,USD,MATCHED,,2026-09-05 05:57:00
80065,CARD_PAYMENT_GATEWAY,EXT-6665000,11478,74639.61,USD,MATCHED,,2026-09-14 05:57:29
80066,FED_ACH_CLEARING,EXT-9577946,12979,63691.51,USD,MATCHED,,2026-09-05 02:16:44
80067,INTERNAL_LEDGER,EXT-2889153,12636,46014.15,USD,UNMATCHED,PENDING_SETTLEMENT_FILE,2026-09-14 22:01:45
80068,FED_ACH_CLEARING,EXT-8311198,10528,84843.07,USD,MATCHED,,2026-09-14 00:51:58
80069,SWIFT_FIN,EXT-1135157,11791,68097.36,USD,UNMATCHED,PENDING_SETTLEMENT_FILE,2026-09-14 06:50:04
80070,CARD_PAYMENT_GATEWAY,EXT-4327905,12508,54683.77,USD,MATCHED,,2026-09-09 14:19:13
80071,FED_ACH_CLEARING,EXT-8064579,11627,15687.78,USD,MATCHED,,2026-09-06 13:08:01
80072,SWIFT_FIN,EXT-6379353,12629,76141.78,USD,UNMATCHED,PENDING_SETTLEMENT_FILE,2026-09-07 03:42:33
80073,SWIFT_FIN,EXT-9876660,14888,37968.29,USD,MATCHED,,2026-09-11 20:01:54
80074,INTERNAL_LEDGER,EXT-4962711,12583,4844.17,USD,UNMATCHED,PENDING_SETTLEMENT_FILE,2026-09-07 09:07:38
80075,CARD_PAYMENT_GATEWAY,EXT-9367309,13278,65522.74,USD,DISCREPANCY,TIMESTAMP_SLIPPAGE,2026-09-07 20:17:10
80076,INTERNAL_LEDGER,EXT-2517336,14081,43305.0,USD,DISCREPANCY,TIMESTAMP_SLIPPAGE,2026-09-14 05:17:25
80077,SWIFT_FIN,EXT-6861438,12049,45876.66,USD,MATCHED,,2026-09-16 14:05:17
80078,SWIFT_FIN,EXT-2779753,12446,50393.42,USD,MATCHED,,2026-09-06 17:09:24
80079,INTERNAL_LEDGER,EXT-5129966,14585,47155.27,USD,MATCHED,,2026-09-08 08:40:35
80080,SWIFT_FIN,EXT-3518429,14607,43401.05,USD,UNMATCHED,PENDING_SETTLEMENT_FILE,2026-09-08 07:40:11
80081,CARD_PAYMENT_GATEWAY,EXT-1700042,10773,3851.86,USD,MATCHED,,2026-09-11 12:21:49
80082,INTERNAL_LEDGER,EXT-4335692,13648,59876.71,USD,MATCHED,,2026-09-11 21:47:28
80083,CARD_PAYMENT_GATEWAY,EXT-9394973,14535,8845.08,USD,MATCHED,,2026-09-04 02:37:25
80084,FED_ACH_CLEARING,EXT-4043031,12072,1134.18,USD,MATCHED,,2026-09-15 18:45:41
80085,FED_ACH_CLEARING,EXT-8302987,10303,20072.7,USD,MATCHED,,2026-09-17 10:26:01
80086,FED_ACH_CLEARING,EXT-3975029,11771,76538.4,USD,MATCHED,,2026-09-05 02:38:32
80087,FED_ACH_CLEARING,EXT-4136194,13689,24795.82,USD,MATCHED,,2026-09-12 21:53:35
80088,INTERNAL_LEDGER,EXT-3217223,12501,33210.83,USD,MATCHED,,2026-09-11 02:09:13
80089,INTERNAL_LEDGER,EXT-9421328,10444,45818.34,USD,MATCHED,,2026-09-05 15:10:57
80090,FED_ACH_CLEARING,EXT-9200801,14589,30797.47,USD,UNMATCHED,PENDING_SETTLEMENT_FILE,2026-09-13 16:37:19
80091,INTERNAL_LEDGER,EXT-4111847,10790,57137.85,USD,UNMATCHED,PENDING_SETTLEMENT_FILE,2026-09-15 21:23:26
80092,FED_ACH_CLEARING,EXT-9674829,13376,54895.76,USD,DISCREPANCY,AMOUNT_MISMATCH,2026-09-09 18:57:28
80093,CARD_PAYMENT_GATEWAY,EXT-3865229,14688,82358.32,USD,DISCREPANCY,TIMESTAMP_SLIPPAGE,2026-09-15 06:19:07
80094,CARD_PAYMENT_GATEWAY,EXT-1927271,12198,1608.62,USD,MATCHED,,2026-09-14 02:28:58
80095,SWIFT_FIN,EXT-7980597,12825,62799.51,USD,MATCHED,,2026-09-09 00:01:26
80096,INTERNAL_LEDGER,EXT-8281401,13760,56613.14,USD,MATCHED,,2026-09-11 09:42:10
80097,INTERNAL_LEDGER,EXT-4736762,10658,60933.9,USD,MATCHED,,2026-09-04 02:07:08
80098,FED_ACH_CLEARING,EXT-1406648,12124,45719.48,USD,MATCHED,,2026-09-12 18:40:20
80099,CARD_PAYMENT_GATEWAY,EXT-7860860,13826,69656.83,USD,MATCHED,,2026-09-10 22:34:42
80100,SWIFT_FIN,EXT-8717022,13810,28414.32,USD,UNMATCHED,PENDING_SETTLEMENT_FILE,2026-09-07 01:14:22
80101,INTERNAL_LEDGER,EXT-5415276,10531,25016.98,USD,MATCHED,,2026-09-16 21:09:52
80102,CARD_PAYMENT_GATEWAY,EXT-7003641,11234,9917.43,USD,MATCHED,,2026-09-07 20:32:07
80103,FED_ACH_CLEARING,EXT-9473712,10434,15339.58,USD,MATCHED,,2026-09-08 19:29:31
80104,INTERNAL_LEDGER,EXT-8810117,11243,31708.77,USD,MATCHED,,2026-09-08 00:16:03
80105,FED_ACH_CLEARING,EXT-4234378,10786,80201.88,USD,MATCHED,,2026-09-16 08:47:16
80106,CARD_PAYMENT_GATEWAY,EXT-6663812,10384,68391.77,USD,MATCHED,,2026-09-10 21:49:05
80107,CARD_PAYMENT_GATEWAY,EXT-5141277,13471,19713.38,USD,DISCREPANCY,AMOUNT_MISMATCH,2026-09-17 15:35:53
80108,CARD_PAYMENT_GATEWAY,EXT-7304006,10246,83761.55,USD,UNMATCHED,PENDING_SETTLEMENT_FILE,2026-09-09 11:48:47
80109,SWIFT_FIN,EXT-6081667,11483,82150.18,USD,UNMATCHED,PENDING_SETTLEMENT_FILE,2026-09-12 01:12:59
80110,FED_ACH_CLEARING,EXT-2118345,12002,66434.82,USD,MATCHED,,2026-09-17 14:42:53
80111,INTERNAL_LEDGER,EXT-4015740,10493,78222.32,USD,MATCHED,,2026-09-15 08:12:41
80112,FED_ACH_CLEARING,EXT-3907050,14403,15681.87,USD,DISCREPANCY,AMOUNT_MISMATCH,2026-09-05 02:20:24
80113,INTERNAL_LEDGER,EXT-9241701,10152,3889.34,USD,MATCHED,,2026-09-04 00:37:19
80114,FED_ACH_CLEARING,EXT-4625650,11700,35642.5,USD,MATCHED,,2026-09-12 14:47:24
80115,INTERNAL_LEDGER,EXT-2666904,13098,45009.31,USD,MATCHED,,2026-09-10 08:52:42
80116,FED_ACH_CLEARING,EXT-7850563,10746,61329.23,USD,MATCHED,,2026-09-14 18:51:23
80117,CARD_PAYMENT_GATEWAY,EXT-6947113,11951,47329.37,USD,MATCHED,,2026-09-12 08:20:22
80118,CARD_PAYMENT_GATEWAY,EXT-2408786,14319,29482.23,USD,MATCHED,,2026-09-16 09:23:55
80119,FED_ACH_CLEARING,EXT-1687234,12041,48738.51,USD,MATCHED,,2026-09-14 04:51:16
80120,CARD_PAYMENT_GATEWAY,EXT-6439345,11490,24706.59,USD,DISCREPANCY,TIMESTAMP_SLIPPAGE,2026-09-07 22:20:52
80121,CARD_PAYMENT_GATEWAY,EXT-7871714,12828,83142.23,USD,DISCREPANCY,FEE_DEDUCTION_VARIANCE,2026-09-14 08:39:17
80122,INTERNAL_LEDGER,EXT-4408820,10660,53295.36,USD,MATCHED,,2026-09-03 22:46:13
80123,FED_ACH_CLEARING,EXT-8918643,12080,47185.74,USD,MATCHED,,2026-09-03 21:14:03
80124,INTERNAL_LEDGER,EXT-2604916,12559,56988.86,USD,MATCHED,,2026-09-06 03:58:19
80125,FED_ACH_CLEARING,EXT-6765982,11596,56059.46,USD,DISCREPANCY,AMOUNT_MISMATCH,2026-09-15 08:55:48
80126,CARD_PAYMENT_GATEWAY,EXT-6662496,12511,51123.48,USD,MATCHED,,2026-09-07 17:05:53
80127,CARD_PAYMENT_GATEWAY,EXT-4295227,13047,6300.21,USD,UNMATCHED,PENDING_SETTLEMENT_FILE,2026-09-04 09:11:38
80128,CARD_PAYMENT_GATEWAY,EXT-4771196,11532,40274.14,USD,MATCHED,,2026-09-05 09:33:53
80129,INTERNAL_LEDGER,EXT-3854824,11710,78272.2,USD,MATCHED,,2026-09-04 13:53:10
80130,SWIFT_FIN,EXT-7811607,11756,32356.05,USD,UNMATCHED,PENDING_SETTLEMENT_FILE,2026-09-17 10:29:33
80131,SWIFT_FIN,EXT-1155864,13957,58155.11,USD,DISCREPANCY,TIMESTAMP_SLIPPAGE,2026-09-04 14:27:22
80132,INTERNAL_LEDGER,EXT-4938016,14750,83544.93,USD,DISCREPANCY,FEE_DEDUCTION_VARIANCE,2026-09-14 02:30:01
80133,SWIFT_FIN,EXT-8849018,11208,33900.28,USD,MATCHED,,2026-09-17 02:09:53
80134,FED_ACH_CLEARING,EXT-8472045,11804,44381.07,USD,MATCHED,,2026-09-10 17:57:12
80135,SWIFT_FIN,EXT-3428486,11001,63588.59,USD,DISCREPANCY,AMOUNT_MISMATCH,2026-09-11 21:11:46
80136,FED_ACH_CLEARING,EXT-9823668,13286,9863.55,USD,MATCHED,,2026-09-11 09:36:31
80137,CARD_PAYMENT_GATEWAY,EXT-2925094,11858,9490.04,USD,MATCHED,,2026-09-17 16:22:58
80138,INTERNAL_LEDGER,EXT-9824809,11470,45556.9,USD,MATCHED,,2026-09-04 10:40:09
80139,CARD_PAYMENT_GATEWAY,EXT-5092152,14466,62710.26,USD,MATCHED,,2026-09-16 09:01:28
80140,INTERNAL_LEDGER,EXT-9631153,13705,19701.07,USD,UNMATCHED,PENDING_SETTLEMENT_FILE,2026-09-08 00:28:01
80141,CARD_PAYMENT_GATEWAY,EXT-7006181,14183,81492.54,USD,UNMATCHED,PENDING_SETTLEMENT_FILE,2026-09-12 12:25:39
80142,INTERNAL_LEDGER,EXT-2298930,10735,491.68,USD,MATCHED,,2026-09-08 02:20:48
80143,FED_ACH_CLEARING,EXT-1630452,11909,40855.08,USD,MATCHED,,2026-09-12 10:53:57
80144,SWIFT_FIN,EXT-8556957,14725,39030.18,USD,MATCHED,,2026-09-16 12:49:25
80145,CARD_PAYMENT_GATEWAY,EXT-2614648,13381,73815.58,USD,UNMATCHED,PENDING_SETTLEMENT_FILE,2026-09-05 11:03:05
80146,FED_ACH_CLEARING,EXT-5452069,11894,73830.34,USD,MATCHED,,2026-09-13 19:06:31
80147,SWIFT_FIN,EXT-5490027,14991,48385.67,USD,MATCHED,,2026-09-06 03:33:34
80148,CARD_PAYMENT_GATEWAY,EXT-8599002,10839,14830.35,USD,UNMATCHED,PENDING_SETTLEMENT_FILE,2026-09-17 01:42:46
80149,INTERNAL_LEDGER,EXT-3465563,11395,26869.86,USD,MATCHED,,2026-09-10 12:31:09
80150,INTERNAL_LEDGER,EXT-5762392,14750,51184.68,USD,MATCHED,,2026-09-14 04:32:09
80151,INTERNAL_LEDGER,EXT-6371531,13725,40622.84,USD,MATCHED,,2026-09-15 23:01:42
80152,CARD_PAYMENT_GATEWAY,EXT-5494650,10674,23156.35,USD,MATCHED,,2026-09-04 23:14:56
80153,CARD_PAYMENT_GATEWAY,EXT-9199592,12019,64716.62,USD,UNMATCHED,PENDING_SETTLEMENT_FILE,2026-09-06 18:16:27
80154,CARD_PAYMENT_GATEWAY,EXT-7448779,13105,41770.08,USD,MATCHED,,2026-09-05 15:11:54
80155,FED_ACH_CLEARING,EXT-6558133,12056,50109.39,USD,MATCHED,,2026-09-15 04:37:29
80156,FED_ACH_CLEARING,EXT-3605703,14332,10282.39,USD,MATCHED,,2026-09-07 19:05:32
80157,SWIFT_FIN,EXT-7357802,14802,71972.14,USD,DISCREPANCY,TIMESTAMP_SLIPPAGE,2026-09-10 10:55:19
80158,INTERNAL_LEDGER,EXT-3364274,14878,3545.65,USD,MATCHED,,2026-09-16 17:57:53
80159,FED_ACH_CLEARING,EXT-5670205,12474,72473.21,USD,MATCHED,,2026-09-13 22:52:51
80160,SWIFT_FIN,EXT-4137168,11910,69921.8,USD,MATCHED,,2026-09-15 14:26:38
80161,FED_ACH_CLEARING,EXT-3587806,14184,64925.91,USD,UNMATCHED,PENDING_SETTLEMENT_FILE,2026-09-04 10:29:40
80162,CARD_PAYMENT_GATEWAY,EXT-3177780,11692,22365.06,USD,UNMATCHED,PENDING_SETTLEMENT_FILE,2026-09-15 15:13:05
80163,SWIFT_FIN,EXT-7369125,14436,16210.77,USD,MATCHED,,2026-09-14 19:35:59
80164,FED_ACH_CLEARING,EXT-6123975,12356,29937.32,USD,MATCHED,,2026-09-14 20:34:52
80165,FED_ACH_CLEARING,EXT-4850993,10519,24362.51,USD,MATCHED,,2026-09-10 17:36:31
80166,FED_ACH_CLEARING,EXT-5682507,10328,73595.8,USD,MATCHED,,2026-09-12 16:15:17
80167,FED_ACH_CLEARING,EXT-1123067,12459,36320.05,USD,MATCHED,,2026-09-08 03:28:14
80168,INTERNAL_LEDGER,EXT-5703773,14587,70384.01,USD,MATCHED,,2026-09-06 14:37:34
80169,CARD_PAYMENT_GATEWAY,EXT-9089774,11833,53260.91,USD,MATCHED,,2026-09-05 16:13:07
80170,CARD_PAYMENT_GATEWAY,EXT-8885588,14316,20121.14,USD,MATCHED,,2026-09-09 02:27:46
80171,CARD_PAYMENT_GATEWAY,EXT-4471101,14489,10290.77,USD,MATCHED,,2026-09-11 18:37:47
80172,CARD_PAYMENT_GATEWAY,EXT-8637496,13802,9476.32,USD,DISCREPANCY,TIMESTAMP_SLIPPAGE,2026-09-12 08:23:50
80173,CARD_PAYMENT_GATEWAY,EXT-5612742,10491,38233.79,USD,MATCHED,,2026-09-14 08:11:38
80174,INTERNAL_LEDGER,EXT-6412361,14955,74554.13,USD,MATCHED,,2026-09-07 22:08:19
80175,INTERNAL_LEDGER,EXT-8965712,14376,7396.22,USD,MATCHED,,2026-09-17 08:31:45
80176,CARD_PAYMENT_GATEWAY,EXT-5586762,13351,15748.43,USD,MATCHED,,2026-09-03 22:04:01
80177,FED_ACH_CLEARING,EXT-5922914,11263,55187.13,USD,MATCHED,,2026-09-07 09:04:33
80178,FED_ACH_CLEARING,EXT-8037092,10006,74959.95,USD,MATCHED,,2026-09-07 00:46:38
80179,INTERNAL_LEDGER,EXT-1478664,10117,38056.12,USD,MATCHED,,2026-09-08 10:34:05
80180,CARD_PAYMENT_GATEWAY,EXT-5491624,14327,52353.31,USD,DISCREPANCY,FEE_DEDUCTION_VARIANCE,2026-09-06 09:48:27
80181,CARD_PAYMENT_GATEWAY,EXT-7647092,11188,69944.67,USD,MATCHED,,2026-09-14 15:17:47
80182,INTERNAL_LEDGER,EXT-7312126,11596,61506.0,USD,DISCREPANCY,TIMESTAMP_SLIPPAGE,2026-09-05 20:33:12
80183,INTERNAL_LEDGER,EXT-1894167,11904,14612.96,USD,UNMATCHED,PENDING_SETTLEMENT_FILE,2026-09-13 10:33:51
80184,SWIFT_FIN,EXT-3238772,12548,51664.24,USD,MATCHED,,2026-09-06 03:15:16
80185,CARD_PAYMENT_GATEWAY,EXT-3086495,11706,53764.2,USD,UNMATCHED,PENDING_SETTLEMENT_FILE,2026-09-12 19:55:05
80186,CARD_PAYMENT_GATEWAY,EXT-8859317,12173,3807.27,USD,DISCREPANCY,FEE_DEDUCTION_VARIANCE,2026-09-06 00:56:02
80187,SWIFT_FIN,EXT-9277468,11404,16577.4,USD,DISCREPANCY,AMOUNT_MISMATCH,2026-09-04 02:06:44
80188,INTERNAL_LEDGER,EXT-6944140,12903,45464.15,USD,UNMATCHED,PENDING_SETTLEMENT_FILE,2026-09-10 15:28:29
80189,SWIFT_FIN,EXT-9956373,10203,46992.13,USD,UNMATCHED,PENDING_SETTLEMENT_FILE,2026-09-06 03:58:42
80190,INTERNAL_LEDGER,EXT-3907848,11718,35215.41,USD,MATCHED,,2026-09-04 09:47:51
80191,INTERNAL_LEDGER,EXT-2805920,10868,8166.91,USD,MATCHED,,2026-09-14 08:05:42
80192,INTERNAL_LEDGER,EXT-2212082,10201,2729.88,USD,UNMATCHED,PENDING_SETTLEMENT_FILE,2026-09-10 10:35:18
80193,SWIFT_FIN,EXT-6235807,10463,27486.04,USD,MATCHED,,2026-09-12 12:07:33
80194,SWIFT_FIN,EXT-6605846,13584,59070.28,USD,MATCHED,,2026-09-11 04:07:40
80195,FED_ACH_CLEARING,EXT-9582997,10303,58744.64,USD,UNMATCHED,PENDING_SETTLEMENT_FILE,2026-09-15 08:02:24
80196,CARD_PAYMENT_GATEWAY,EXT-7406002,13299,12139.8,USD,DISCREPANCY,FEE_DEDUCTION_VARIANCE,2026-09-08 01:24:51
80197,CARD_PAYMENT_GATEWAY,EXT-4363807,11687,51882.93,USD,DISCREPANCY,FEE_DEDUCTION_VARIANCE,2026-09-12 16:32:52
80198,SWIFT_FIN,EXT-7375556,13681,39718.16,USD,MATCHED,,2026-09-04 10:37:54
80199,SWIFT_FIN,EXT-2553348,10200,47821.93,USD,MATCHED,,2026-09-04 14:39:58
80200,INTERNAL_LEDGER,EXT-9471657,13432,43249.27,USD,MATCHED,,2026-09-12 13:06:36
80201,CARD_PAYMENT_GATEWAY,EXT-3106181,13109,75293.82,USD,UNMATCHED,PENDING_SETTLEMENT_FILE,2026-09-07 05:24:10
80202,FED_ACH_CLEARING,EXT-1599846,10403,12658.1,USD,UNMATCHED,PENDING_SETTLEMENT_FILE,2026-09-04 15:08:23
80203,SWIFT_FIN,EXT-1696992,12206,27225.97,USD,MATCHED,,2026-09-15 16:06:13
80204,SWIFT_FIN,EXT-3713940,11424,65159.42,USD,MATCHED,,2026-09-13 02:52:03
80205,CARD_PAYMENT_GATEWAY,EXT-6218335,10807,30685.45,USD,UNMATCHED,PENDING_SETTLEMENT_FILE,2026-09-07 03:12:45
80206,CARD_PAYMENT_GATEWAY,EXT-4572796,12132,81488.06,USD,DISCREPANCY,AMOUNT_MISMATCH,2026-09-07 02:29:27
80207,INTERNAL_LEDGER,EXT-4935670,12302,31727.51,USD,MATCHED,,2026-09-04 09:33:41
80208,FED_ACH_CLEARING,EXT-7178153,13289,75531.57,USD,DISCREPANCY,TIMESTAMP_SLIPPAGE,2026-09-16 18:27:41
80209,FED_ACH_CLEARING,EXT-4377141,14231,63263.81,USD,UNMATCHED,PENDING_SETTLEMENT_FILE,2026-09-03 23:36:06
80210,CARD_PAYMENT_GATEWAY,EXT-3592606,14737,31874.28,USD,DISCREPANCY,FEE_DEDUCTION_VARIANCE,2026-09-15 13:17:05
80211,SWIFT_FIN,EXT-1703027,11697,36410.71,USD,UNMATCHED,PENDING_SETTLEMENT_FILE,2026-09-16 12:18:48
80212,CARD_PAYMENT_GATEWAY,EXT-1128012,10962,72733.58,USD,MATCHED,,2026-09-11 18:10:46
80213,FED_ACH_CLEARING,EXT-8757019,11198,45844.43,USD,MATCHED,,2026-09-04 23:43:21
80214,INTERNAL_LEDGER,EXT-6734717,11503,78628.92,USD,MATCHED,,2026-09-13 09:20:14
80215,SWIFT_FIN,EXT-4604679,12324,5559.89,USD,DISCREPANCY,TIMESTAMP_SLIPPAGE,2026-09-06 14:34:50
80216,FED_ACH_CLEARING,EXT-1223755,11449,78491.01,USD,MATCHED,,2026-09-12 11:46:35
80217,INTERNAL_LEDGER,EXT-5681342,13302,59954.13,USD,MATCHED,,2026-09-16 16:08:18
80218,CARD_PAYMENT_GATEWAY,EXT-7991238,14785,62665.65,USD,MATCHED,,2026-09-07 12:18:44
80219,INTERNAL_LEDGER,EXT-9393330,12636,30561.41,USD,MATCHED,,2026-09-10 00:33:26
80220,INTERNAL_LEDGER,EXT-8262133,14349,57384.24,USD,MATCHED,,2026-09-07 11:50:21
80221,INTERNAL_LEDGER,EXT-4524495,10116,36964.59,USD,UNMATCHED,PENDING_SETTLEMENT_FILE,2026-09-04 17:19:02
80222,SWIFT_FIN,EXT-5165009,12429,28525.58,USD,MATCHED,,2026-09-06 12:55:01
80223,FED_ACH_CLEARING,EXT-9375971,12071,46092.39,USD,UNMATCHED,PENDING_SETTLEMENT_FILE,2026-09-07 15:31:25
80224,SWIFT_FIN,EXT-6151951,14008,23883.05,USD,MATCHED,,2026-09-15 19:40:24
80225,CARD_PAYMENT_GATEWAY,EXT-2594978,13707,36202.81,USD,UNMATCHED,PENDING_SETTLEMENT_FILE,2026-09-13 14:47:31
80226,CARD_PAYMENT_GATEWAY,EXT-5124640,11089,78.77,USD,MATCHED,,2026-09-11 09:36:43
80227,SWIFT_FIN,EXT-4755418,14654,33338.09,USD,MATCHED,,2026-09-07 10:30:04
80228,SWIFT_FIN,EXT-8712677,14387,24271.83,USD,MATCHED,,2026-09-13 20:53:30
80229,SWIFT_FIN,EXT-1054345,10293,30747.32,USD,DISCREPANCY,FEE_DEDUCTION_VARIANCE,2026-09-14 06:31:28
80230,SWIFT_FIN,EXT-9279752,14640,36068.38,USD,MATCHED,,2026-09-09 13:32:48
80231,SWIFT_FIN,EXT-3716834,12529,15311.72,USD,DISCREPANCY,AMOUNT_MISMATCH,2026-09-09 21:25:35
80232,INTERNAL_LEDGER,EXT-6753649,11535,6320.5,USD,UNMATCHED,PENDING_SETTLEMENT_FILE,2026-09-13 18:52:09
80233,INTERNAL_LEDGER,EXT-8134185,12381,21887.0,USD,MATCHED,,2026-09-14 07:08:13
80234,FED_ACH_CLEARING,EXT-3560169,14098,12103.25,USD,MATCHED,,2026-09-04 15:24:37
80235,SWIFT_FIN,EXT-4112894,12414,56253.13,USD,MATCHED,,2026-09-08 13:42:06
80236,SWIFT_FIN,EXT-1536075,14220,21996.19,USD,MATCHED,,2026-09-08 06:13:46
80237,INTERNAL_LEDGER,EXT-2738569,12711,34116.53,USD,UNMATCHED,PENDING_SETTLEMENT_FILE,2026-09-10 07:57:55
80238,INTERNAL_LEDGER,EXT-4123084,10358,38114.46,USD,MATCHED,,2026-09-08 14:07:09
80239,FED_ACH_CLEARING,EXT-2970288,11078,21023.88,USD,MATCHED,,2026-09-13 05:41:33
80240,INTERNAL_LEDGER,EXT-5702986,13744,71816.05,USD,MATCHED,,2026-09-15 06:01:37
80241,SWIFT_FIN,EXT-5067816,14941,73948.83,USD,MATCHED,,2026-09-11 05:18:19
80242,INTERNAL_LEDGER,EXT-3686716,13176,84276.41,USD,MATCHED,,2026-09-09 10:36:28
80243,CARD_PAYMENT_GATEWAY,EXT-5145304,10451,542.06,USD,MATCHED,,2026-09-17 05:41:11
80244,CARD_PAYMENT_GATEWAY,EXT-2809161,10605,37064.65,USD,MATCHED,,2026-09-06 21:02:58
80245,INTERNAL_LEDGER,EXT-4958829,11449,46225.97,USD,DISCREPANCY,FEE_DEDUCTION_VARIANCE,2026-09-11 12:18:06
80246,FED_ACH_CLEARING,EXT-3664646,11621,66616.52,USD,MATCHED,,2026-09-17 11:55:26
80247,FED_ACH_CLEARING,EXT-2460857,11987,52866.91,USD,MATCHED,,2026-09-17 05:59:26
80248,CARD_PAYMENT_GATEWAY,EXT-4613809,14472,83256.62,USD,MATCHED,,2026-09-06 23:05:55
80249,INTERNAL_LEDGER,EXT-4776421,12422,51179.39,USD,DISCREPANCY,AMOUNT_MISMATCH,2026-09-16 20:46:05
80250,CARD_PAYMENT_GATEWAY,EXT-9767521,12198,71236.05,USD,MATCHED,,2026-09-06 20:23:04
80251,SWIFT_FIN,EXT-6536542,12686,44184.24,USD,MATCHED,,2026-09-08 05:41:14
80252,FED_ACH_CLEARING,EXT-5956542,12004,10681.14,USD,MATCHED,,2026-09-13 00:30:59
80253,INTERNAL_LEDGER,EXT-8196346,14823,21791.04,USD,MATCHED,,2026-09-09 16:21:17
80254,FED_ACH_CLEARING,EXT-7854310,10159,56774.17,USD,MATCHED,,2026-09-07 16:03:14
80255,INTERNAL_LEDGER,EXT-8504440,11413,77308.65,USD,MATCHED,,2026-09-11 03:40:04
80256,INTERNAL_LEDGER,EXT-1239766,10839,22900.01,USD,MATCHED,,2026-09-12 08:18:48
80257,FED_ACH_CLEARING,EXT-1350482,10529,38470.04,USD,MATCHED,,2026-09-11 02:04:10
80258,CARD_PAYMENT_GATEWAY,EXT-4278031,13665,16031.57,USD,MATCHED,,2026-09-16 11:23:27
80259,SWIFT_FIN,EXT-5005461,11160,36750.78,USD,MATCHED,,2026-09-13 07:22:11
80260,SWIFT_FIN,EXT-5076512,10202,18287.93,USD,UNMATCHED,PENDING_SETTLEMENT_FILE,2026-09-08 11:39:30
80261,INTERNAL_LEDGER,EXT-2820129,10057,29889.55,USD,MATCHED,,2026-09-10 04:36:11
80262,FED_ACH_CLEARING,EXT-1396456,12597,25927.88,USD,MATCHED,,2026-09-11 02:36:41
80263,CARD_PAYMENT_GATEWAY,EXT-9090761,12100,8273.91,USD,MATCHED,,2026-09-14 13:08:28
80264,FED_ACH_CLEARING,EXT-1859052,13126,52372.14,USD,UNMATCHED,PENDING_SETTLEMENT_FILE,2026-09-03 19:58:03
80265,CARD_PAYMENT_GATEWAY,EXT-8113370,10672,3979.27,USD,DISCREPANCY,AMOUNT_MISMATCH,2026-09-09 21:02:06
80266,INTERNAL_LEDGER,EXT-5155675,12476,68206.25,USD,MATCHED,,2026-09-12 03:07:21
80267,INTERNAL_LEDGER,EXT-3831152,14081,5843.82,USD,MATCHED,,2026-09-11 17:23:34
80268,CARD_PAYMENT_GATEWAY,EXT-6038970,13550,82170.09,USD,UNMATCHED,PENDING_SETTLEMENT_FILE,2026-09-06 17:19:48
80269,INTERNAL_LEDGER,EXT-8549522,11035,22718.6,USD,DISCREPANCY,FEE_DEDUCTION_VARIANCE,2026-09-14 22:07:56
80270,CARD_PAYMENT_GATEWAY,EXT-8448386,12403,64552.74,USD,MATCHED,,2026-09-08 05:20:29
80271,SWIFT_FIN,EXT-4431583,14052,15962.87,USD,MATCHED,,2026-09-15 10:40:10
80272,INTERNAL_LEDGER,EXT-8367934,12549,80874.88,USD,MATCHED,,2026-09-16 00:02:35
80273,CARD_PAYMENT_GATEWAY,EXT-9107031,10862,53876.34,USD,MATCHED,,2026-09-14 21:26:00
80274,FED_ACH_CLEARING,EXT-2857964,10172,1322.41,USD,MATCHED,,2026-09-12 20:25:38
80275,INTERNAL_LEDGER,EXT-6559890,12048,75702.41,USD,MATCHED,,2026-09-05 15:23:24
80276,SWIFT_FIN,EXT-7658087,11438,49511.84,USD,MATCHED,,2026-09-16 13:51:42
80277,FED_ACH_CLEARING,EXT-7316883,11407,26517.24,USD,MATCHED,,2026-09-09 16:01:50
80278,CARD_PAYMENT_GATEWAY,EXT-1943475,10766,13438.97,USD,UNMATCHED,PENDING_SETTLEMENT_FILE,2026-09-07 13:05:30
80279,CARD_PAYMENT_GATEWAY,EXT-6822793,12272,14300.73,USD,UNMATCHED,PENDING_SETTLEMENT_FILE,2026-09-16 11:35:44
80280,INTERNAL_LEDGER,EXT-9053036,11162,40545.91,USD,MATCHED,,2026-09-06 16:49:54
80281,CARD_PAYMENT_GATEWAY,EXT-5005037,13590,3073.6,USD,DISCREPANCY,FEE_DEDUCTION_VARIANCE,2026-09-14 13:27:33
80282,SWIFT_FIN,EXT-6568701,12357,3754.87,USD,MATCHED,,2026-09-16 00:41:33
80283,CARD_PAYMENT_GATEWAY,EXT-1477534,11839,30112.12,USD,MATCHED,,2026-09-12 03:49:48
80284,FED_ACH_CLEARING,EXT-7512734,12819,30508.11,USD,DISCREPANCY,AMOUNT_MISMATCH,2026-09-04 06:17:11
80285,CARD_PAYMENT_GATEWAY,EXT-1211515,14710,6899.32,USD,UNMATCHED,PENDING_SETTLEMENT_FILE,2026-09-09 17:48:25
80286,INTERNAL_LEDGER,EXT-4307316,11470,83322.96,USD,MATCHED,,2026-09-10 19:08:37
80287,FED_ACH_CLEARING,EXT-8856153,13882,35149.62,USD,DISCREPANCY,TIMESTAMP_SLIPPAGE,2026-09-15 09:58:33
80288,CARD_PAYMENT_GATEWAY,EXT-9715329,14730,30387.95,USD,MATCHED,,2026-09-04 13:59:12
80289,SWIFT_FIN,EXT-6962838,13142,39433.96,USD,DISCREPANCY,TIMESTAMP_SLIPPAGE,2026-09-13 01:11:37
80290,INTERNAL_LEDGER,EXT-6729345,14138,58515.45,USD,MATCHED,,2026-09-04 22:54:33
80291,INTERNAL_LEDGER,EXT-7787073,10433,37575.27,USD,MATCHED,,2026-09-10 23:19:56
80292,FED_ACH_CLEARING,EXT-1949848,11424,808.66,USD,DISCREPANCY,TIMESTAMP_SLIPPAGE,2026-09-14 11:28:40
80293,INTERNAL_LEDGER,EXT-7254525,11891,5191.19,USD,MATCHED,,2026-09-04 05:44:37
80294,SWIFT_FIN,EXT-5687495,13498,82462.87,USD,MATCHED,,2026-09-05 10:43:41
80295,CARD_PAYMENT_GATEWAY,EXT-6773182,11568,57275.87,USD,UNMATCHED,PENDING_SETTLEMENT_FILE,2026-09-16 03:03:33
80296,INTERNAL_LEDGER,EXT-4983870,12232,77237.39,USD,MATCHED,,2026-09-05 01:51:37
80297,CARD_PAYMENT_GATEWAY,EXT-4083506,10166,4650.69,USD,MATCHED,,2026-09-14 12:07:41
80298,SWIFT_FIN,EXT-1454143,14553,16426.52,USD,DISCREPANCY,TIMESTAMP_SLIPPAGE,2026-09-04 06:11:20
80299,CARD_PAYMENT_GATEWAY,EXT-5444183,12796,5069.42,USD,MATCHED,,2026-09-14 20:16:08
80300,FED_ACH_CLEARING,EXT-3126245,14500,70165.21,USD,MATCHED,,2026-09-14 06:45:11
80301,FED_ACH_CLEARING,EXT-5511837,12083,4089.02,USD,MATCHED,,2026-09-17 04:04:15
80302,SWIFT_FIN,EXT-1986911,12863,38889.68,USD,MATCHED,,2026-09-13 05:05:03
80303,SWIFT_FIN,EXT-5222716,11476,45048.43,USD,UNMATCHED,PENDING_SETTLEMENT_FILE,2026-09-08 00:10:17
80304,FED_ACH_CLEARING,EXT-4285875,12343,9999.43,USD,MATCHED,,2026-09-13 02:43:00
80305,INTERNAL_LEDGER,EXT-1909185,12630,47005.34,USD,MATCHED,,2026-09-11 15:06:35
80306,SWIFT_FIN,EXT-7947633,11856,3071.12,USD,MATCHED,,2026-09-15 17:24:21
80307,SWIFT_FIN,EXT-4012981,10813,56274.11,USD,DISCREPANCY,FEE_DEDUCTION_VARIANCE,2026-09-10 08:01:08
80308,CARD_PAYMENT_GATEWAY,EXT-1633682,13940,81796.01,USD,MATCHED,,2026-09-16 15:38:53
80309,SWIFT_FIN,EXT-1023177,11275,41361.62,USD,MATCHED,,2026-09-08 22:43:46
80310,INTERNAL_LEDGER,EXT-5552635,14866,11138.84,USD,MATCHED,,2026-09-16 11:57:02
80311,CARD_PAYMENT_GATEWAY,EXT-4948152,12544,49248.13,USD,MATCHED,,2026-09-06 23:24:02
80312,INTERNAL_LEDGER,EXT-5147356,10324,31747.81,USD,UNMATCHED,PENDING_SETTLEMENT_FILE,2026-09-14 20:26:30
80313,INTERNAL_LEDGER,EXT-8952078,12265,65108.06,USD,DISCREPANCY,AMOUNT_MISMATCH,2026-09-13 04:22:50
80314,INTERNAL_LEDGER,EXT-5554638,14297,58622.7,USD,MATCHED,,2026-09-16 04:14:28
80315,CARD_PAYMENT_GATEWAY,EXT-8857151,10273,82828.0,USD,UNMATCHED,PENDING_SETTLEMENT_FILE,2026-09-13 20:08:49
80316,FED_ACH_CLEARING,EXT-3582607,11062,12578.95,USD,MATCHED,,2026-09-04 09:20:27
80317,FED_ACH_CLEARING,EXT-9693711,12154,83627.38,USD,MATCHED,,2026-09-17 01:07:23
80318,CARD_PAYMENT_GATEWAY,EXT-9167459,12534,46504.39,USD,DISCREPANCY,AMOUNT_MISMATCH,2026-09-09 19:09:08
80319,CARD_PAYMENT_GATEWAY,EXT-4550133,12525,29176.59,USD,MATCHED,,2026-09-05 02:20:58
80320,SWIFT_FIN,EXT-8359615,12020,11193.18,USD,MATCHED,,2026-09-17 03:19:32
80321,INTERNAL_LEDGER,EXT-2976596,12687,33161.33,USD,UNMATCHED,PENDING_SETTLEMENT_FILE,2026-09-16 16:04:21
80322,SWIFT_FIN,EXT-6842234,10321,84358.54,USD,MATCHED,,2026-09-07 20:09:14
80323,INTERNAL_LEDGER,EXT-9939928,11351,59378.01,USD,MATCHED,,2026-09-17 12:38:30
80324,SWIFT_FIN,EXT-5470466,10711,12913.43,USD,MATCHED,,2026-09-14 21:41:26
80325,INTERNAL_LEDGER,EXT-7783682,14359,66898.19,USD,MATCHED,,2026-09-05 14:38:47
80326,SWIFT_FIN,EXT-3993174,14317,57660.52,USD,DISCREPANCY,TIMESTAMP_SLIPPAGE,2026-09-11 02:48:09
80327,FED_ACH_CLEARING,EXT-4249513,14209,77864.93,USD,MATCHED,,2026-09-12 17:20:27
80328,INTERNAL_LEDGER,EXT-8920714,11381,57633.4,USD,MATCHED,,2026-09-10 11:00:05
80329,FED_ACH_CLEARING,EXT-6680368,13096,53485.99,USD,MATCHED,,2026-09-06 06:43:03
80330,INTERNAL_LEDGER,EXT-6626091,13613,81888.2,USD,MATCHED,,2026-09-11 00:07:34
80331,SWIFT_FIN,EXT-8170309,10743,83233.34,USD,MATCHED,,2026-09-11 05:23:51
80332,FED_ACH_CLEARING,EXT-4994747,11146,75360.63,USD,MATCHED,,2026-09-12 16:54:43
80333,INTERNAL_LEDGER,EXT-1616279,10832,61404.69,USD,DISCREPANCY,TIMESTAMP_SLIPPAGE,2026-09-06 08:14:39
80334,CARD_PAYMENT_GATEWAY,EXT-6184755,11310,61980.22,USD,MATCHED,,2026-09-04 20:15:14
80335,FED_ACH_CLEARING,EXT-1902305,13768,8755.19,USD,MATCHED,,2026-09-13 06:18:53
80336,CARD_PAYMENT_GATEWAY,EXT-6812607,12197,44709.16,USD,MATCHED,,2026-09-07 18:20:20
80337,INTERNAL_LEDGER,EXT-2864804,14106,56598.87,USD,MATCHED,,2026-09-16 21:05:08
80338,SWIFT_FIN,EXT-4523099,14077,69366.05,USD,UNMATCHED,PENDING_SETTLEMENT_FILE,2026-09-09 00:01:55
80339,INTERNAL_LEDGER,EXT-9395558,10904,36989.71,USD,UNMATCHED,PENDING_SETTLEMENT_FILE,2026-09-07 19:17:48
80340,SWIFT_FIN,EXT-5920199,11523,36110.71,USD,MATCHED,,2026-09-13 05:20:12
80341,SWIFT_FIN,EXT-7553922,14116,60789.33,USD,MATCHED,,2026-09-07 05:47:38
80342,FED_ACH_CLEARING,EXT-2821705,12896,49236.16,USD,MATCHED,,2026-09-17 08:53:41
80343,CARD_PAYMENT_GATEWAY,EXT-1758253,13350,33070.12,USD,MATCHED,,2026-09-07 02:06:51
80344,CARD_PAYMENT_GATEWAY,EXT-5959924,12075,9213.75,USD,MATCHED,,2026-09-06 17:14:57
80345,SWIFT_FIN,EXT-7945728,14992,1071.17,USD,UNMATCHED,PENDING_SETTLEMENT_FILE,2026-09-06 02:13:15
80346,CARD_PAYMENT_GATEWAY,EXT-5668146,14492,56960.92,USD,MATCHED,,2026-09-10 19:08:42
80347,INTERNAL_LEDGER,EXT-3532839,14933,26634.14,USD,DISCREPANCY,TIMESTAMP_SLIPPAGE,2026-09-05 08:33:58
80348,INTERNAL_LEDGER,EXT-5886022,12091,18962.52,USD,DISCREPANCY,FEE_DEDUCTION_VARIANCE,2026-09-10 06:23:42
80349,CARD_PAYMENT_GATEWAY,EXT-6876988,11540,26639.16,USD,MATCHED,,2026-09-13 18:56:47
80350,CARD_PAYMENT_GATEWAY,EXT-7290625,14743,9794.34,USD,MATCHED,,2026-09-06 12:02:43
80351,CARD_PAYMENT_GATEWAY,EXT-7277579,13332,1546.7,USD,MATCHED,,2026-09-11 10:34:29
80352,SWIFT_FIN,EXT-9844811,13386,15872.56,USD,MATCHED,,2026-09-11 05:09:42
80353,SWIFT_FIN,EXT-4721596,12522,34029.99,USD,MATCHED,,2026-09-14 23:39:37
80354,SWIFT_FIN,EXT-2401726,14411,23533.42,USD,MATCHED,,2026-09-10 15:17:30
80355,SWIFT_FIN,EXT-6693162,10894,65624.13,USD,MATCHED,,2026-09-06 10:15:51
80356,INTERNAL_LEDGER,EXT-9615382,12197,67153.48,USD,MATCHED,,2026-09-12 03:42:51
80357,SWIFT_FIN,EXT-5636917,11229,83384.99,USD,MATCHED,,2026-09-09 18:39:24
80358,INTERNAL_LEDGER,EXT-7272797,11589,76188.53,USD,MATCHED,,2026-09-08 08:28:15
80359,CARD_PAYMENT_GATEWAY,EXT-4046504,11112,51982.82,USD,DISCREPANCY,AMOUNT_MISMATCH,2026-09-15 21:16:05
80360,FED_ACH_CLEARING,EXT-5561732,11271,73839.26,USD,MATCHED,,2026-09-06 14:16:55
80361,CARD_PAYMENT_GATEWAY,EXT-4115906,11560,62757.37,USD,MATCHED,,2026-09-08 13:13:29
80362,INTERNAL_LEDGER,EXT-7074723,13383,82320.85,USD,MATCHED,,2026-09-07 21:51:35
80363,FED_ACH_CLEARING,EXT-5289061,14418,8391.71,USD,MATCHED,,2026-09-09 08:33:24
80364,INTERNAL_LEDGER,EXT-5103250,13966,2987.85,USD,UNMATCHED,PENDING_SETTLEMENT_FILE,2026-09-16 05:53:13
80365,SWIFT_FIN,EXT-7702563,11837,73126.32,USD,MATCHED,,2026-09-11 01:50:20
80366,INTERNAL_LEDGER,EXT-4044784,13431,4519.38,USD,MATCHED,,2026-09-05 16:43:48
80367,INTERNAL_LEDGER,EXT-4331465,10591,3257.95,USD,MATCHED,,2026-09-09 20:02:33
80368,FED_ACH_CLEARING,EXT-4554802,10310,13593.24,USD,UNMATCHED,PENDING_SETTLEMENT_FILE,2026-09-15 07:26:00
80369,SWIFT_FIN,EXT-6146416,14851,39484.67,USD,DISCREPANCY,TIMESTAMP_SLIPPAGE,2026-09-06 00:07:31
80370,INTERNAL_LEDGER,EXT-6322884,12761,37695.95,USD,MATCHED,,2026-09-15 19:55:42
80371,CARD_PAYMENT_GATEWAY,EXT-6490412,10389,58897.62,USD,MATCHED,,2026-09-05 04:15:02
80372,INTERNAL_LEDGER,EXT-2357007,12227,24701.83,USD,MATCHED,,2026-09-15 10:49:23
80373,SWIFT_FIN,EXT-4020567,13247,58746.01,USD,MATCHED,,2026-09-07 08:23:50
80374,FED_ACH_CLEARING,EXT-4524088,11796,26856.82,USD,DISCREPANCY,AMOUNT_MISMATCH,2026-09-04 23:00:26
80375,SWIFT_FIN,EXT-1203485,10712,45014.82,USD,DISCREPANCY,TIMESTAMP_SLIPPAGE,2026-09-08 10:47:45
80376,CARD_PAYMENT_GATEWAY,EXT-3651665,10585,62674.06,USD,MATCHED,,2026-09-04 17:32:01
80377,CARD_PAYMENT_GATEWAY,EXT-5574654,14256,73975.46,USD,UNMATCHED,PENDING_SETTLEMENT_FILE,2026-09-14 15:13:14
80378,FED_ACH_CLEARING,EXT-9102292,14806,44273.43,USD,MATCHED,,2026-09-06 23:03:36
80379,SWIFT_FIN,EXT-9200304,13550,45635.57,USD,MATCHED,,2026-09-04 22:39:01
80380,INTERNAL_LEDGER,EXT-7587197,11315,66752.52,USD,DISCREPANCY,AMOUNT_MISMATCH,2026-09-08 03:20:58
80381,CARD_PAYMENT_GATEWAY,EXT-7344653,11598,84535.53,USD,MATCHED,,2026-09-12 13:23:04
80382,FED_ACH_CLEARING,EXT-1333296,10194,34342.93,USD,DISCREPANCY,FEE_DEDUCTION_VARIANCE,2026-09-14 22:00:54
80383,INTERNAL_LEDGER,EXT-6960988,11117,4114.55,USD,MATCHED,,2026-09-07 04:01:37
80384,CARD_PAYMENT_GATEWAY,EXT-3022242,13296,43330.92,USD,DISCREPANCY,FEE_DEDUCTION_VARIANCE,2026-09-08 01:51:15
80385,FED_ACH_CLEARING,EXT-9044944,13021,1389.72,USD,MATCHED,,2026-09-10 08:23:15
80386,CARD_PAYMENT_GATEWAY,EXT-8105906,13321,10192.34,USD,MATCHED,,2026-09-14 16:04:17
80387,INTERNAL_LEDGER,EXT-1116513,13236,59374.24,USD,MATCHED,,2026-09-16 20:37:10
80388,CARD_PAYMENT_GATEWAY,EXT-3507541,12007,43234.96,USD,UNMATCHED,PENDING_SETTLEMENT_FILE,2026-09-17 06:05:11
80389,FED_ACH_CLEARING,EXT-9230920,12543,37182.72,USD,UNMATCHED,PENDING_SETTLEMENT_FILE,2026-09-06 02:31:51
80390,CARD_PAYMENT_GATEWAY,EXT-5747796,10863,64316.03,USD,UNMATCHED,PENDING_SETTLEMENT_FILE,2026-09-06 02:31:56
80391,INTERNAL_LEDGER,EXT-3100139,12635,38374.56,USD,MATCHED,,2026-09-11 21:57:12
80392,INTERNAL_LEDGER,EXT-6168053,10231,5295.45,USD,UNMATCHED,PENDING_SETTLEMENT_FILE,2026-09-07 07:56:28
80393,FED_ACH_CLEARING,EXT-7172316,13022,38807.61,USD,MATCHED,,2026-09-16 09:20:05
80394,INTERNAL_LEDGER,EXT-6802193,12853,6132.54,USD,MATCHED,,2026-09-15 02:01:26
80395,SWIFT_FIN,EXT-9574364,11627,72847.61,USD,MATCHED,,2026-09-15 21:04:46
80396,CARD_PAYMENT_GATEWAY,EXT-3136605,10514,66558.26,USD,DISCREPANCY,TIMESTAMP_SLIPPAGE,2026-09-14 20:18:08
80397,CARD_PAYMENT_GATEWAY,EXT-7591201,13618,38294.76,USD,MATCHED,,2026-09-10 06:24:00
80398,INTERNAL_LEDGER,EXT-7891200,12725,52368.62,USD,MATCHED,,2026-09-16 03:33:42
80399,CARD_PAYMENT_GATEWAY,EXT-1903650,14605,61418.75,USD,UNMATCHED,PENDING_SETTLEMENT_FILE,2026-09-05 11:24:43
80400,SWIFT_FIN,EXT-4210317,10992,61525.37,USD,MATCHED,,2026-09-08 04:07:20
80401,FED_ACH_CLEARING,EXT-1965006,12303,40124.67,USD,MATCHED,,2026-09-08 11:52:15
80402,CARD_PAYMENT_GATEWAY,EXT-9438560,14419,21973.92,USD,MATCHED,,2026-09-15 03:35:49
80403,CARD_PAYMENT_GATEWAY,EXT-7821725,14004,30091.72,USD,MATCHED,,2026-09-05 08:53:38
80404,INTERNAL_LEDGER,EXT-5130335,12722,72296.99,USD,MATCHED,,2026-09-12 12:46:49
80405,INTERNAL_LEDGER,EXT-6095134,12292,39950.26,USD,DISCREPANCY,TIMESTAMP_SLIPPAGE,2026-09-17 09:58:22
80406,FED_ACH_CLEARING,EXT-8870942,11513,64970.57,USD,MATCHED,,2026-09-10 14:21:20
80407,CARD_PAYMENT_GATEWAY,EXT-3055323,11562,53886.31,USD,UNMATCHED,PENDING_SETTLEMENT_FILE,2026-09-05 15:01:17
80408,CARD_PAYMENT_GATEWAY,EXT-6938269,14956,69272.02,USD,MATCHED,,2026-09-05 03:29:48
80409,CARD_PAYMENT_GATEWAY,EXT-6361382,11946,68631.96,USD,MATCHED,,2026-09-13 00:20:08
80410,CARD_PAYMENT_GATEWAY,EXT-1595135,14861,40536.54,USD,DISCREPANCY,AMOUNT_MISMATCH,2026-09-12 18:33:52
80411,FED_ACH_CLEARING,EXT-7990388,14774,52807.16,USD,MATCHED,,2026-09-06 12:46:34
80412,SWIFT_FIN,EXT-3984386,11087,6980.11,USD,MATCHED,,2026-09-10 05:17:20
80413,INTERNAL_LEDGER,EXT-1150896,14991,52219.53,USD,MATCHED,,2026-09-09 13:47:42
80414,SWIFT_FIN,EXT-6215210,13818,8542.35,USD,UNMATCHED,PENDING_SETTLEMENT_FILE,2026-09-07 12:22:10
80415,INTERNAL_LEDGER,EXT-7097803,11067,17092.82,USD,UNMATCHED,PENDING_SETTLEMENT_FILE,2026-09-10 22:07:55
80416,FED_ACH_CLEARING,EXT-3962298,14321,66025.93,USD,MATCHED,,2026-09-13 01:21:40
80417,INTERNAL_LEDGER,EXT-9091359,11408,57129.71,USD,UNMATCHED,PENDING_SETTLEMENT_FILE,2026-09-05 23:30:16
80418,FED_ACH_CLEARING,EXT-8293574,14361,8755.55,USD,UNMATCHED,PENDING_SETTLEMENT_FILE,2026-09-13 18:56:26
80419,INTERNAL_LEDGER,EXT-9498902,13744,16805.18,USD,MATCHED,,2026-09-17 09:51:07
80420,FED_ACH_CLEARING,EXT-5821822,14329,19285.02,USD,MATCHED,,2026-09-13 01:28:17
80421,INTERNAL_LEDGER,EXT-8692679,14682,36842.17,USD,MATCHED,,2026-09-16 00:15:41
80422,INTERNAL_LEDGER,EXT-6807721,12530,21548.08,USD,MATCHED,,2026-09-11 20:02:45
80423,INTERNAL_LEDGER,EXT-5792560,13765,41285.29,USD,MATCHED,,2026-09-11 23:41:55
80424,FED_ACH_CLEARING,EXT-9844839,13226,13386.81,USD,MATCHED,,2026-09-11 08:38:37
80425,FED_ACH_CLEARING,EXT-5982704,12495,46014.46,USD,MATCHED,,2026-09-03 21:37:21
80426,SWIFT_FIN,EXT-2155135,12586,75596.83,USD,MATCHED,,2026-09-04 22:25:46
80427,SWIFT_FIN,EXT-1731504,14604,50295.11,USD,DISCREPANCY,TIMESTAMP_SLIPPAGE,2026-09-08 20:50:20
80428,SWIFT_FIN,EXT-2719844,13954,8617.59,USD,MATCHED,,2026-09-05 21:01:52
80429,FED_ACH_CLEARING,EXT-9990026,13520,53195.01,USD,MATCHED,,2026-09-08 18:58:42
80430,SWIFT_FIN,EXT-2839598,12709,40071.85,USD,UNMATCHED,PENDING_SETTLEMENT_FILE,2026-09-07 20:59:20
80431,FED_ACH_CLEARING,EXT-3065536,10196,58145.93,USD,MATCHED,,2026-09-10 00:24:15
80432,INTERNAL_LEDGER,EXT-5303255,13968,8078.68,USD,MATCHED,,2026-09-10 08:32:31
80433,CARD_PAYMENT_GATEWAY,EXT-5244186,11244,33718.38,USD,MATCHED,,2026-09-13 10:46:16
80434,FED_ACH_CLEARING,EXT-1347730,10404,48142.42,USD,DISCREPANCY,TIMESTAMP_SLIPPAGE,2026-09-09 14:27:15
80435,CARD_PAYMENT_GATEWAY,EXT-3789679,12828,35024.4,USD,MATCHED,,2026-09-17 09:45:15
80436,FED_ACH_CLEARING,EXT-4922627,13427,50716.16,USD,MATCHED,,2026-09-13 18:36:27
80437,FED_ACH_CLEARING,EXT-3976690,13067,25907.01,USD,DISCREPANCY,TIMESTAMP_SLIPPAGE,2026-09-14 06:17:21
80438,FED_ACH_CLEARING,EXT-5714896,10749,2796.22,USD,MATCHED,,2026-09-08 05:47:21
80439,CARD_PAYMENT_GATEWAY,EXT-9296497,13597,53706.92,USD,MATCHED,,2026-09-13 10:39:57
80440,SWIFT_FIN,EXT-8530305,10658,32818.98,USD,MATCHED,,2026-09-17 17:14:04
80441,CARD_PAYMENT_GATEWAY,EXT-8362330,11472,24631.52,USD,MATCHED,,2026-09-08 14:37:38
80442,INTERNAL_LEDGER,EXT-2645779,14602,25417.4,USD,MATCHED,,2026-09-14 19:08:32
80443,CARD_PAYMENT_GATEWAY,EXT-3143656,13416,40611.95,USD,MATCHED,,2026-09-05 16:33:22
80444,INTERNAL_LEDGER,EXT-7496037,10438,31663.88,USD,MATCHED,,2026-09-08 20:55:47
80445,INTERNAL_LEDGER,EXT-9196121,12287,51308.13,USD,MATCHED,,2026-09-13 18:24:12
80446,SWIFT_FIN,EXT-8229969,14263,45520.43,USD,DISCREPANCY,TIMESTAMP_SLIPPAGE,2026-09-16 03:27:00
80447,CARD_PAYMENT_GATEWAY,EXT-7092699,14805,33819.49,USD,MATCHED,,2026-09-07 22:25:37
80448,SWIFT_FIN,EXT-5620847,12004,1996.46,USD,MATCHED,,2026-09-07 12:34:03
80449,FED_ACH_CLEARING,EXT-5614261,12456,46627.56,USD,MATCHED,,2026-09-04 15:22:30
80450,SWIFT_FIN,EXT-8858138,10325,22874.98,USD,MATCHED,,2026-09-04 14:22:12
80451,INTERNAL_LEDGER,EXT-2394974,13065,75721.81,USD,MATCHED,,2026-09-16 01:49:40
80452,FED_ACH_CLEARING,EXT-5832266,14424,35767.16,USD,MATCHED,,2026-09-17 16:27:42
80453,CARD_PAYMENT_GATEWAY,EXT-3096200,11004,3659.89,USD,MATCHED,,2026-09-14 09:33:07
80454,SWIFT_FIN,EXT-4645367,10417,5433.75,USD,MATCHED,,2026-09-05 11:47:03
80455,INTERNAL_LEDGER,EXT-6157790,13558,61746.81,USD,MATCHED,,2026-09-12 19:46:23
80456,CARD_PAYMENT_GATEWAY,EXT-2481780,14066,12648.53,USD,MATCHED,,2026-09-06 04:56:07
80457,CARD_PAYMENT_GATEWAY,EXT-9746128,10574,55035.09,USD,DISCREPANCY,AMOUNT_MISMATCH,2026-09-17 10:41:56
80458,SWIFT_FIN,EXT-8125057,13533,43381.57,USD,MATCHED,,2026-09-14 21:03:27
80459,SWIFT_FIN,EXT-8197624,10121,2191.2,USD,MATCHED,,2026-09-07 23:43:46
80460,SWIFT_FIN,EXT-9780909,10734,64041.56,USD,UNMATCHED,PENDING_SETTLEMENT_FILE,2026-09-17 19:22:59
80461,FED_ACH_CLEARING,EXT-4940587,13857,29694.24,USD,MATCHED,,2026-09-12 22:32:02
80462,FED_ACH_CLEARING,EXT-4565895,10905,53992.99,USD,MATCHED,,2026-09-13 18:46:37
80463,SWIFT_FIN,EXT-2763155,11735,47869.54,USD,UNMATCHED,PENDING_SETTLEMENT_FILE,2026-09-10 07:57:53
80464,INTERNAL_LEDGER,EXT-5355274,14754,9920.04,USD,UNMATCHED,PENDING_SETTLEMENT_FILE,2026-09-08 00:33:30
80465,INTERNAL_LEDGER,EXT-9904046,14375,17618.7,USD,MATCHED,,2026-09-14 17:03:06
80466,FED_ACH_CLEARING,EXT-3828945,14982,68948.64,USD,MATCHED,,2026-09-17 01:43:34
80467,CARD_PAYMENT_GATEWAY,EXT-8119799,10987,58387.58,USD,MATCHED,,2026-09-04 08:26:41
80468,CARD_PAYMENT_GATEWAY,EXT-8697301,14989,35985.79,USD,MATCHED,,2026-09-16 02:48:29
80469,SWIFT_FIN,EXT-3427455,12353,16789.79,USD,UNMATCHED,PENDING_SETTLEMENT_FILE,2026-09-17 10:56:45
80470,FED_ACH_CLEARING,EXT-9780142,12573,6022.89,USD,DISCREPANCY,FEE_DEDUCTION_VARIANCE,2026-09-07 06:23:20
80471,CARD_PAYMENT_GATEWAY,EXT-7799003,12044,3610.14,USD,MATCHED,,2026-09-16 22:40:48
80472,INTERNAL_LEDGER,EXT-5083985,14047,76449.49,USD,UNMATCHED,PENDING_SETTLEMENT_FILE,2026-09-13 15:39:45
80473,INTERNAL_LEDGER,EXT-6048244,13705,60140.79,USD,UNMATCHED,PENDING_SETTLEMENT_FILE,2026-09-11 03:50:33
80474,SWIFT_FIN,EXT-7958504,11053,74476.41,USD,UNMATCHED,PENDING_SETTLEMENT_FILE,2026-09-04 15:06:47
80475,FED_ACH_CLEARING,EXT-2772099,13226,46573.76,USD,UNMATCHED,PENDING_SETTLEMENT_FILE,2026-09-13 00:50:00
80476,CARD_PAYMENT_GATEWAY,EXT-5690545,12792,53300.17,USD,DISCREPANCY,TIMESTAMP_SLIPPAGE,2026-09-11 18:07:30
80477,SWIFT_FIN,EXT-6722447,13882,56410.21,USD,MATCHED,,2026-09-12 03:09:49
80478,SWIFT_FIN,EXT-8397675,11362,18176.08,USD,MATCHED,,2026-09-07 07:17:02
80479,INTERNAL_LEDGER,EXT-3923614,14682,26294.6,USD,MATCHED,,2026-09-10 15:20:16
80480,FED_ACH_CLEARING,EXT-9587239,12762,17746.22,USD,MATCHED,,2026-09-13 10:59:23
80481,FED_ACH_CLEARING,EXT-5005247,12884,47199.34,USD,MATCHED,,2026-09-16 06:18:37
80482,SWIFT_FIN,EXT-6692353,12111,15288.46,USD,MATCHED,,2026-09-11 06:16:14
80483,SWIFT_FIN,EXT-8482562,13518,80151.0,USD,MATCHED,,2026-09-16 00:35:22
80484,SWIFT_FIN,EXT-7656335,12920,1452.18,USD,UNMATCHED,PENDING_SETTLEMENT_FILE,2026-09-12 05:24:44
80485,SWIFT_FIN,EXT-8197450,12599,3760.47,USD,MATCHED,,2026-09-09 11:03:40
80486,FED_ACH_CLEARING,EXT-9098676,14950,5294.65,USD,DISCREPANCY,TIMESTAMP_SLIPPAGE,2026-09-10 04:05:40
80487,FED_ACH_CLEARING,EXT-5958288,14604,79568.36,USD,UNMATCHED,PENDING_SETTLEMENT_FILE,2026-09-08 12:18:26
80488,FED_ACH_CLEARING,EXT-1537113,12667,73897.23,USD,MATCHED,,2026-09-09 16:53:25
80489,FED_ACH_CLEARING,EXT-3082339,10370,42273.9,USD,MATCHED,,2026-09-08 00:54:41
80490,FED_ACH_CLEARING,EXT-7108916,13753,37072.43,USD,MATCHED,,2026-09-04 15:03:15
80491,CARD_PAYMENT_GATEWAY,EXT-7418461,13615,83412.61,USD,UNMATCHED,PENDING_SETTLEMENT_FILE,2026-09-17 07:13:57
80492,CARD_PAYMENT_GATEWAY,EXT-6763889,12662,52511.32,USD,MATCHED,,2026-09-08 22:24:34
80493,SWIFT_FIN,EXT-3240238,13198,60128.27,USD,MATCHED,,2026-09-15 18:15:00
80494,SWIFT_FIN,EXT-7685861,12655,71233.11,USD,DISCREPANCY,FEE_DEDUCTION_VARIANCE,2026-09-06 06:47:46
80495,SWIFT_FIN,EXT-8627898,14881,81916.52,USD,DISCREPANCY,TIMESTAMP_SLIPPAGE,2026-09-13 12:17:22
80496,CARD_PAYMENT_GATEWAY,EXT-6784132,10125,57558.98,USD,DISCREPANCY,TIMESTAMP_SLIPPAGE,2026-09-08 01:35:22
80497,INTERNAL_LEDGER,EXT-2253638,14580,27876.69,USD,MATCHED,,2026-09-07 10:17:34
80498,FED_ACH_CLEARING,EXT-3896944,13395,69262.4,USD,DISCREPANCY,TIMESTAMP_SLIPPAGE,2026-09-03 20:27:18
80499,INTERNAL_LEDGER,EXT-4421507,11495,37012.48,USD,MATCHED,,2026-09-15 07:56:04
80500,INTERNAL_LEDGER,EXT-7025167,14915,8249.53,USD,UNMATCHED,PENDING_SETTLEMENT_FILE,2026-09-10 16:38:57
80501,INTERNAL_LEDGER,EXT-5629965,10954,83367.77,USD,MATCHED,,2026-09-09 10:57:35
80502,INTERNAL_LEDGER,EXT-5180956,11025,10652.44,USD,DISCREPANCY,FEE_DEDUCTION_VARIANCE,2026-09-10 13:50:22
80503,SWIFT_FIN,EXT-7470551,12707,57843.98,USD,MATCHED,,2026-09-12 03:42:18
80504,CARD_PAYMENT_GATEWAY,EXT-9718289,13982,22815.76,USD,DISCREPANCY,FEE_DEDUCTION_VARIANCE,2026-09-17 03:56:38
80505,FED_ACH_CLEARING,EXT-4578447,12522,61264.74,USD,MATCHED,,2026-09-16 13:48:53
80506,INTERNAL_LEDGER,EXT-6573187,14000,17066.89,USD,MATCHED,,2026-09-13 02:10:44
80507,CARD_PAYMENT_GATEWAY,EXT-8454643,13520,51700.88,USD,DISCREPANCY,FEE_DEDUCTION_VARIANCE,2026-09-08 11:31:17
80508,SWIFT_FIN,EXT-5765694,14869,27437.4,USD,MATCHED,,2026-09-03 23:10:48
80509,CARD_PAYMENT_GATEWAY,EXT-3467961,13480,2294.88,USD,MATCHED,,2026-09-15 13:02:18
80510,SWIFT_FIN,EXT-4899932,11958,49349.64,USD,MATCHED,,2026-09-06 19:18:24
80511,SWIFT_FIN,EXT-5626762,10255,6024.33,USD,MATCHED,,2026-09-06 10:44:31
80512,SWIFT_FIN,EXT-2038156,10628,34656.25,USD,MATCHED,,2026-09-06 02:04:38
80513,SWIFT_FIN,EXT-5206039,12497,56525.82,USD,MATCHED,,2026-09-06 06:18:56
80514,INTERNAL_LEDGER,EXT-1815988,13332,23896.94,USD,MATCHED,,2026-09-10 12:38:41
80515,FED_ACH_CLEARING,EXT-6700813,12540,29565.69,USD,MATCHED,,2026-09-17 12:26:15
80516,INTERNAL_LEDGER,EXT-3564481,12797,69297.29,USD,DISCREPANCY,AMOUNT_MISMATCH,2026-09-04 13:06:08
80517,FED_ACH_CLEARING,EXT-8489824,10869,61236.86,USD,MATCHED,,2026-09-06 07:49:57
80518,SWIFT_FIN,EXT-4077724,12566,12332.7,USD,DISCREPANCY,AMOUNT_MISMATCH,2026-09-09 03:40:01
80519,CARD_PAYMENT_GATEWAY,EXT-1949092,10568,58275.09,USD,DISCREPANCY,FEE_DEDUCTION_VARIANCE,2026-09-14 08:15:08
80520,SWIFT_FIN,EXT-8700970,13330,64404.02,USD,MATCHED,,2026-09-04 20:49:58
80521,CARD_PAYMENT_GATEWAY,EXT-4519684,12194,184.95,USD,MATCHED,,2026-09-12 16:26:08
80522,CARD_PAYMENT_GATEWAY,EXT-7708989,10601,67109.54,USD,MATCHED,,2026-09-12 06:37:40
80523,SWIFT_FIN,EXT-6835001,10041,37261.01,USD,MATCHED,,2026-09-04 21:38:45
80524,SWIFT_FIN,EXT-7336604,13800,19842.78,USD,MATCHED,,2026-09-09 18:58:32
80525,SWIFT_FIN,EXT-8044691,12378,69778.43,USD,MATCHED,,2026-09-12 20:28:03
80526,SWIFT_FIN,EXT-4204144,14541,19537.48,USD,UNMATCHED,PENDING_SETTLEMENT_FILE,2026-09-04 23:26:43
80527,CARD_PAYMENT_GATEWAY,EXT-1687222,12528,54560.48,USD,MATCHED,,2026-09-12 12:21:46
80528,SWIFT_FIN,EXT-4252230,12391,24008.27,USD,MATCHED,,2026-09-17 06:03:23
80529,INTERNAL_LEDGER,EXT-1970706,11723,10287.6,USD,MATCHED,,2026-09-12 18:59:48
80530,SWIFT_FIN,EXT-4295701,13381,49678.41,USD,MATCHED,,2026-09-17 07:56:33
80531,INTERNAL_LEDGER,EXT-1463563,12782,61188.54,USD,MATCHED,,2026-09-08 23:13:29
80532,INTERNAL_LEDGER,EXT-6367554,10091,66291.94,USD,MATCHED,,2026-09-11 19:12:02
80533,FED_ACH_CLEARING,EXT-3745272,12119,26250.32,USD,MATCHED,,2026-09-08 10:24:20
80534,INTERNAL_LEDGER,EXT-6336652,13719,9415.82,USD,UNMATCHED,PENDING_SETTLEMENT_FILE,2026-09-12 08:28:57
80535,FED_ACH_CLEARING,EXT-5972431,14628,78550.44,USD,MATCHED,,2026-09-10 01:23:24
80536,FED_ACH_CLEARING,EXT-7616863,13954,63359.81,USD,DISCREPANCY,TIMESTAMP_SLIPPAGE,2026-09-08 19:24:30
80537,INTERNAL_LEDGER,EXT-6147553,12820,78965.22,USD,MATCHED,,2026-09-08 12:07:24
80538,INTERNAL_LEDGER,EXT-9409550,14224,25786.3,USD,MATCHED,,2026-09-12 10:47:13
80539,FED_ACH_CLEARING,EXT-9091712,11871,65473.73,USD,UNMATCHED,PENDING_SETTLEMENT_FILE,2026-09-14 07:45:55
80540,INTERNAL_LEDGER,EXT-3517137,12794,52948.88,USD,MATCHED,,2026-09-12 16:46:31
80541,INTERNAL_LEDGER,EXT-5718567,13090,57489.86,USD,DISCREPANCY,AMOUNT_MISMATCH,2026-09-08 12:28:17
80542,INTERNAL_LEDGER,EXT-7597032,13432,47836.06,USD,MATCHED,,2026-09-15 21:20:53
80543,FED_ACH_CLEARING,EXT-9321711,11883,20841.78,USD,MATCHED,,2026-09-15 12:34:18
80544,CARD_PAYMENT_GATEWAY,EXT-8835430,12265,40180.14,USD,MATCHED,,2026-09-07 07:33:26
80545,SWIFT_FIN,EXT-6557062,12155,18952.54,USD,MATCHED,,2026-09-12 10:43:23
80546,CARD_PAYMENT_GATEWAY,EXT-9004913,12146,80988.86,USD,MATCHED,,2026-09-09 19:49:49
80547,CARD_PAYMENT_GATEWAY,EXT-8339480,14271,70588.74,USD,MATCHED,,2026-09-16 11:11:51
80548,SWIFT_FIN,EXT-2311969,14835,5352.32,USD,DISCREPANCY,AMOUNT_MISMATCH,2026-09-10 02:54:53
80549,FED_ACH_CLEARING,EXT-5134904,12681,75696.42,USD,UNMATCHED,PENDING_SETTLEMENT_FILE,2026-09-08 09:55:36
80550,CARD_PAYMENT_GATEWAY,EXT-6645505,13620,51595.06,USD,UNMATCHED,PENDING_SETTLEMENT_FILE,2026-09-04 16:52:37
80551,FED_ACH_CLEARING,EXT-7862007,10242,27719.24,USD,MATCHED,,2026-09-11 05:47:36
80552,INTERNAL_LEDGER,EXT-9206267,12870,8750.11,USD,MATCHED,,2026-09-05 15:23:11
80553,INTERNAL_LEDGER,EXT-9729608,10109,52513.55,USD,MATCHED,,2026-09-11 21:52:16
80554,INTERNAL_LEDGER,EXT-4526029,14338,7939.93,USD,MATCHED,,2026-09-08 03:01:08
80555,CARD_PAYMENT_GATEWAY,EXT-8475243,14663,12556.87,USD,MATCHED,,2026-09-15 03:04:14
80556,CARD_PAYMENT_GATEWAY,EXT-6667881,14681,61837.72,USD,UNMATCHED,PENDING_SETTLEMENT_FILE,2026-09-06 13:19:30
80557,FED_ACH_CLEARING,EXT-5892707,14455,45221.8,USD,MATCHED,,2026-09-16 05:34:32
80558,CARD_PAYMENT_GATEWAY,EXT-1189038,14199,29447.91,USD,MATCHED,,2026-09-17 04:48:25
80559,CARD_PAYMENT_GATEWAY,EXT-5133031,13901,26056.15,USD,MATCHED,,2026-09-06 20:22:00
80560,CARD_PAYMENT_GATEWAY,EXT-2370888,13267,13993.62,USD,MATCHED,,2026-09-12 20:31:32
80561,INTERNAL_LEDGER,EXT-5188664,13244,54227.39,USD,MATCHED,,2026-09-16 23:02:17
80562,SWIFT_FIN,EXT-9337279,10932,84544.18,USD,DISCREPANCY,TIMESTAMP_SLIPPAGE,2026-09-16 08:21:47
80563,SWIFT_FIN,EXT-8541433,12876,30998.12,USD,MATCHED,,2026-09-13 20:50:21
80564,INTERNAL_LEDGER,EXT-4263450,13364,27167.47,USD,MATCHED,,2026-09-06 08:47:17
80565,FED_ACH_CLEARING,EXT-9171078,11559,41669.86,USD,MATCHED,,2026-09-12 20:56:21
80566,INTERNAL_LEDGER,EXT-3151404,11293,16225.17,USD,UNMATCHED,PENDING_SETTLEMENT_FILE,2026-09-15 07:01:55
80567,SWIFT_FIN,EXT-6887037,10854,44545.9,USD,MATCHED,,2026-09-05 18:49:07
80568,FED_ACH_CLEARING,EXT-7957838,13144,29885.66,USD,MATCHED,,2026-09-16 22:22:19
80569,CARD_PAYMENT_GATEWAY,EXT-1802942,12359,2562.7,USD,MATCHED,,2026-09-13 07:21:25
80570,FED_ACH_CLEARING,EXT-5659990,11230,7220.28,USD,UNMATCHED,PENDING_SETTLEMENT_FILE,2026-09-08 00:56:58
80571,FED_ACH_CLEARING,EXT-6387031,13800,32249.72,USD,MATCHED,,2026-09-15 12:21:06
80572,INTERNAL_LEDGER,EXT-1335517,10363,46449.25,USD,MATCHED,,2026-09-13 14:07:49
80573,CARD_PAYMENT_GATEWAY,EXT-4905577,11040,19763.8,USD,MATCHED,,2026-09-03 22:11:52
80574,FED_ACH_CLEARING,EXT-8707963,14210,50113.06,USD,MATCHED,,2026-09-04 10:29:30
80575,CARD_PAYMENT_GATEWAY,EXT-5705532,13354,54537.7,USD,MATCHED,,2026-09-13 03:59:26
80576,SWIFT_FIN,EXT-3666287,12381,22517.88,USD,UNMATCHED,PENDING_SETTLEMENT_FILE,2026-09-04 15:23:58
80577,INTERNAL_LEDGER,EXT-5179009,11603,71971.25,USD,MATCHED,,2026-09-13 01:12:18
80578,SWIFT_FIN,EXT-3342686,11752,274.48,USD,MATCHED,,2026-09-08 11:22:22
80579,FED_ACH_CLEARING,EXT-9722227,13401,33914.54,USD,MATCHED,,2026-09-06 09:48:39
80580,INTERNAL_LEDGER,EXT-5733092,12262,51242.29,USD,MATCHED,,2026-09-07 09:15:25
80581,INTERNAL_LEDGER,EXT-5335994,14882,32063.63,USD,MATCHED,,2026-09-13 02:59:54
80582,INTERNAL_LEDGER,EXT-7696122,11454,28433.06,USD,UNMATCHED,PENDING_SETTLEMENT_FILE,2026-09-13 18:01:25
80583,SWIFT_FIN,EXT-8600094,12715,38735.18,USD,MATCHED,,2026-09-15 03:57:32
80584,CARD_PAYMENT_GATEWAY,EXT-6437079,11970,38714.79,USD,MATCHED,,2026-09-06 19:31:17
80585,FED_ACH_CLEARING,EXT-6802513,12774,47051.5,USD,UNMATCHED,PENDING_SETTLEMENT_FILE,2026-09-13 15:38:07
80586,FED_ACH_CLEARING,EXT-3566447,11686,56142.53,USD,MATCHED,,2026-09-06 21:21:30
80587,CARD_PAYMENT_GATEWAY,EXT-6685454,14717,33329.48,USD,MATCHED,,2026-09-07 05:28:03
80588,CARD_PAYMENT_GATEWAY,EXT-6468829,11619,991.4,USD,MATCHED,,2026-09-08 06:59:04
80589,CARD_PAYMENT_GATEWAY,EXT-4588896,12946,66914.2,USD,MATCHED,,2026-09-13 03:02:05
80590,FED_ACH_CLEARING,EXT-1678775,12544,29521.06,USD,MATCHED,,2026-09-09 09:08:44
80591,CARD_PAYMENT_GATEWAY,EXT-9472338,13096,2796.21,USD,MATCHED,,2026-09-15 02:50:59
80592,INTERNAL_LEDGER,EXT-3614605,11641,45426.52,USD,MATCHED,,2026-09-11 06:05:52
80593,FED_ACH_CLEARING,EXT-9483920,10876,17906.32,USD,UNMATCHED,PENDING_SETTLEMENT_FILE,2026-09-04 02:46:45
80594,FED_ACH_CLEARING,EXT-1713455,11366,992.38,USD,MATCHED,,2026-09-15 06:51:26
80595,INTERNAL_LEDGER,EXT-5628195,11484,56138.97,USD,DISCREPANCY,FEE_DEDUCTION_VARIANCE,2026-09-09 05:21:01
80596,FED_ACH_CLEARING,EXT-7522201,11870,5266.93,USD,DISCREPANCY,TIMESTAMP_SLIPPAGE,2026-09-16 10:49:40
80597,INTERNAL_LEDGER,EXT-7762656,13181,29986.28,USD,MATCHED,,2026-09-13 00:19:19
80598,INTERNAL_LEDGER,EXT-4010563,10057,73290.02,USD,MATCHED,,2026-09-16 20:40:59
80599,FED_ACH_CLEARING,EXT-6275360,13017,63073.52,USD,UNMATCHED,PENDING_SETTLEMENT_FILE,2026-09-17 16:23:49
80600,INTERNAL_LEDGER,EXT-2977561,12004,33846.6,USD,UNMATCHED,PENDING_SETTLEMENT_FILE,2026-09-06 06:29:55
80601,FED_ACH_CLEARING,EXT-5027306,14435,9458.78,USD,MATCHED,,2026-09-12 11:55:18
80602,FED_ACH_CLEARING,EXT-5802207,11745,73907.96,USD,DISCREPANCY,TIMESTAMP_SLIPPAGE,2026-09-08 14:27:11
80603,SWIFT_FIN,EXT-1271408,13952,14057.96,USD,DISCREPANCY,FEE_DEDUCTION_VARIANCE,2026-09-07 18:06:05
80604,FED_ACH_CLEARING,EXT-8366081,14879,79790.09,USD,DISCREPANCY,FEE_DEDUCTION_VARIANCE,2026-09-15 07:05:11
80605,CARD_PAYMENT_GATEWAY,EXT-1477956,10061,26161.38,USD,MATCHED,,2026-09-11 04:08:23
80606,FED_ACH_CLEARING,EXT-8085853,10786,43710.84,USD,MATCHED,,2026-09-16 22:32:17
80607,INTERNAL_LEDGER,EXT-7047786,11825,56.66,USD,MATCHED,,2026-09-07 21:53:38
80608,INTERNAL_LEDGER,EXT-8226669,13380,32236.17,USD,DISCREPANCY,FEE_DEDUCTION_VARIANCE,2026-09-13 12:42:29
80609,SWIFT_FIN,EXT-8031635,12708,78613.38,USD,MATCHED,,2026-09-12 08:47:24
80610,INTERNAL_LEDGER,EXT-6260199,10683,22786.46,USD,MATCHED,,2026-09-07 10:10:02
80611,INTERNAL_LEDGER,EXT-2731147,13727,74739.89,USD,MATCHED,,2026-09-11 02:32:58
80612,INTERNAL_LEDGER,EXT-8180279,10370,80480.51,USD,MATCHED,,2026-09-04 05:45:22
80613,INTERNAL_LEDGER,EXT-9713968,12125,16531.38,USD,DISCREPANCY,TIMESTAMP_SLIPPAGE,2026-09-08 21:52:35
80614,CARD_PAYMENT_GATEWAY,EXT-3066231,11456,36826.72,USD,UNMATCHED,PENDING_SETTLEMENT_FILE,2026-09-11 22:23:55
80615,CARD_PAYMENT_GATEWAY,EXT-2343344,12505,13364.78,USD,MATCHED,,2026-09-14 13:06:08
80616,CARD_PAYMENT_GATEWAY,EXT-9966786,12798,20312.0,USD,UNMATCHED,PENDING_SETTLEMENT_FILE,2026-09-05 02:31:26
80617,SWIFT_FIN,EXT-7615553,10526,8670.28,USD,MATCHED,,2026-09-11 09:44:07
80618,FED_ACH_CLEARING,EXT-7360483,11127,52045.59,USD,MATCHED,,2026-09-11 12:04:47
80619,INTERNAL_LEDGER,EXT-6299663,11273,32762.61,USD,MATCHED,,2026-09-05 09:38:42
80620,CARD_PAYMENT_GATEWAY,EXT-1981687,14288,50774.66,USD,MATCHED,,2026-09-17 12:45:57
80621,FED_ACH_CLEARING,EXT-3807651,11993,24252.72,USD,MATCHED,,2026-09-15 00:41:18
80622,FED_ACH_CLEARING,EXT-1722381,10145,62637.32,USD,DISCREPANCY,AMOUNT_MISMATCH,2026-09-17 11:27:22
80623,FED_ACH_CLEARING,EXT-8485359,15000,44641.36,USD,MATCHED,,2026-09-07 16:25:50
80624,FED_ACH_CLEARING,EXT-7766020,10622,57519.69,USD,DISCREPANCY,FEE_DEDUCTION_VARIANCE,2026-09-04 00:47:34
80625,SWIFT_FIN,EXT-8156443,13974,4224.22,USD,MATCHED,,2026-09-10 02:38:17
80626,SWIFT_FIN,EXT-4442419,13553,20594.05,USD,UNMATCHED,PENDING_SETTLEMENT_FILE,2026-09-07 11:55:38
80627,SWIFT_FIN,EXT-5582264,13586,72756.9,USD,UNMATCHED,PENDING_SETTLEMENT_FILE,2026-09-14 13:46:35
80628,FED_ACH_CLEARING,EXT-9546336,14609,79879.78,USD,UNMATCHED,PENDING_SETTLEMENT_FILE,2026-09-13 20:08:06
80629,FED_ACH_CLEARING,EXT-1337615,12319,12047.35,USD,MATCHED,,2026-09-16 15:41:33
80630,CARD_PAYMENT_GATEWAY,EXT-9436260,14195,20998.23,USD,MATCHED,,2026-09-05 04:13:37
80631,INTERNAL_LEDGER,EXT-3759260,13232,53498.54,USD,MATCHED,,2026-09-15 18:42:47
80632,CARD_PAYMENT_GATEWAY,EXT-4483622,11731,83882.13,USD,DISCREPANCY,FEE_DEDUCTION_VARIANCE,2026-09-04 03:46:50
80633,CARD_PAYMENT_GATEWAY,EXT-2378624,12961,20607.03,USD,UNMATCHED,PENDING_SETTLEMENT_FILE,2026-09-10 19:04:53
80634,SWIFT_FIN,EXT-4798971,14316,76211.75,USD,MATCHED,,2026-09-13 08:32:04
80635,INTERNAL_LEDGER,EXT-2159034,14749,27417.73,USD,MATCHED,,2026-09-13 21:53:17
80636,INTERNAL_LEDGER,EXT-9163428,11010,3166.83,USD,MATCHED,,2026-09-12 11:48:56
80637,INTERNAL_LEDGER,EXT-4428420,13171,20432.86,USD,MATCHED,,2026-09-17 13:31:41
80638,INTERNAL_LEDGER,EXT-8842982,14563,43101.4,USD,MATCHED,,2026-09-09 08:43:24
80639,SWIFT_FIN,EXT-8325155,10064,79974.05,USD,MATCHED,,2026-09-17 02:21:09
80640,CARD_PAYMENT_GATEWAY,EXT-4596593,12137,24323.87,USD,MATCHED,,2026-09-05 06:57:00
80641,SWIFT_FIN,EXT-5917034,11447,71486.14,USD,MATCHED,,2026-09-16 13:55:18
80642,SWIFT_FIN,EXT-5697816,10636,83040.97,USD,MATCHED,,2026-09-08 12:53:58
80643,SWIFT_FIN,EXT-3471882,14260,68302.51,USD,MATCHED,,2026-09-09 01:30:51
80644,INTERNAL_LEDGER,EXT-9993981,12149,37110.92,USD,DISCREPANCY,AMOUNT_MISMATCH,2026-09-12 07:51:13
80645,CARD_PAYMENT_GATEWAY,EXT-9346462,11336,75355.35,USD,DISCREPANCY,AMOUNT_MISMATCH,2026-09-06 18:47:02
80646,SWIFT_FIN,EXT-5465161,13900,27715.23,USD,MATCHED,,2026-09-09 03:13:21
80647,INTERNAL_LEDGER,EXT-5370049,10482,46683.76,USD,MATCHED,,2026-09-04 15:34:36
80648,CARD_PAYMENT_GATEWAY,EXT-1752255,11963,54226.62,USD,MATCHED,,2026-09-06 20:41:17
80649,SWIFT_FIN,EXT-2829307,12751,71736.24,USD,MATCHED,,2026-09-09 09:33:27
80650,FED_ACH_CLEARING,EXT-6549924,12006,22970.85,USD,UNMATCHED,PENDING_SETTLEMENT_FILE,2026-09-12 08:39:23
80651,CARD_PAYMENT_GATEWAY,EXT-2544095,13716,73078.11,USD,MATCHED,,2026-09-15 16:29:41
80652,CARD_PAYMENT_GATEWAY,EXT-5557630,11326,8497.42,USD,DISCREPANCY,AMOUNT_MISMATCH,2026-09-11 21:29:23
80653,INTERNAL_LEDGER,EXT-9610916,14147,68006.64,USD,DISCREPANCY,AMOUNT_MISMATCH,2026-09-09 02:20:16
80654,CARD_PAYMENT_GATEWAY,EXT-1243663,11281,82171.72,USD,DISCREPANCY,TIMESTAMP_SLIPPAGE,2026-09-17 17:51:01
80655,SWIFT_FIN,EXT-3880991,13935,75110.15,USD,MATCHED,,2026-09-06 18:48:24
80656,CARD_PAYMENT_GATEWAY,EXT-8062392,11126,1754.69,USD,MATCHED,,2026-09-07 04:57:34
80657,CARD_PAYMENT_GATEWAY,EXT-4615310,12212,46175.37,USD,MATCHED,,2026-09-12 23:48:56
80658,CARD_PAYMENT_GATEWAY,EXT-1624047,10559,3684.23,USD,UNMATCHED,PENDING_SETTLEMENT_FILE,2026-09-12 05:09:49
80659,SWIFT_FIN,EXT-3050632,13990,13670.88,USD,DISCREPANCY,FEE_DEDUCTION_VARIANCE,2026-09-08 20:11:33
80660,FED_ACH_CLEARING,EXT-7087094,14049,50373.19,USD,MATCHED,,2026-09-09 19:21:25
80661,SWIFT_FIN,EXT-7753254,11495,80415.76,USD,MATCHED,,2026-09-16 03:24:47
80662,FED_ACH_CLEARING,EXT-3994098,14257,41742.65,USD,MATCHED,,2026-09-11 02:15:22
80663,FED_ACH_CLEARING,EXT-5357728,13837,1785.63,USD,MATCHED,,2026-09-15 14:31:27
80664,FED_ACH_CLEARING,EXT-4146260,13122,37763.89,USD,MATCHED,,2026-09-08 17:15:16
80665,CARD_PAYMENT_GATEWAY,EXT-9181222,12734,62872.92,USD,MATCHED,,2026-09-07 15:46:20
80666,FED_ACH_CLEARING,EXT-7973785,11801,25329.96,USD,UNMATCHED,PENDING_SETTLEMENT_FILE,2026-09-04 12:58:46
80667,INTERNAL_LEDGER,EXT-8645216,11442,61252.37,USD,MATCHED,,2026-09-17 05:43:37
80668,SWIFT_FIN,EXT-6907138,13867,82496.49,USD,DISCREPANCY,FEE_DEDUCTION_VARIANCE,2026-09-04 21:30:41
80669,CARD_PAYMENT_GATEWAY,EXT-7874455,11949,79198.71,USD,MATCHED,,2026-09-11 05:41:20
80670,CARD_PAYMENT_GATEWAY,EXT-7803308,12576,42602.48,USD,MATCHED,,2026-09-07 19:59:28
80671,FED_ACH_CLEARING,EXT-4247851,10138,60181.12,USD,DISCREPANCY,AMOUNT_MISMATCH,2026-09-15 06:35:31
80672,SWIFT_FIN,EXT-8394887,10196,69852.06,USD,MATCHED,,2026-09-17 14:26:27
80673,CARD_PAYMENT_GATEWAY,EXT-6063003,11532,10815.64,USD,MATCHED,,2026-09-05 19:01:04
80674,CARD_PAYMENT_GATEWAY,EXT-3588290,14240,36254.41,USD,MATCHED,,2026-09-08 13:22:05
80675,CARD_PAYMENT_GATEWAY,EXT-9373979,12653,69891.31,USD,MATCHED,,2026-09-10 07:07:01
80676,FED_ACH_CLEARING,EXT-5803187,13666,9287.88,USD,MATCHED,,2026-09-13 23:02:49
80677,CARD_PAYMENT_GATEWAY,EXT-3270718,12474,19006.24,USD,MATCHED,,2026-09-10 06:59:56
80678,FED_ACH_CLEARING,EXT-3362198,10184,18472.89,USD,MATCHED,,2026-09-16 17:51:30
80679,CARD_PAYMENT_GATEWAY,EXT-3522910,14273,62794.87,USD,DISCREPANCY,AMOUNT_MISMATCH,2026-09-09 22:11:19
80680,FED_ACH_CLEARING,EXT-2224846,11086,76105.16,USD,DISCREPANCY,FEE_DEDUCTION_VARIANCE,2026-09-16 19:20:33
80681,SWIFT_FIN,EXT-1901968,11127,18103.34,USD,DISCREPANCY,AMOUNT_MISMATCH,2026-09-14 18:27:23
80682,INTERNAL_LEDGER,EXT-6303589,10629,31662.17,USD,MATCHED,,2026-09-12 06:42:31
80683,CARD_PAYMENT_GATEWAY,EXT-9273246,12209,43644.99,USD,MATCHED,,2026-09-07 16:05:12
80684,CARD_PAYMENT_GATEWAY,EXT-2947797,10907,42077.51,USD,UNMATCHED,PENDING_SETTLEMENT_FILE,2026-09-13 10:37:02
80685,CARD_PAYMENT_GATEWAY,EXT-6239293,10364,53374.38,USD,UNMATCHED,PENDING_SETTLEMENT_FILE,2026-09-14 15:20:47
80686,CARD_PAYMENT_GATEWAY,EXT-6030582,10810,25376.43,USD,MATCHED,,2026-09-16 07:33:12
80687,INTERNAL_LEDGER,EXT-3023639,13065,40523.05,USD,MATCHED,,2026-09-13 17:12:42
80688,CARD_PAYMENT_GATEWAY,EXT-3110631,14813,50472.72,USD,UNMATCHED,PENDING_SETTLEMENT_FILE,2026-09-06 03:36:12
80689,INTERNAL_LEDGER,EXT-8154645,13006,49181.64,USD,MATCHED,,2026-09-14 17:13:02
80690,INTERNAL_LEDGER,EXT-7533265,10955,23545.48,USD,DISCREPANCY,FEE_DEDUCTION_VARIANCE,2026-09-08 04:44:47
80691,CARD_PAYMENT_GATEWAY,EXT-2288842,12525,44702.36,USD,UNMATCHED,PENDING_SETTLEMENT_FILE,2026-09-04 10:51:02
80692,INTERNAL_LEDGER,EXT-2698156,14241,47760.97,USD,DISCREPANCY,FEE_DEDUCTION_VARIANCE,2026-09-04 22:10:54
80693,FED_ACH_CLEARING,EXT-1957150,11554,32297.65,USD,MATCHED,,2026-09-06 12:29:11
80694,SWIFT_FIN,EXT-7151427,14809,67987.86,USD,UNMATCHED,PENDING_SETTLEMENT_FILE,2026-09-06 10:03:36
80695,CARD_PAYMENT_GATEWAY,EXT-9996749,13665,4414.92,USD,MATCHED,,2026-09-06 02:02:36
80696,FED_ACH_CLEARING,EXT-7325224,11119,44008.54,USD,DISCREPANCY,TIMESTAMP_SLIPPAGE,2026-09-15 09:55:37
80697,SWIFT_FIN,EXT-1440067,12576,82170.4,USD,UNMATCHED,PENDING_SETTLEMENT_FILE,2026-09-04 03:50:49
80698,FED_ACH_CLEARING,EXT-4121374,10467,25518.17,USD,UNMATCHED,PENDING_SETTLEMENT_FILE,2026-09-06 18:55:23
80699,FED_ACH_CLEARING,EXT-7164920,13890,37336.33,USD,MATCHED,,2026-09-13 19:51:25
80700,CARD_PAYMENT_GATEWAY,EXT-9666787,12179,68243.83,USD,UNMATCHED,PENDING_SETTLEMENT_FILE,2026-09-09 00:24:33
80701,SWIFT_FIN,EXT-4450125,10668,14907.22,USD,MATCHED,,2026-09-04 17:45:17
80702,CARD_PAYMENT_GATEWAY,EXT-5405628,13635,42485.75,USD,UNMATCHED,PENDING_SETTLEMENT_FILE,2026-09-14 17:42:14
80703,INTERNAL_LEDGER,EXT-3114009,10683,21110.03,USD,MATCHED,,2026-09-15 12:13:10
80704,FED_ACH_CLEARING,EXT-4051439,10716,73691.05,USD,MATCHED,,2026-09-17 18:55:25
80705,CARD_PAYMENT_GATEWAY,EXT-7796061,14626,54252.69,USD,UNMATCHED,PENDING_SETTLEMENT_FILE,2026-09-06 14:20:29
80706,CARD_PAYMENT_GATEWAY,EXT-3129722,11744,18135.18,USD,MATCHED,,2026-09-05 14:50:21
80707,SWIFT_FIN,EXT-6489189,12858,17809.72,USD,MATCHED,,2026-09-13 21:47:21
80708,SWIFT_FIN,EXT-4206630,10969,4472.34,USD,MATCHED,,2026-09-06 17:00:31
80709,SWIFT_FIN,EXT-5061321,11954,74800.96,USD,MATCHED,,2026-09-12 21:17:48
80710,CARD_PAYMENT_GATEWAY,EXT-9737057,12252,37959.26,USD,MATCHED,,2026-09-12 00:25:37
80711,FED_ACH_CLEARING,EXT-9964778,14712,557.41,USD,MATCHED,,2026-09-05 17:13:41
80712,CARD_PAYMENT_GATEWAY,EXT-1163848,14239,58569.5,USD,DISCREPANCY,AMOUNT_MISMATCH,2026-09-16 18:13:51
80713,SWIFT_FIN,EXT-4611817,13736,79606.6,USD,MATCHED,,2026-09-06 16:02:22
80714,FED_ACH_CLEARING,EXT-6306148,10026,81387.9,USD,MATCHED,,2026-09-13 22:57:58
80715,FED_ACH_CLEARING,EXT-1765747,14778,60715.8,USD,UNMATCHED,PENDING_SETTLEMENT_FILE,2026-09-08 08:48:43
80716,CARD_PAYMENT_GATEWAY,EXT-9592789,11348,75101.1,USD,MATCHED,,2026-09-05 15:12:45
80717,FED_ACH_CLEARING,EXT-6084742,12182,79071.17,USD,DISCREPANCY,TIMESTAMP_SLIPPAGE,2026-09-09 09:55:35
80718,FED_ACH_CLEARING,EXT-5307903,11233,8030.92,USD,UNMATCHED,PENDING_SETTLEMENT_FILE,2026-09-05 00:39:09
80719,FED_ACH_CLEARING,EXT-4767643,13068,23335.5,USD,MATCHED,,2026-09-14 19:00:04
80720,SWIFT_FIN,EXT-3496362,13426,12358.61,USD,MATCHED,,2026-09-17 01:04:02
80721,CARD_PAYMENT_GATEWAY,EXT-8633380,10191,66869.28,USD,UNMATCHED,PENDING_SETTLEMENT_FILE,2026-09-16 08:15:22
80722,SWIFT_FIN,EXT-7921042,13349,78681.2,USD,MATCHED,,2026-09-09 11:31:55
80723,CARD_PAYMENT_GATEWAY,EXT-7329632,11808,63601.89,USD,MATCHED,,2026-09-12 12:24:54
80724,CARD_PAYMENT_GATEWAY,EXT-4146833,12809,16421.3,USD,DISCREPANCY,FEE_DEDUCTION_VARIANCE,2026-09-10 06:08:33
80725,FED_ACH_CLEARING,EXT-4312532,12485,73370.42,USD,MATCHED,,2026-09-03 21:12:15
80726,INTERNAL_LEDGER,EXT-2793753,12383,84970.6,USD,DISCREPANCY,FEE_DEDUCTION_VARIANCE,2026-09-12 18:15:56
80727,SWIFT_FIN,EXT-8538706,10701,15605.05,USD,MATCHED,,2026-09-16 22:02:23
80728,CARD_PAYMENT_GATEWAY,EXT-3496930,12954,57001.42,USD,MATCHED,,2026-09-12 18:16:11
80729,INTERNAL_LEDGER,EXT-2114371,11709,51161.99,USD,MATCHED,,2026-09-11 20:03:32
80730,CARD_PAYMENT_GATEWAY,EXT-4594708,10125,49727.8,USD,MATCHED,,2026-09-14 05:44:06
80731,SWIFT_FIN,EXT-6827194,14115,56041.56,USD,MATCHED,,2026-09-08 23:58:18
80732,INTERNAL_LEDGER,EXT-6321019,12566,2510.14,USD,DISCREPANCY,TIMESTAMP_SLIPPAGE,2026-09-17 00:09:27
80733,CARD_PAYMENT_GATEWAY,EXT-2669418,10893,77590.86,USD,DISCREPANCY,AMOUNT_MISMATCH,2026-09-07 18:02:27
80734,FED_ACH_CLEARING,EXT-2509458,10902,36127.46,USD,MATCHED,,2026-09-17 11:54:13
80735,INTERNAL_LEDGER,EXT-6019801,14817,66442.91,USD,MATCHED,,2026-09-17 07:21:31
80736,CARD_PAYMENT_GATEWAY,EXT-4488148,14071,16912.24,USD,MATCHED,,2026-09-12 08:33:40
80737,FED_ACH_CLEARING,EXT-2739694,11673,10702.56,USD,DISCREPANCY,AMOUNT_MISMATCH,2026-09-10 23:53:16
80738,INTERNAL_LEDGER,EXT-9320490,14947,2135.79,USD,MATCHED,,2026-09-05 18:30:44
80739,INTERNAL_LEDGER,EXT-5428503,14751,22717.67,USD,UNMATCHED,PENDING_SETTLEMENT_FILE,2026-09-10 22:00:29
80740,SWIFT_FIN,EXT-7356909,11556,66464.77,USD,MATCHED,,2026-09-14 17:31:20
80741,FED_ACH_CLEARING,EXT-5286525,14640,15282.22,USD,DISCREPANCY,FEE_DEDUCTION_VARIANCE,2026-09-15 17:28:52
80742,INTERNAL_LEDGER,EXT-6918775,10575,28584.63,USD,MATCHED,,2026-09-08 12:20:18
80743,SWIFT_FIN,EXT-1250048,12974,51069.14,USD,UNMATCHED,PENDING_SETTLEMENT_FILE,2026-09-16 02:32:03
80744,INTERNAL_LEDGER,EXT-4929525,13798,11272.14,USD,MATCHED,,2026-09-12 19:25:43
80745,FED_ACH_CLEARING,EXT-2000767,14725,78646.65,USD,UNMATCHED,PENDING_SETTLEMENT_FILE,2026-09-13 08:26:44
80746,INTERNAL_LEDGER,EXT-6769827,14986,193.08,USD,MATCHED,,2026-09-06 16:56:49
80747,FED_ACH_CLEARING,EXT-5448933,11813,8224.84,USD,UNMATCHED,PENDING_SETTLEMENT_FILE,2026-09-17 06:21:58
80748,FED_ACH_CLEARING,EXT-5211853,13469,55597.39,USD,UNMATCHED,PENDING_SETTLEMENT_FILE,2026-09-16 00:42:56
80749,FED_ACH_CLEARING,EXT-2755762,13216,55832.22,USD,MATCHED,,2026-09-04 13:16:42
80750,SWIFT_FIN,EXT-4605428,10885,17242.15,USD,DISCREPANCY,TIMESTAMP_SLIPPAGE,2026-09-04 02:09:54
80751,SWIFT_FIN,EXT-5429536,14949,21364.65,USD,MATCHED,,2026-09-06 08:21:48
80752,SWIFT_FIN,EXT-1140360,14891,55095.94,USD,MATCHED,,2026-09-12 07:24:30
80753,INTERNAL_LEDGER,EXT-4134788,10790,65796.76,USD,MATCHED,,2026-09-03 21:51:22
80754,SWIFT_FIN,EXT-3705029,13663,51129.39,USD,MATCHED,,2026-09-09 08:25:36
80755,CARD_PAYMENT_GATEWAY,EXT-9464868,14934,9297.83,USD,DISCREPANCY,TIMESTAMP_SLIPPAGE,2026-09-10 23:45:18
80756,INTERNAL_LEDGER,EXT-7826236,11140,76893.86,USD,MATCHED,,2026-09-05 09:34:49
80757,SWIFT_FIN,EXT-6556220,10549,57283.76,USD,MATCHED,,2026-09-07 14:28:44
80758,FED_ACH_CLEARING,EXT-1099453,10105,43464.88,USD,MATCHED,,2026-09-09 22:59:09
80759,SWIFT_FIN,EXT-8721058,14868,53775.41,USD,MATCHED,,2026-09-15 08:38:54
80760,INTERNAL_LEDGER,EXT-8713137,10542,22309.99,USD,MATCHED,,2026-09-16 21:05:05
80761,SWIFT_FIN,EXT-5717498,10909,44682.15,USD,MATCHED,,2026-09-08 08:23:12
80762,SWIFT_FIN,EXT-5584217,11246,20731.74,USD,MATCHED,,2026-09-04 10:28:15
80763,SWIFT_FIN,EXT-4354120,11033,67701.03,USD,MATCHED,,2026-09-15 01:55:35
80764,SWIFT_FIN,EXT-6992481,12913,28440.8,USD,MATCHED,,2026-09-13 09:30:48
80765,SWIFT_FIN,EXT-8434233,13461,30083.27,USD,UNMATCHED,PENDING_SETTLEMENT_FILE,2026-09-08 07:16:39
80766,CARD_PAYMENT_GATEWAY,EXT-5316000,10445,79913.32,USD,MATCHED,,2026-09-17 17:56:33
80767,INTERNAL_LEDGER,EXT-4622412,12831,38724.77,USD,MATCHED,,2026-09-09 16:28:11
80768,CARD_PAYMENT_GATEWAY,EXT-4106932,12077,38419.09,USD,MATCHED,,2026-09-11 21:45:59
80769,FED_ACH_CLEARING,EXT-9739134,10698,51301.84,USD,MATCHED,,2026-09-10 17:54:18
80770,CARD_PAYMENT_GATEWAY,EXT-6870249,14033,32143.61,USD,MATCHED,,2026-09-04 14:03:23
80771,FED_ACH_CLEARING,EXT-1355219,14221,82980.67,USD,MATCHED,,2026-09-09 01:30:20
80772,CARD_PAYMENT_GATEWAY,EXT-1967288,14711,46665.31,USD,UNMATCHED,PENDING_SETTLEMENT_FILE,2026-09-09 00:35:36
80773,INTERNAL_LEDGER,EXT-5501505,10701,14544.26,USD,UNMATCHED,PENDING_SETTLEMENT_FILE,2026-09-10 13:49:50
80774,FED_ACH_CLEARING,EXT-9541740,10547,76472.0,USD,DISCREPANCY,FEE_DEDUCTION_VARIANCE,2026-09-10 16:54:01
80775,INTERNAL_LEDGER,EXT-6061754,13867,12743.32,USD,DISCREPANCY,AMOUNT_MISMATCH,2026-09-12 22:21:13
80776,INTERNAL_LEDGER,EXT-9643053,14515,16247.07,USD,MATCHED,,2026-09-05 16:59:13
80777,SWIFT_FIN,EXT-4268416,12639,66316.81,USD,MATCHED,,2026-09-09 05:46:10
80778,SWIFT_FIN,EXT-8541399,12819,16888.47,USD,DISCREPANCY,FEE_DEDUCTION_VARIANCE,2026-09-05 07:30:56
80779,SWIFT_FIN,EXT-1460961,11393,5629.34,USD,MATCHED,,2026-09-04 15:55:08
80780,CARD_PAYMENT_GATEWAY,EXT-6965844,14326,83824.46,USD,DISCREPANCY,FEE_DEDUCTION_VARIANCE,2026-09-14 07:27:40
80781,INTERNAL_LEDGER,EXT-6605988,12875,7441.57,USD,MATCHED,,2026-09-09 14:56:59
80782,FED_ACH_CLEARING,EXT-8710151,11555,74053.52,USD,MATCHED,,2026-09-07 20:14:50
80783,INTERNAL_LEDGER,EXT-8957656,11445,42524.55,USD,MATCHED,,2026-09-16 17:27:25
80784,INTERNAL_LEDGER,EXT-6765920,13417,38965.37,USD,MATCHED,,2026-09-13 19:42:03
80785,CARD_PAYMENT_GATEWAY,EXT-4146068,11465,12605.52,USD,MATCHED,,2026-09-10 16:40:03
80786,CARD_PAYMENT_GATEWAY,EXT-9989411,14147,24421.1,USD,MATCHED,,2026-09-17 13:30:44
80787,CARD_PAYMENT_GATEWAY,EXT-9174590,11830,67641.0,USD,MATCHED,,2026-09-16 21:50:49
80788,SWIFT_FIN,EXT-1970730,11749,56506.94,USD,MATCHED,,2026-09-08 10:20:47
80789,FED_ACH_CLEARING,EXT-7890488,12335,77757.64,USD,MATCHED,,2026-09-10 20:03:19
80790,SWIFT_FIN,EXT-9259558,11030,84806.43,USD,DISCREPANCY,TIMESTAMP_SLIPPAGE,2026-09-07 20:17:21
80791,SWIFT_FIN,EXT-6807503,12710,61653.68,USD,DISCREPANCY,TIMESTAMP_SLIPPAGE,2026-09-10 23:26:21
80792,CARD_PAYMENT_GATEWAY,EXT-1437765,12684,10191.51,USD,MATCHED,,2026-09-15 23:41:59
80793,INTERNAL_LEDGER,EXT-6358075,11973,79626.69,USD,MATCHED,,2026-09-11 21:01:13
80794,INTERNAL_LEDGER,EXT-5192240,11432,40165.32,USD,MATCHED,,2026-09-15 18:04:01
80795,INTERNAL_LEDGER,EXT-2163895,12809,23373.16,USD,MATCHED,,2026-09-17 00:22:10
80796,FED_ACH_CLEARING,EXT-4271645,13784,16794.37,USD,MATCHED,,2026-09-07 03:59:47
80797,FED_ACH_CLEARING,EXT-1108151,11855,19436.95,USD,MATCHED,,2026-09-15 12:00:45
80798,INTERNAL_LEDGER,EXT-3244679,10800,68629.93,USD,MATCHED,,2026-09-04 06:04:14
80799,FED_ACH_CLEARING,EXT-9816895,10232,23381.73,USD,MATCHED,,2026-09-05 21:47:15
80800,CARD_PAYMENT_GATEWAY,EXT-6582880,11110,66870.4,USD,MATCHED,,2026-09-15 12:51:26
80801,CARD_PAYMENT_GATEWAY,EXT-9500614,14420,59553.89,USD,MATCHED,,2026-09-16 04:18:31
80802,INTERNAL_LEDGER,EXT-1705951,14741,79207.31,USD,UNMATCHED,PENDING_SETTLEMENT_FILE,2026-09-09 10:14:15
80803,SWIFT_FIN,EXT-3216864,11991,43166.21,USD,DISCREPANCY,AMOUNT_MISMATCH,2026-09-05 06:54:51
80804,CARD_PAYMENT_GATEWAY,EXT-6456587,13057,75387.42,USD,MATCHED,,2026-09-06 03:14:16
80805,CARD_PAYMENT_GATEWAY,EXT-2202744,12237,51658.43,USD,MATCHED,,2026-09-13 04:43:21
80806,FED_ACH_CLEARING,EXT-4195844,10063,21466.51,USD,MATCHED,,2026-09-06 22:18:08
80807,SWIFT_FIN,EXT-8086844,12012,36094.21,USD,MATCHED,,2026-09-17 11:49:32
80808,CARD_PAYMENT_GATEWAY,EXT-7755899,13664,73980.82,USD,UNMATCHED,PENDING_SETTLEMENT_FILE,2026-09-10 00:22:36
80809,CARD_PAYMENT_GATEWAY,EXT-7790623,11077,9749.87,USD,MATCHED,,2026-09-16 22:14:43
80810,CARD_PAYMENT_GATEWAY,EXT-3364717,13859,25428.7,USD,MATCHED,,2026-09-08 18:29:07
80811,SWIFT_FIN,EXT-7509064,10951,8345.91,USD,MATCHED,,2026-09-08 01:12:28
80812,CARD_PAYMENT_GATEWAY,EXT-6249675,13055,11025.12,USD,DISCREPANCY,TIMESTAMP_SLIPPAGE,2026-09-06 05:44:08
80813,SWIFT_FIN,EXT-5084591,13478,51335.95,USD,MATCHED,,2026-09-15 17:25:34
80814,INTERNAL_LEDGER,EXT-7713081,14231,11873.07,USD,MATCHED,,2026-09-09 14:10:59
80815,INTERNAL_LEDGER,EXT-7222641,14448,33608.84,USD,MATCHED,,2026-09-15 23:19:04
80816,INTERNAL_LEDGER,EXT-4744855,11000,6531.28,USD,MATCHED,,2026-09-17 04:56:49
80817,FED_ACH_CLEARING,EXT-2483771,14077,39254.59,USD,UNMATCHED,PENDING_SETTLEMENT_FILE,2026-09-11 13:02:21
80818,INTERNAL_LEDGER,EXT-2810015,10045,31673.71,USD,MATCHED,,2026-09-12 00:34:51
80819,FED_ACH_CLEARING,EXT-7738343,10827,60358.79,USD,MATCHED,,2026-09-09 03:18:34
80820,FED_ACH_CLEARING,EXT-9297119,14168,28502.22,USD,MATCHED,,2026-09-17 05:19:32
80821,SWIFT_FIN,EXT-1619503,12211,49869.05,USD,MATCHED,,2026-09-15 09:53:13
80822,INTERNAL_LEDGER,EXT-5972394,12412,66551.87,USD,UNMATCHED,PENDING_SETTLEMENT_FILE,2026-09-17 05:13:49
80823,FED_ACH_CLEARING,EXT-9600076,10062,15371.38,USD,MATCHED,,2026-09-08 07:34:24
80824,FED_ACH_CLEARING,EXT-6456440,10637,41586.47,USD,MATCHED,,2026-09-07 11:02:30
80825,CARD_PAYMENT_GATEWAY,EXT-9949374,12006,252.71,USD,DISCREPANCY,FEE_DEDUCTION_VARIANCE,2026-09-10 00:42:32
80826,FED_ACH_CLEARING,EXT-5143662,13144,30486.63,USD,MATCHED,,2026-09-16 03:47:26
80827,FED_ACH_CLEARING,EXT-3464780,12028,68310.43,USD,MATCHED,,2026-09-04 00:40:00
80828,INTERNAL_LEDGER,EXT-3933029,12561,74297.08,USD,UNMATCHED,PENDING_SETTLEMENT_FILE,2026-09-16 04:27:46
80829,CARD_PAYMENT_GATEWAY,EXT-7324806,13795,34191.18,USD,MATCHED,,2026-09-15 02:42:12
80830,SWIFT_FIN,EXT-2567314,14666,52280.83,USD,MATCHED,,2026-09-10 16:16:33
80831,INTERNAL_LEDGER,EXT-5906965,13956,12981.69,USD,DISCREPANCY,TIMESTAMP_SLIPPAGE,2026-09-10 06:39:02
80832,SWIFT_FIN,EXT-1812494,11567,30217.12,USD,DISCREPANCY,AMOUNT_MISMATCH,2026-09-07 16:13:19
80833,FED_ACH_CLEARING,EXT-4333078,10987,10230.11,USD,MATCHED,,2026-09-07 18:00:48
80834,SWIFT_FIN,EXT-8522032,10101,59561.27,USD,DISCREPANCY,AMOUNT_MISMATCH,2026-09-04 18:05:45
80835,SWIFT_FIN,EXT-1357150,11433,36984.19,USD,UNMATCHED,PENDING_SETTLEMENT_FILE,2026-09-15 05:49:38
80836,FED_ACH_CLEARING,EXT-4616170,12540,3472.69,USD,MATCHED,,2026-09-06 14:31:35
80837,CARD_PAYMENT_GATEWAY,EXT-2346790,11454,48378.73,USD,MATCHED,,2026-09-05 19:19:10
80838,INTERNAL_LEDGER,EXT-2130992,14784,12638.28,USD,MATCHED,,2026-09-16 21:31:14
80839,CARD_PAYMENT_GATEWAY,EXT-9576156,14094,56770.29,USD,MATCHED,,2026-09-07 06:17:35
80840,SWIFT_FIN,EXT-5817575,14577,80286.64,USD,MATCHED,,2026-09-15 21:23:02
80841,FED_ACH_CLEARING,EXT-9775434,10531,73111.25,USD,UNMATCHED,PENDING_SETTLEMENT_FILE,2026-09-06 20:06:30
80842,CARD_PAYMENT_GATEWAY,EXT-6680592,10650,74110.1,USD,MATCHED,,2026-09-07 09:40:20
80843,SWIFT_FIN,EXT-1616190,11692,60492.6,USD,MATCHED,,2026-09-14 23:24:58
80844,SWIFT_FIN,EXT-5640720,13949,47659.59,USD,DISCREPANCY,TIMESTAMP_SLIPPAGE,2026-09-09 03:56:17
80845,CARD_PAYMENT_GATEWAY,EXT-9829278,14042,78808.7,USD,UNMATCHED,PENDING_SETTLEMENT_FILE,2026-09-16 13:26:43
80846,SWIFT_FIN,EXT-3493195,13228,22340.95,USD,MATCHED,,2026-09-15 19:58:55
80847,CARD_PAYMENT_GATEWAY,EXT-9300857,13528,42552.1,USD,MATCHED,,2026-09-09 19:10:50
80848,FED_ACH_CLEARING,EXT-3743985,14614,24094.89,USD,UNMATCHED,PENDING_SETTLEMENT_FILE,2026-09-07 07:59:55
80849,SWIFT_FIN,EXT-2000818,11875,40950.05,USD,DISCREPANCY,TIMESTAMP_SLIPPAGE,2026-09-12 02:30:12
80850,CARD_PAYMENT_GATEWAY,EXT-7858709,10250,42821.64,USD,MATCHED,,2026-09-04 13:21:04
80851,CARD_PAYMENT_GATEWAY,EXT-9216414,10454,1995.37,USD,UNMATCHED,PENDING_SETTLEMENT_FILE,2026-09-06 08:09:45
80852,FED_ACH_CLEARING,EXT-4656295,10171,83153.08,USD,MATCHED,,2026-09-04 17:00:03
80853,CARD_PAYMENT_GATEWAY,EXT-9997540,12631,61314.56,USD,MATCHED,,2026-09-05 01:22:29
80854,CARD_PAYMENT_GATEWAY,EXT-7623312,12038,11203.1,USD,MATCHED,,2026-09-09 22:08:34
80855,CARD_PAYMENT_GATEWAY,EXT-4643955,14418,58746.36,USD,DISCREPANCY,AMOUNT_MISMATCH,2026-09-08 08:20:46
80856,CARD_PAYMENT_GATEWAY,EXT-7569362,11338,62010.14,USD,UNMATCHED,PENDING_SETTLEMENT_FILE,2026-09-06 14:03:54
80857,INTERNAL_LEDGER,EXT-4747048,13329,29283.42,USD,MATCHED,,2026-09-12 17:22:44
80858,SWIFT_FIN,EXT-1538818,10639,77683.48,USD,MATCHED,,2026-09-05 21:27:19
80859,SWIFT_FIN,EXT-5160800,14912,3700.4,USD,MATCHED,,2026-09-08 19:12:29
80860,SWIFT_FIN,EXT-5826590,10366,29568.14,USD,MATCHED,,2026-09-15 07:06:33
80861,CARD_PAYMENT_GATEWAY,EXT-4436471,12590,77208.53,USD,MATCHED,,2026-09-11 03:14:30
80862,SWIFT_FIN,EXT-9297520,10419,69905.72,USD,MATCHED,,2026-09-14 21:22:32
80863,FED_ACH_CLEARING,EXT-3165491,10145,82343.37,USD,MATCHED,,2026-09-04 20:12:07
80864,FED_ACH_CLEARING,EXT-4642534,12277,11460.32,USD,MATCHED,,2026-09-08 20:17:27
80865,SWIFT_FIN,EXT-7885314,12002,82904.61,USD,DISCREPANCY,FEE_DEDUCTION_VARIANCE,2026-09-12 17:34:18
80866,INTERNAL_LEDGER,EXT-9396964,11807,78264.87,USD,MATCHED,,2026-09-05 22:56:30
80867,CARD_PAYMENT_GATEWAY,EXT-8456859,11815,20418.65,USD,MATCHED,,2026-09-07 18:00:05
80868,FED_ACH_CLEARING,EXT-2169602,10125,72568.97,USD,DISCREPANCY,AMOUNT_MISMATCH,2026-09-13 19:15:28
80869,FED_ACH_CLEARING,EXT-5697571,13639,6398.71,USD,MATCHED,,2026-09-15 11:06:26
80870,SWIFT_FIN,EXT-8716884,14912,77058.21,USD,MATCHED,,2026-09-08 06:05:56
80871,INTERNAL_LEDGER,EXT-4177601,12553,862.41,USD,MATCHED,,2026-09-08 00:20:47
80872,FED_ACH_CLEARING,EXT-2394307,11376,39800.21,USD,MATCHED,,2026-09-12 20:00:56
80873,CARD_PAYMENT_GATEWAY,EXT-1988388,13394,61128.52,USD,UNMATCHED,PENDING_SETTLEMENT_FILE,2026-09-15 04:36:10
80874,CARD_PAYMENT_GATEWAY,EXT-4547232,12831,41792.07,USD,MATCHED,,2026-09-09 20:37:57
80875,FED_ACH_CLEARING,EXT-6776318,12549,11981.31,USD,MATCHED,,2026-09-06 03:32:19
80876,SWIFT_FIN,EXT-7075641,11948,36740.78,USD,MATCHED,,2026-09-15 03:38:24
80877,CARD_PAYMENT_GATEWAY,EXT-4808542,11589,58050.48,USD,MATCHED,,2026-09-06 08:43:05
80878,INTERNAL_LEDGER,EXT-1453049,14337,2551.33,USD,MATCHED,,2026-09-16 11:46:22
80879,INTERNAL_LEDGER,EXT-5545093,13022,24376.14,USD,DISCREPANCY,AMOUNT_MISMATCH,2026-09-04 02:08:31
80880,SWIFT_FIN,EXT-2608889,14665,2026.57,USD,UNMATCHED,PENDING_SETTLEMENT_FILE,2026-09-17 12:18:51
80881,CARD_PAYMENT_GATEWAY,EXT-7865378,14102,13727.79,USD,MATCHED,,2026-09-07 18:13:15
80882,CARD_PAYMENT_GATEWAY,EXT-4863426,13120,83430.97,USD,DISCREPANCY,AMOUNT_MISMATCH,2026-09-09 09:18:13
80883,SWIFT_FIN,EXT-6206176,14965,19969.72,USD,DISCREPANCY,AMOUNT_MISMATCH,2026-09-06 07:20:08
80884,CARD_PAYMENT_GATEWAY,EXT-2921512,10941,56523.17,USD,UNMATCHED,PENDING_SETTLEMENT_FILE,2026-09-06 15:11:25
80885,SWIFT_FIN,EXT-3040329,10799,45033.48,USD,DISCREPANCY,FEE_DEDUCTION_VARIANCE,2026-09-17 03:54:55
80886,INTERNAL_LEDGER,EXT-7005357,14666,23100.57,USD,MATCHED,,2026-09-05 02:27:42
80887,SWIFT_FIN,EXT-8843339,10608,30001.23,USD,DISCREPANCY,TIMESTAMP_SLIPPAGE,2026-09-11 00:52:03
80888,FED_ACH_CLEARING,EXT-1853536,13029,55384.41,USD,MATCHED,,2026-09-05 21:03:29
80889,INTERNAL_LEDGER,EXT-2425656,14758,13924.98,USD,MATCHED,,2026-09-10 04:26:34
80890,INTERNAL_LEDGER,EXT-4801075,13488,72086.6,USD,MATCHED,,2026-09-14 05:31:14
80891,SWIFT_FIN,EXT-2093755,13637,20310.19,USD,MATCHED,,2026-09-11 00:11:35
80892,INTERNAL_LEDGER,EXT-8370993,10692,49266.14,USD,MATCHED,,2026-09-12 10:46:42
80893,CARD_PAYMENT_GATEWAY,EXT-3658065,14663,43117.25,USD,MATCHED,,2026-09-14 06:43:01
80894,SWIFT_FIN,EXT-8320404,11255,35894.4,USD,MATCHED,,2026-09-05 12:50:35
80895,INTERNAL_LEDGER,EXT-9522005,13298,22316.16,USD,MATCHED,,2026-09-17 19:02:10
80896,INTERNAL_LEDGER,EXT-1286482,13710,60365.5,USD,DISCREPANCY,FEE_DEDUCTION_VARIANCE,2026-09-05 23:14:37
80897,INTERNAL_LEDGER,EXT-2466499,12825,66947.69,USD,MATCHED,,2026-09-14 00:29:12
80898,FED_ACH_CLEARING,EXT-2654126,10143,25605.97,USD,MATCHED,,2026-09-17 08:19:15
80899,INTERNAL_LEDGER,EXT-1181858,13252,34123.88,USD,MATCHED,,2026-09-10 12:45:28
80900,INTERNAL_LEDGER,EXT-6275355,10181,64755.96,USD,MATCHED,,2026-09-17 00:03:59
80901,CARD_PAYMENT_GATEWAY,EXT-7230666,10584,20974.19,USD,MATCHED,,2026-09-16 06:51:15
80902,INTERNAL_LEDGER,EXT-7225799,11113,70331.47,USD,MATCHED,,2026-09-04 09:12:07
80903,SWIFT_FIN,EXT-1170989,13123,43865.47,USD,MATCHED,,2026-09-14 08:16:33
80904,INTERNAL_LEDGER,EXT-1283909,13095,3706.04,USD,MATCHED,,2026-09-17 12:45:01
80905,CARD_PAYMENT_GATEWAY,EXT-6728957,10336,33180.79,USD,UNMATCHED,PENDING_SETTLEMENT_FILE,2026-09-13 01:25:50
80906,FED_ACH_CLEARING,EXT-9458900,10986,2495.18,USD,MATCHED,,2026-09-17 10:36:38
80907,SWIFT_FIN,EXT-4620957,11781,21726.04,USD,MATCHED,,2026-09-07 05:09:45
80908,FED_ACH_CLEARING,EXT-5381507,11488,14131.1,USD,DISCREPANCY,FEE_DEDUCTION_VARIANCE,2026-09-09 08:40:08
80909,FED_ACH_CLEARING,EXT-8096285,12913,46304.22,USD,MATCHED,,2026-09-12 17:00:39
80910,SWIFT_FIN,EXT-3266584,11051,11304.14,USD,MATCHED,,2026-09-12 10:03:27
80911,SWIFT_FIN,EXT-3117590,12840,73213.55,USD,MATCHED,,2026-09-09 11:18:38
80912,INTERNAL_LEDGER,EXT-9989677,10791,50185.27,USD,MATCHED,,2026-09-07 08:21:41
80913,SWIFT_FIN,EXT-3317831,13238,5450.31,USD,DISCREPANCY,TIMESTAMP_SLIPPAGE,2026-09-07 21:36:24
80914,SWIFT_FIN,EXT-7835732,11825,54871.4,USD,MATCHED,,2026-09-04 05:01:34
80915,FED_ACH_CLEARING,EXT-1015799,14708,38426.87,USD,MATCHED,,2026-09-05 18:38:18
80916,CARD_PAYMENT_GATEWAY,EXT-1173603,12444,6203.91,USD,MATCHED,,2026-09-07 17:55:40
80917,INTERNAL_LEDGER,EXT-2341352,12650,57704.21,USD,MATCHED,,2026-09-07 17:54:09
80918,FED_ACH_CLEARING,EXT-2247786,10970,70929.32,USD,DISCREPANCY,AMOUNT_MISMATCH,2026-09-06 00:32:09
80919,CARD_PAYMENT_GATEWAY,EXT-7499560,10673,34936.18,USD,MATCHED,,2026-09-15 05:34:26
80920,FED_ACH_CLEARING,EXT-1461536,11542,48300.23,USD,UNMATCHED,PENDING_SETTLEMENT_FILE,2026-09-12 00:59:43
80921,INTERNAL_LEDGER,EXT-2280043,10739,32110.94,USD,MATCHED,,2026-09-05 18:14:44
80922,SWIFT_FIN,EXT-4078179,14435,35336.4,USD,MATCHED,,2026-09-06 13:13:16
80923,FED_ACH_CLEARING,EXT-3426576,12275,28763.57,USD,MATCHED,,2026-09-16 22:20:48
80924,FED_ACH_CLEARING,EXT-9399919,14472,913.27,USD,MATCHED,,2026-09-08 07:11:11
80925,SWIFT_FIN,EXT-3246345,10440,55582.62,USD,MATCHED,,2026-09-17 11:25:30
80926,CARD_PAYMENT_GATEWAY,EXT-5743511,14698,75089.23,USD,DISCREPANCY,TIMESTAMP_SLIPPAGE,2026-09-05 23:18:00
80927,SWIFT_FIN,EXT-7463544,11231,64729.92,USD,DISCREPANCY,AMOUNT_MISMATCH,2026-09-15 10:59:33
80928,CARD_PAYMENT_GATEWAY,EXT-7917904,11939,4428.63,USD,MATCHED,,2026-09-17 08:57:36
80929,INTERNAL_LEDGER,EXT-6942678,14852,26057.59,USD,MATCHED,,2026-09-10 17:22:42
80930,CARD_PAYMENT_GATEWAY,EXT-5843771,14073,64228.3,USD,MATCHED,,2026-09-05 11:55:17
80931,CARD_PAYMENT_GATEWAY,EXT-3010411,14349,70279.7,USD,UNMATCHED,PENDING_SETTLEMENT_FILE,2026-09-06 08:02:01
80932,SWIFT_FIN,EXT-6086684,12375,38912.3,USD,DISCREPANCY,AMOUNT_MISMATCH,2026-09-16 02:47:47
80933,INTERNAL_LEDGER,EXT-7369310,12825,321.58,USD,MATCHED,,2026-09-05 18:07:31
80934,CARD_PAYMENT_GATEWAY,EXT-3010814,14187,11171.54,USD,MATCHED,,2026-09-13 23:48:27
80935,CARD_PAYMENT_GATEWAY,EXT-7946697,12386,33659.8,USD,MATCHED,,2026-09-17 04:39:54
80936,CARD_PAYMENT_GATEWAY,EXT-8280142,12696,31291.54,USD,DISCREPANCY,TIMESTAMP_SLIPPAGE,2026-09-12 09:35:14
80937,CARD_PAYMENT_GATEWAY,EXT-8719854,11158,76886.65,USD,UNMATCHED,PENDING_SETTLEMENT_FILE,2026-09-05 12:28:40
80938,FED_ACH_CLEARING,EXT-3400124,14953,81441.33,USD,MATCHED,,2026-09-10 22:40:31
80939,FED_ACH_CLEARING,EXT-6784943,13612,78192.36,USD,MATCHED,,2026-09-07 13:33:35
80940,INTERNAL_LEDGER,EXT-5534726,11363,60714.6,USD,UNMATCHED,PENDING_SETTLEMENT_FILE,2026-09-05 01:37:31
80941,FED_ACH_CLEARING,EXT-4299980,10070,23346.06,USD,DISCREPANCY,AMOUNT_MISMATCH,2026-09-14 11:18:47
80942,CARD_PAYMENT_GATEWAY,EXT-7719049,11617,31950.65,USD,MATCHED,,2026-09-09 18:17:02
80943,FED_ACH_CLEARING,EXT-7698434,14519,57806.06,USD,MATCHED,,2026-09-13 04:57:08
80944,SWIFT_FIN,EXT-2086137,12823,83805.55,USD,MATCHED,,2026-09-04 12:18:57
80945,INTERNAL_LEDGER,EXT-7147380,12094,76990.98,USD,UNMATCHED,PENDING_SETTLEMENT_FILE,2026-09-07 23:57:57
80946,CARD_PAYMENT_GATEWAY,EXT-6252293,11605,76622.06,USD,MATCHED,,2026-09-07 10:38:24
80947,FED_ACH_CLEARING,EXT-1510500,13054,16905.63,USD,UNMATCHED,PENDING_SETTLEMENT_FILE,2026-09-14 06:28:03
80948,SWIFT_FIN,EXT-5060691,14213,47757.01,USD,MATCHED,,2026-09-08 07:21:05
80949,SWIFT_FIN,EXT-6667277,11941,56681.41,USD,UNMATCHED,PENDING_SETTLEMENT_FILE,2026-09-12 17:07:29
80950,CARD_PAYMENT_GATEWAY,EXT-3785212,12695,3070.44,USD,MATCHED,,2026-09-13 11:29:13
80951,SWIFT_FIN,EXT-5665589,13054,16631.82,USD,MATCHED,,2026-09-16 03:07:52
80952,CARD_PAYMENT_GATEWAY,EXT-5505790,12384,28501.63,USD,MATCHED,,2026-09-11 10:30:14
80953,SWIFT_FIN,EXT-3989178,11722,41199.45,USD,MATCHED,,2026-09-15 19:26:37
80954,INTERNAL_LEDGER,EXT-7187039,10684,71282.42,USD,UNMATCHED,PENDING_SETTLEMENT_FILE,2026-09-05 17:47:21
80955,SWIFT_FIN,EXT-6251361,12302,5818.83,USD,MATCHED,,2026-09-10 03:08:27
80956,FED_ACH_CLEARING,EXT-8964666,13591,15065.66,USD,DISCREPANCY,FEE_DEDUCTION_VARIANCE,2026-09-04 07:35:10
80957,CARD_PAYMENT_GATEWAY,EXT-4777017,13598,58537.74,USD,MATCHED,,2026-09-13 21:09:22
80958,FED_ACH_CLEARING,EXT-7115210,10283,55900.07,USD,MATCHED,,2026-09-07 22:31:42
80959,INTERNAL_LEDGER,EXT-3493371,13617,50743.71,USD,MATCHED,,2026-09-17 03:49:30
80960,FED_ACH_CLEARING,EXT-7427786,11038,8256.41,USD,MATCHED,,2026-09-05 14:31:44
80961,INTERNAL_LEDGER,EXT-3081317,10905,26353.85,USD,MATCHED,,2026-09-16 02:02:22
80962,SWIFT_FIN,EXT-8098140,14314,22016.36,USD,MATCHED,,2026-09-17 17:59:34
80963,INTERNAL_LEDGER,EXT-6609697,12702,12542.21,USD,MATCHED,,2026-09-03 21:37:10
80964,CARD_PAYMENT_GATEWAY,EXT-9588838,10843,18870.87,USD,MATCHED,,2026-09-09 08:16:29
80965,SWIFT_FIN,EXT-2222643,12538,32493.57,USD,UNMATCHED,PENDING_SETTLEMENT_FILE,2026-09-09 08:15:29
80966,FED_ACH_CLEARING,EXT-4133871,14330,14828.29,USD,MATCHED,,2026-09-15 22:27:47
80967,FED_ACH_CLEARING,EXT-2310974,14026,31447.56,USD,MATCHED,,2026-09-06 11:09:12
80968,SWIFT_FIN,EXT-5853290,12212,26909.27,USD,DISCREPANCY,TIMESTAMP_SLIPPAGE,2026-09-13 06:23:58
80969,INTERNAL_LEDGER,EXT-7900028,14434,2009.88,USD,MATCHED,,2026-09-09 06:41:18
80970,SWIFT_FIN,EXT-7947892,10767,63765.59,USD,DISCREPANCY,AMOUNT_MISMATCH,2026-09-07 14:40:52
80971,SWIFT_FIN,EXT-2399269,13666,10892.4,USD,MATCHED,,2026-09-11 08:40:36
80972,FED_ACH_CLEARING,EXT-5598111,11857,7322.42,USD,MATCHED,,2026-09-06 17:21:32
80973,SWIFT_FIN,EXT-7889185,11408,78734.13,USD,UNMATCHED,PENDING_SETTLEMENT_FILE,2026-09-14 11:35:19
80974,FED_ACH_CLEARING,EXT-6763821,13725,61584.24,USD,MATCHED,,2026-09-04 19:16:23
80975,SWIFT_FIN,EXT-9615249,10902,13444.86,USD,MATCHED,,2026-09-13 21:19:41
80976,SWIFT_FIN,EXT-9024381,14780,37332.47,USD,UNMATCHED,PENDING_SETTLEMENT_FILE,2026-09-06 12:40:15
80977,INTERNAL_LEDGER,EXT-3129521,14047,54468.9,USD,MATCHED,,2026-09-14 03:30:17
80978,CARD_PAYMENT_GATEWAY,EXT-4349481,10358,23494.19,USD,MATCHED,,2026-09-14 03:57:44
80979,FED_ACH_CLEARING,EXT-6842719,12936,111.02,USD,MATCHED,,2026-09-15 17:16:55
80980,FED_ACH_CLEARING,EXT-1888914,13420,63590.04,USD,MATCHED,,2026-09-08 01:08:09
80981,FED_ACH_CLEARING,EXT-3144747,13240,62962.25,USD,MATCHED,,2026-09-09 06:16:56
80982,CARD_PAYMENT_GATEWAY,EXT-1042857,11794,78271.95,USD,MATCHED,,2026-09-11 13:36:06
80983,INTERNAL_LEDGER,EXT-8592670,10851,13792.8,USD,MATCHED,,2026-09-14 17:52:54
80984,INTERNAL_LEDGER,EXT-9413921,11726,62023.19,USD,MATCHED,,2026-09-14 05:56:28
80985,SWIFT_FIN,EXT-7304102,10778,49031.79,USD,MATCHED,,2026-09-04 09:35:27
80986,CARD_PAYMENT_GATEWAY,EXT-5166046,14953,2236.13,USD,MATCHED,,2026-09-17 08:29:43
80987,FED_ACH_CLEARING,EXT-7390454,10830,46089.14,USD,MATCHED,,2026-09-13 23:38:46
80988,CARD_PAYMENT_GATEWAY,EXT-5750022,13711,12404.45,USD,DISCREPANCY,TIMESTAMP_SLIPPAGE,2026-09-12 17:56:19
80989,SWIFT_FIN,EXT-1273326,13832,53471.77,USD,DISCREPANCY,TIMESTAMP_SLIPPAGE,2026-09-15 21:44:39
80990,SWIFT_FIN,EXT-9276823,13302,71512.65,USD,UNMATCHED,PENDING_SETTLEMENT_FILE,2026-09-16 19:38:35
80991,INTERNAL_LEDGER,EXT-3221126,12221,27232.8,USD,DISCREPANCY,FEE_DEDUCTION_VARIANCE,2026-09-06 19:40:03
80992,SWIFT_FIN,EXT-4937479,10076,49240.23,USD,MATCHED,,2026-09-10 01:38:24
80993,SWIFT_FIN,EXT-8205288,14604,39989.66,USD,DISCREPANCY,TIMESTAMP_SLIPPAGE,2026-09-12 11:47:12
80994,CARD_PAYMENT_GATEWAY,EXT-3169422,13497,53311.15,USD,DISCREPANCY,TIMESTAMP_SLIPPAGE,2026-09-04 13:42:40
80995,CARD_PAYMENT_GATEWAY,EXT-5521976,14794,76895.98,USD,UNMATCHED,PENDING_SETTLEMENT_FILE,2026-09-06 11:23:52
80996,INTERNAL_LEDGER,EXT-7222502,12356,8014.68,USD,MATCHED,,2026-09-10 07:08:10
80997,INTERNAL_LEDGER,EXT-9579126,14526,15132.71,USD,DISCREPANCY,AMOUNT_MISMATCH,2026-09-16 04:41:20
80998,INTERNAL_LEDGER,EXT-7130482,10653,10478.95,USD,MATCHED,,2026-09-13 23:23:42
80999,INTERNAL_LEDGER,EXT-9424996,10190,7906.79,USD,UNMATCHED,PENDING_SETTLEMENT_FILE,2026-09-07 20:40:58
81000,SWIFT_FIN,EXT-7388477,11455,24290.01,USD,DISCREPANCY,AMOUNT_MISMATCH,2026-09-09 14:28:42
81001,SWIFT_FIN,EXT-4554588,12559,15131.68,USD,UNMATCHED,PENDING_SETTLEMENT_FILE,2026-09-08 07:28:57
81002,INTERNAL_LEDGER,EXT-7416858,12112,78078.94,USD,MATCHED,,2026-09-15 19:26:59
81003,SWIFT_FIN,EXT-3682018,12170,73933.27,USD,MATCHED,,2026-09-16 09:35:12
81004,CARD_PAYMENT_GATEWAY,EXT-2612897,14865,71424.77,USD,UNMATCHED,PENDING_SETTLEMENT_FILE,2026-09-08 07:46:00
81005,SWIFT_FIN,EXT-5963189,14798,23636.43,USD,DISCREPANCY,AMOUNT_MISMATCH,2026-09-14 02:16:57
81006,FED_ACH_CLEARING,EXT-2991780,12226,11909.08,USD,MATCHED,,2026-09-11 06:58:25
81007,INTERNAL_LEDGER,EXT-6161429,14774,10272.27,USD,MATCHED,,2026-09-15 17:39:07
81008,INTERNAL_LEDGER,EXT-1331155,14937,12866.22,USD,MATCHED,,2026-09-09 10:45:35
81009,SWIFT_FIN,EXT-1110170,10296,76322.98,USD,MATCHED,,2026-09-09 04:10:13
81010,CARD_PAYMENT_GATEWAY,EXT-6687679,13506,30819.64,USD,UNMATCHED,PENDING_SETTLEMENT_FILE,2026-09-15 01:44:47
81011,CARD_PAYMENT_GATEWAY,EXT-6891752,13679,3554.25,USD,MATCHED,,2026-09-06 18:40:51
81012,FED_ACH_CLEARING,EXT-1441408,10586,52584.13,USD,MATCHED,,2026-09-13 12:19:06
81013,SWIFT_FIN,EXT-2333699,12003,67150.38,USD,UNMATCHED,PENDING_SETTLEMENT_FILE,2026-09-09 23:31:22
81014,SWIFT_FIN,EXT-8667342,14042,77053.45,USD,MATCHED,,2026-09-10 01:51:35
81015,SWIFT_FIN,EXT-5496052,11340,49135.23,USD,MATCHED,,2026-09-12 09:26:39
81016,SWIFT_FIN,EXT-2641035,14992,39278.12,USD,MATCHED,,2026-09-09 06:22:49
81017,FED_ACH_CLEARING,EXT-5461970,14870,5169.49,USD,DISCREPANCY,AMOUNT_MISMATCH,2026-09-12 07:10:20
81018,SWIFT_FIN,EXT-6431355,14859,23167.17,USD,MATCHED,,2026-09-15 19:31:46
81019,SWIFT_FIN,EXT-3492454,13040,5936.51,USD,DISCREPANCY,TIMESTAMP_SLIPPAGE,2026-09-15 22:56:26
81020,FED_ACH_CLEARING,EXT-4340656,14356,36369.22,USD,DISCREPANCY,FEE_DEDUCTION_VARIANCE,2026-09-07 03:46:50
81021,CARD_PAYMENT_GATEWAY,EXT-5653766,14589,28766.85,USD,MATCHED,,2026-09-13 19:28:29
81022,CARD_PAYMENT_GATEWAY,EXT-6877485,12384,63863.58,USD,UNMATCHED,PENDING_SETTLEMENT_FILE,2026-09-07 23:42:41
81023,INTERNAL_LEDGER,EXT-8149111,10321,11138.1,USD,MATCHED,,2026-09-07 18:12:21
81024,CARD_PAYMENT_GATEWAY,EXT-8802137,13455,69708.4,USD,MATCHED,,2026-09-11 09:28:29
81025,FED_ACH_CLEARING,EXT-8262808,14950,32091.87,USD,MATCHED,,2026-09-07 04:40:47
81026,CARD_PAYMENT_GATEWAY,EXT-6824163,10202,34673.45,USD,MATCHED,,2026-09-12 04:02:23
81027,FED_ACH_CLEARING,EXT-3717523,10317,31051.56,USD,MATCHED,,2026-09-06 00:14:37
81028,INTERNAL_LEDGER,EXT-4352971,13672,7381.55,USD,UNMATCHED,PENDING_SETTLEMENT_FILE,2026-09-07 13:16:33
81029,INTERNAL_LEDGER,EXT-9860151,11333,80609.2,USD,MATCHED,,2026-09-07 19:49:05
81030,INTERNAL_LEDGER,EXT-5395021,12356,51043.64,USD,MATCHED,,2026-09-10 18:49:36
81031,INTERNAL_LEDGER,EXT-2045024,14586,12715.07,USD,UNMATCHED,PENDING_SETTLEMENT_FILE,2026-09-12 11:37:40
81032,CARD_PAYMENT_GATEWAY,EXT-1260874,14064,13387.06,USD,MATCHED,,2026-09-08 08:12:49
81033,INTERNAL_LEDGER,EXT-9012937,14377,74440.93,USD,DISCREPANCY,TIMESTAMP_SLIPPAGE,2026-09-08 15:46:50
81034,CARD_PAYMENT_GATEWAY,EXT-9342698,13537,34334.94,USD,DISCREPANCY,TIMESTAMP_SLIPPAGE,2026-09-07 07:01:39
81035,CARD_PAYMENT_GATEWAY,EXT-1846421,11530,76386.12,USD,DISCREPANCY,TIMESTAMP_SLIPPAGE,2026-09-11 04:19:58
81036,SWIFT_FIN,EXT-7006716,10437,6051.48,USD,MATCHED,,2026-09-16 13:27:29
81037,FED_ACH_CLEARING,EXT-4456480,14971,14129.01,USD,MATCHED,,2026-09-08 04:12:52
81038,FED_ACH_CLEARING,EXT-4780952,13941,58646.02,USD,MATCHED,,2026-09-15 18:27:20
81039,FED_ACH_CLEARING,EXT-8181146,11574,62430.94,USD,MATCHED,,2026-09-14 09:57:09
81040,CARD_PAYMENT_GATEWAY,EXT-7653238,14912,79731.03,USD,MATCHED,,2026-09-07 06:20:22
81041,CARD_PAYMENT_GATEWAY,EXT-1363818,12176,1385.3,USD,MATCHED,,2026-09-08 23:17:32
81042,SWIFT_FIN,EXT-3681531,13463,27649.0,USD,DISCREPANCY,AMOUNT_MISMATCH,2026-09-13 06:11:35
81043,INTERNAL_LEDGER,EXT-6129428,13858,22967.71,USD,DISCREPANCY,FEE_DEDUCTION_VARIANCE,2026-09-14 10:07:59
81044,SWIFT_FIN,EXT-5707088,10604,32986.92,USD,DISCREPANCY,FEE_DEDUCTION_VARIANCE,2026-09-10 00:02:31
81045,SWIFT_FIN,EXT-3306495,10147,20864.65,USD,MATCHED,,2026-09-16 20:14:04
81046,FED_ACH_CLEARING,EXT-1145676,10393,44461.27,USD,MATCHED,,2026-09-04 19:06:15
81047,FED_ACH_CLEARING,EXT-5701591,13379,59244.24,USD,UNMATCHED,PENDING_SETTLEMENT_FILE,2026-09-07 23:02:18
81048,CARD_PAYMENT_GATEWAY,EXT-9259329,13129,14443.23,USD,DISCREPANCY,TIMESTAMP_SLIPPAGE,2026-09-05 10:57:51
81049,CARD_PAYMENT_GATEWAY,EXT-9185883,12344,16651.83,USD,MATCHED,,2026-09-13 17:28:03
81050,SWIFT_FIN,EXT-5887529,11233,24051.17,USD,UNMATCHED,PENDING_SETTLEMENT_FILE,2026-09-07 17:06:24
81051,SWIFT_FIN,EXT-1079853,10767,40047.19,USD,MATCHED,,2026-09-17 16:16:42
81052,INTERNAL_LEDGER,EXT-8882834,13024,7507.17,USD,DISCREPANCY,TIMESTAMP_SLIPPAGE,2026-09-16 01:14:41
81053,INTERNAL_LEDGER,EXT-8137861,11478,29120.23,USD,MATCHED,,2026-09-06 06:57:39
81054,FED_ACH_CLEARING,EXT-2290803,13743,2810.78,USD,MATCHED,,2026-09-07 13:51:41
81055,SWIFT_FIN,EXT-5821831,11959,6360.01,USD,UNMATCHED,PENDING_SETTLEMENT_FILE,2026-09-09 01:42:32
81056,CARD_PAYMENT_GATEWAY,EXT-1970632,11997,22534.71,USD,MATCHED,,2026-09-15 11:38:25
81057,SWIFT_FIN,EXT-7794237,13912,57698.47,USD,MATCHED,,2026-09-14 08:47:30
81058,SWIFT_FIN,EXT-6630161,11191,45887.54,USD,MATCHED,,2026-09-13 12:52:55
81059,SWIFT_FIN,EXT-2612108,10258,20903.8,USD,MATCHED,,2026-09-16 05:30:20
81060,CARD_PAYMENT_GATEWAY,EXT-6193871,11205,76998.16,USD,DISCREPANCY,TIMESTAMP_SLIPPAGE,2026-09-16 12:48:36
81061,SWIFT_FIN,EXT-8406128,10106,23539.96,USD,UNMATCHED,PENDING_SETTLEMENT_FILE,2026-09-12 17:13:19
81062,INTERNAL_LEDGER,EXT-1197249,13307,67102.11,USD,MATCHED,,2026-09-08 05:36:55
81063,INTERNAL_LEDGER,EXT-1270453,13445,76111.97,USD,MATCHED,,2026-09-11 14:59:27
81064,FED_ACH_CLEARING,EXT-6807331,14421,24042.58,USD,MATCHED,,2026-09-13 18:20:04
81065,CARD_PAYMENT_GATEWAY,EXT-7756513,12642,27487.2,USD,MATCHED,,2026-09-06 07:32:08
81066,SWIFT_FIN,EXT-1719131,10326,45821.55,USD,MATCHED,,2026-09-13 10:59:23
81067,FED_ACH_CLEARING,EXT-6005431,12749,23941.64,USD,MATCHED,,2026-09-15 06:05:56
81068,SWIFT_FIN,EXT-4806249,13997,64739.25,USD,MATCHED,,2026-09-05 23:38:38
81069,FED_ACH_CLEARING,EXT-4170406,12774,41701.89,USD,MATCHED,,2026-09-15 15:33:43
81070,SWIFT_FIN,EXT-8007870,11979,40310.84,USD,UNMATCHED,PENDING_SETTLEMENT_FILE,2026-09-17 14:11:32
81071,SWIFT_FIN,EXT-6560345,12825,57904.06,USD,UNMATCHED,PENDING_SETTLEMENT_FILE,2026-09-11 10:20:19
81072,INTERNAL_LEDGER,EXT-5408265,13315,4042.05,USD,DISCREPANCY,AMOUNT_MISMATCH,2026-09-05 00:39:38
81073,INTERNAL_LEDGER,EXT-6175057,12006,4745.32,USD,MATCHED,,2026-09-08 21:37:22
81074,FED_ACH_CLEARING,EXT-6402387,11572,62190.26,USD,DISCREPANCY,FEE_DEDUCTION_VARIANCE,2026-09-07 08:04:09
81075,SWIFT_FIN,EXT-1170408,10139,72112.45,USD,MATCHED,,2026-09-17 07:48:11
81076,SWIFT_FIN,EXT-3745368,10632,66198.71,USD,MATCHED,,2026-09-15 00:48:44
81077,FED_ACH_CLEARING,EXT-2225298,10147,44456.74,USD,MATCHED,,2026-09-12 16:08:06
81078,CARD_PAYMENT_GATEWAY,EXT-8016618,10604,25593.55,USD,MATCHED,,2026-09-11 09:35:01
81079,CARD_PAYMENT_GATEWAY,EXT-5830194,10331,25367.54,USD,MATCHED,,2026-09-14 00:59:24
81080,FED_ACH_CLEARING,EXT-1626365,11764,22661.31,USD,UNMATCHED,PENDING_SETTLEMENT_FILE,2026-09-07 18:08:07
81081,INTERNAL_LEDGER,EXT-1199168,12621,8269.76,USD,MATCHED,,2026-09-09 13:38:34
81082,FED_ACH_CLEARING,EXT-4744662,11731,33127.14,USD,UNMATCHED,PENDING_SETTLEMENT_FILE,2026-09-11 16:37:41
81083,FED_ACH_CLEARING,EXT-4750878,10772,46020.97,USD,MATCHED,,2026-09-11 16:01:11
81084,CARD_PAYMENT_GATEWAY,EXT-3633292,14560,52512.81,USD,MATCHED,,2026-09-06 07:04:58
81085,CARD_PAYMENT_GATEWAY,EXT-5409908,11448,32550.33,USD,MATCHED,,2026-09-07 02:25:59
81086,INTERNAL_LEDGER,EXT-2095282,13983,54634.75,USD,MATCHED,,2026-09-13 17:06:56
81087,CARD_PAYMENT_GATEWAY,EXT-1992830,14549,20592.69,USD,DISCREPANCY,FEE_DEDUCTION_VARIANCE,2026-09-17 13:51:55
81088,CARD_PAYMENT_GATEWAY,EXT-1642338,12331,13934.16,USD,MATCHED,,2026-09-10 04:58:09
81089,CARD_PAYMENT_GATEWAY,EXT-1933077,14369,54086.53,USD,UNMATCHED,PENDING_SETTLEMENT_FILE,2026-09-16 02:09:34
81090,CARD_PAYMENT_GATEWAY,EXT-6215707,13846,34430.14,USD,MATCHED,,2026-09-14 13:49:43
81091,CARD_PAYMENT_GATEWAY,EXT-5830591,11231,29262.87,USD,MATCHED,,2026-09-13 16:20:46
81092,FED_ACH_CLEARING,EXT-4747710,14508,25463.55,USD,MATCHED,,2026-09-05 07:49:36
81093,SWIFT_FIN,EXT-9011648,11965,10231.56,USD,DISCREPANCY,TIMESTAMP_SLIPPAGE,2026-09-15 12:31:34
81094,CARD_PAYMENT_GATEWAY,EXT-1038159,10497,48951.53,USD,MATCHED,,2026-09-04 10:22:25
81095,CARD_PAYMENT_GATEWAY,EXT-1935880,11512,43574.42,USD,MATCHED,,2026-09-11 22:37:05
81096,FED_ACH_CLEARING,EXT-5785164,10293,21166.67,USD,DISCREPANCY,FEE_DEDUCTION_VARIANCE,2026-09-11 05:54:08
81097,FED_ACH_CLEARING,EXT-9346317,14223,29239.59,USD,MATCHED,,2026-09-12 02:09:42
81098,SWIFT_FIN,EXT-8350523,14001,1726.42,USD,MATCHED,,2026-09-05 21:44:38
81099,INTERNAL_LEDGER,EXT-3800894,10746,60463.15,USD,MATCHED,,2026-09-06 01:10:04
81100,SWIFT_FIN,EXT-1627010,14044,78226.42,USD,MATCHED,,2026-09-09 18:28:50
81101,INTERNAL_LEDGER,EXT-7235887,10291,60341.92,USD,MATCHED,,2026-09-13 07:04:29
81102,SWIFT_FIN,EXT-2286984,14124,77512.79,USD,MATCHED,,2026-09-16 16:40:47
81103,SWIFT_FIN,EXT-5925603,13502,82203.09,USD,MATCHED,,2026-09-09 12:25:00
81104,INTERNAL_LEDGER,EXT-1104496,14750,22451.21,USD,DISCREPANCY,AMOUNT_MISMATCH,2026-09-12 02:15:12
81105,INTERNAL_LEDGER,EXT-2691176,13692,72117.2,USD,MATCHED,,2026-09-15 00:33:53
81106,SWIFT_FIN,EXT-7573487,14811,11449.88,USD,MATCHED,,2026-09-15 12:03:07
81107,INTERNAL_LEDGER,EXT-4513062,14014,42985.28,USD,MATCHED,,2026-09-07 01:05:00
81108,SWIFT_FIN,EXT-2091744,14575,27037.43,USD,MATCHED,,2026-09-08 22:13:28
81109,INTERNAL_LEDGER,EXT-1090985,12307,30176.83,USD,UNMATCHED,PENDING_SETTLEMENT_FILE,2026-09-12 15:57:10
81110,SWIFT_FIN,EXT-6900921,14522,12610.81,USD,UNMATCHED,PENDING_SETTLEMENT_FILE,2026-09-14 14:06:25
81111,INTERNAL_LEDGER,EXT-2174018,14336,32203.21,USD,MATCHED,,2026-09-04 01:50:48
81112,SWIFT_FIN,EXT-2467484,10133,18167.19,USD,MATCHED,,2026-09-12 07:18:33
81113,SWIFT_FIN,EXT-8144510,12523,78006.89,USD,MATCHED,,2026-09-11 20:31:08
81114,FED_ACH_CLEARING,EXT-3880741,10760,13583.67,USD,MATCHED,,2026-09-14 22:10:58
81115,CARD_PAYMENT_GATEWAY,EXT-7865352,12845,66193.52,USD,DISCREPANCY,FEE_DEDUCTION_VARIANCE,2026-09-09 22:13:32
81116,FED_ACH_CLEARING,EXT-8991386,14179,8786.56,USD,MATCHED,,2026-09-06 08:38:10
81117,INTERNAL_LEDGER,EXT-8655824,12823,75680.09,USD,MATCHED,,2026-09-13 22:37:34
81118,SWIFT_FIN,EXT-1862710,14406,52983.58,USD,MATCHED,,2026-09-11 13:51:15
81119,CARD_PAYMENT_GATEWAY,EXT-5999024,14055,36387.37,USD,DISCREPANCY,AMOUNT_MISMATCH,2026-09-05 05:38:48
81120,CARD_PAYMENT_GATEWAY,EXT-9197046,14228,80524.51,USD,DISCREPANCY,AMOUNT_MISMATCH,2026-09-07 07:56:00
81121,FED_ACH_CLEARING,EXT-7365191,11771,33027.7,USD,MATCHED,,2026-09-15 00:54:45
81122,INTERNAL_LEDGER,EXT-4804978,14279,38745.79,USD,UNMATCHED,PENDING_SETTLEMENT_FILE,2026-09-06 10:33:20
81123,FED_ACH_CLEARING,EXT-4072465,13064,43448.7,USD,DISCREPANCY,AMOUNT_MISMATCH,2026-09-14 11:00:04
81124,INTERNAL_LEDGER,EXT-6814985,14406,6949.46,USD,UNMATCHED,PENDING_SETTLEMENT_FILE,2026-09-04 13:57:31
81125,SWIFT_FIN,EXT-3801477,13716,22996.47,USD,DISCREPANCY,TIMESTAMP_SLIPPAGE,2026-09-17 02:46:39
81126,INTERNAL_LEDGER,EXT-8325323,13746,15266.25,USD,MATCHED,,2026-09-07 05:21:20
81127,FED_ACH_CLEARING,EXT-3416449,14272,46289.97,USD,MATCHED,,2026-09-12 04:08:13
81128,FED_ACH_CLEARING,EXT-3003253,13169,29138.92,USD,UNMATCHED,PENDING_SETTLEMENT_FILE,2026-09-10 05:49:17
81129,INTERNAL_LEDGER,EXT-7442231,11260,71071.3,USD,MATCHED,,2026-09-06 08:34:49
81130,SWIFT_FIN,EXT-2858361,14391,76101.69,USD,DISCREPANCY,AMOUNT_MISMATCH,2026-09-10 19:05:28
81131,INTERNAL_LEDGER,EXT-9828352,14458,55240.49,USD,UNMATCHED,PENDING_SETTLEMENT_FILE,2026-09-11 05:19:55
81132,SWIFT_FIN,EXT-5159274,14795,19021.49,USD,MATCHED,,2026-09-07 23:24:35
81133,SWIFT_FIN,EXT-1238884,13828,22467.37,USD,DISCREPANCY,AMOUNT_MISMATCH,2026-09-09 20:57:44
81134,FED_ACH_CLEARING,EXT-7834904,13906,53473.2,USD,MATCHED,,2026-09-09 07:08:22
81135,SWIFT_FIN,EXT-2430427,12680,45195.37,USD,MATCHED,,2026-09-11 06:04:14
81136,CARD_PAYMENT_GATEWAY,EXT-4519703,12189,79593.57,USD,MATCHED,,2026-09-09 14:14:27
81137,FED_ACH_CLEARING,EXT-4108802,13038,83058.8,USD,MATCHED,,2026-09-05 09:58:49
81138,CARD_PAYMENT_GATEWAY,EXT-8936367,10755,70053.09,USD,UNMATCHED,PENDING_SETTLEMENT_FILE,2026-09-13 13:58:46
81139,CARD_PAYMENT_GATEWAY,EXT-5194063,11259,48118.83,USD,MATCHED,,2026-09-10 02:38:03
81140,CARD_PAYMENT_GATEWAY,EXT-3243691,14386,60270.58,USD,MATCHED,,2026-09-16 09:31:41
81141,FED_ACH_CLEARING,EXT-4434447,11092,39294.17,USD,MATCHED,,2026-09-11 00:54:35
81142,FED_ACH_CLEARING,EXT-1899788,11276,31386.78,USD,MATCHED,,2026-09-17 16:28:45
81143,INTERNAL_LEDGER,EXT-2322387,12782,10333.51,USD,UNMATCHED,PENDING_SETTLEMENT_FILE,2026-09-17 06:08:34
81144,CARD_PAYMENT_GATEWAY,EXT-9968574,11129,58673.75,USD,DISCREPANCY,AMOUNT_MISMATCH,2026-09-14 02:26:03
81145,CARD_PAYMENT_GATEWAY,EXT-1897948,12228,32846.81,USD,MATCHED,,2026-09-12 16:59:14
81146,SWIFT_FIN,EXT-9531184,14608,11926.05,USD,MATCHED,,2026-09-12 23:12:34
81147,INTERNAL_LEDGER,EXT-1059827,11216,15574.37,USD,MATCHED,,2026-09-13 00:57:05
81148,SWIFT_FIN,EXT-8573833,11326,55559.72,USD,MATCHED,,2026-09-04 17:29:16
81149,CARD_PAYMENT_GATEWAY,EXT-1663823,13716,65406.95,USD,MATCHED,,2026-09-14 08:03:31
81150,CARD_PAYMENT_GATEWAY,EXT-8163578,13924,4840.28,USD,MATCHED,,2026-09-10 21:03:41
81151,CARD_PAYMENT_GATEWAY,EXT-1920445,11829,51081.61,USD,MATCHED,,2026-09-14 04:43:36
81152,SWIFT_FIN,EXT-1345443,12629,68507.62,USD,DISCREPANCY,AMOUNT_MISMATCH,2026-09-11 04:42:49
81153,SWIFT_FIN,EXT-1462742,14054,44294.83,USD,MATCHED,,2026-09-15 19:27:13
81154,FED_ACH_CLEARING,EXT-4732165,11917,55888.53,USD,MATCHED,,2026-09-13 11:37:05
81155,SWIFT_FIN,EXT-4870286,10476,34261.55,USD,DISCREPANCY,AMOUNT_MISMATCH,2026-09-09 14:45:18
81156,SWIFT_FIN,EXT-4308218,12330,14255.74,USD,MATCHED,,2026-09-16 03:34:36
81157,FED_ACH_CLEARING,EXT-9355772,13878,64884.15,USD,UNMATCHED,PENDING_SETTLEMENT_FILE,2026-09-12 17:26:28
81158,INTERNAL_LEDGER,EXT-2414027,11110,19389.33,USD,UNMATCHED,PENDING_SETTLEMENT_FILE,2026-09-05 18:37:32
81159,FED_ACH_CLEARING,EXT-7100440,10892,3229.52,USD,UNMATCHED,PENDING_SETTLEMENT_FILE,2026-09-15 19:12:45
81160,CARD_PAYMENT_GATEWAY,EXT-9890248,10698,22509.57,USD,MATCHED,,2026-09-06 04:38:49
81161,INTERNAL_LEDGER,EXT-1203424,13303,17875.69,USD,MATCHED,,2026-09-10 00:24:28
81162,SWIFT_FIN,EXT-7415588,13112,69338.94,USD,UNMATCHED,PENDING_SETTLEMENT_FILE,2026-09-12 21:06:11
81163,INTERNAL_LEDGER,EXT-8735299,14223,55656.1,USD,MATCHED,,2026-09-10 03:16:40
81164,INTERNAL_LEDGER,EXT-7003770,10159,7304.55,USD,MATCHED,,2026-09-17 13:25:20
81165,CARD_PAYMENT_GATEWAY,EXT-3980027,12940,40280.59,USD,MATCHED,,2026-09-15 02:22:59
81166,INTERNAL_LEDGER,EXT-8690815,14227,51974.11,USD,MATCHED,,2026-09-11 21:53:32
81167,CARD_PAYMENT_GATEWAY,EXT-2339949,13376,20128.35,USD,MATCHED,,2026-09-09 14:44:13
81168,SWIFT_FIN,EXT-8603515,13158,33259.11,USD,MATCHED,,2026-09-13 19:15:35
81169,INTERNAL_LEDGER,EXT-3140287,11955,67739.38,USD,UNMATCHED,PENDING_SETTLEMENT_FILE,2026-09-15 15:15:02
81170,CARD_PAYMENT_GATEWAY,EXT-5529265,12144,65027.57,USD,UNMATCHED,PENDING_SETTLEMENT_FILE,2026-09-12 17:15:03
81171,SWIFT_FIN,EXT-3509404,12064,67902.49,USD,MATCHED,,2026-09-06 08:42:32
81172,FED_ACH_CLEARING,EXT-9322831,14533,24148.2,USD,MATCHED,,2026-09-17 11:33:27
81173,FED_ACH_CLEARING,EXT-4587682,11408,40818.61,USD,UNMATCHED,PENDING_SETTLEMENT_FILE,2026-09-15 00:32:30
81174,CARD_PAYMENT_GATEWAY,EXT-2001698,13955,46810.26,USD,DISCREPANCY,FEE_DEDUCTION_VARIANCE,2026-09-11 03:33:57
81175,INTERNAL_LEDGER,EXT-6133038,11614,73016.13,USD,MATCHED,,2026-09-08 17:24:25
81176,SWIFT_FIN,EXT-7087784,10449,19990.07,USD,UNMATCHED,PENDING_SETTLEMENT_FILE,2026-09-12 19:38:13
81177,CARD_PAYMENT_GATEWAY,EXT-2043692,10675,24790.43,USD,UNMATCHED,PENDING_SETTLEMENT_FILE,2026-09-14 07:06:58
81178,SWIFT_FIN,EXT-8799510,12564,60252.71,USD,MATCHED,,2026-09-17 08:17:52
81179,CARD_PAYMENT_GATEWAY,EXT-2296003,14293,39900.08,USD,MATCHED,,2026-09-09 11:41:55
81180,CARD_PAYMENT_GATEWAY,EXT-5511940,11873,7372.79,USD,MATCHED,,2026-09-07 07:29:07
81181,FED_ACH_CLEARING,EXT-9836724,10615,55229.06,USD,MATCHED,,2026-09-06 22:38:37
81182,CARD_PAYMENT_GATEWAY,EXT-2013734,13038,83766.87,USD,MATCHED,,2026-09-14 13:58:47
81183,INTERNAL_LEDGER,EXT-4340369,13664,6733.01,USD,MATCHED,,2026-09-12 09:15:45
81184,SWIFT_FIN,EXT-5794138,12133,66116.2,USD,MATCHED,,2026-09-12 16:44:04
81185,FED_ACH_CLEARING,EXT-2316824,10392,1608.66,USD,MATCHED,,2026-09-13 05:50:05
81186,CARD_PAYMENT_GATEWAY,EXT-4332070,10652,61365.71,USD,DISCREPANCY,AMOUNT_MISMATCH,2026-09-13 06:47:04
81187,INTERNAL_LEDGER,EXT-7221356,11655,81035.63,USD,MATCHED,,2026-09-04 23:35:19
81188,FED_ACH_CLEARING,EXT-2067771,12176,83923.88,USD,MATCHED,,2026-09-13 22:48:36
81189,CARD_PAYMENT_GATEWAY,EXT-5630228,12633,25695.1,USD,MATCHED,,2026-09-04 15:00:14
81190,CARD_PAYMENT_GATEWAY,EXT-4261411,13383,1068.03,USD,MATCHED,,2026-09-13 12:45:26
81191,CARD_PAYMENT_GATEWAY,EXT-9600855,10786,21142.09,USD,UNMATCHED,PENDING_SETTLEMENT_FILE,2026-09-08 15:50:33
81192,FED_ACH_CLEARING,EXT-5567975,13923,45248.17,USD,DISCREPANCY,AMOUNT_MISMATCH,2026-09-16 00:52:16
81193,FED_ACH_CLEARING,EXT-2647658,12572,30904.03,USD,DISCREPANCY,FEE_DEDUCTION_VARIANCE,2026-09-09 22:31:17
81194,SWIFT_FIN,EXT-3547944,14347,79665.24,USD,MATCHED,,2026-09-06 00:44:06
81195,FED_ACH_CLEARING,EXT-5554062,14695,6001.01,USD,MATCHED,,2026-09-09 01:24:06
81196,FED_ACH_CLEARING,EXT-1202556,11333,71894.63,USD,DISCREPANCY,AMOUNT_MISMATCH,2026-09-14 07:08:50
81197,SWIFT_FIN,EXT-3156254,10820,45037.17,USD,MATCHED,,2026-09-16 18:05:14
81198,FED_ACH_CLEARING,EXT-3911688,10488,330.67,USD,MATCHED,,2026-09-08 13:24:27
81199,CARD_PAYMENT_GATEWAY,EXT-6332061,11566,61815.65,USD,MATCHED,,2026-09-17 09:31:46
81200,CARD_PAYMENT_GATEWAY,EXT-6250416,11859,60747.17,USD,UNMATCHED,PENDING_SETTLEMENT_FILE,2026-09-08 10:52:32
81201,FED_ACH_CLEARING,EXT-3614600,12537,7525.73,USD,DISCREPANCY,FEE_DEDUCTION_VARIANCE,2026-09-17 07:34:03
81202,SWIFT_FIN,EXT-5149504,10926,21087.48,USD,UNMATCHED,PENDING_SETTLEMENT_FILE,2026-09-14 09:01:07
81203,INTERNAL_LEDGER,EXT-4506800,12123,52714.12,USD,MATCHED,,2026-09-16 10:06:59
81204,SWIFT_FIN,EXT-4565696,10925,57012.98,USD,MATCHED,,2026-09-16 15:07:43
81205,INTERNAL_LEDGER,EXT-6552935,13621,66690.3,USD,MATCHED,,2026-09-05 22:09:15
81206,CARD_PAYMENT_GATEWAY,EXT-2794391,11850,40445.44,USD,UNMATCHED,PENDING_SETTLEMENT_FILE,2026-09-16 09:56:26
81207,CARD_PAYMENT_GATEWAY,EXT-3858989,10301,15746.31,USD,MATCHED,,2026-09-12 04:05:26
81208,FED_ACH_CLEARING,EXT-6431177,11735,17860.05,USD,MATCHED,,2026-09-05 07:34:59
81209,CARD_PAYMENT_GATEWAY,EXT-4538311,11050,59295.25,USD,MATCHED,,2026-09-07 04:35:02
81210,CARD_PAYMENT_GATEWAY,EXT-7874458,14962,51399.78,USD,MATCHED,,2026-09-16 23:11:01
81211,FED_ACH_CLEARING,EXT-6355902,12071,56566.07,USD,MATCHED,,2026-09-14 06:02:40
81212,CARD_PAYMENT_GATEWAY,EXT-3268668,12339,67959.12,USD,DISCREPANCY,FEE_DEDUCTION_VARIANCE,2026-09-15 08:04:28
81213,FED_ACH_CLEARING,EXT-3408716,11506,53858.06,USD,MATCHED,,2026-09-13 08:44:03
81214,FED_ACH_CLEARING,EXT-7448164,13358,64385.33,USD,UNMATCHED,PENDING_SETTLEMENT_FILE,2026-09-10 11:01:10
81215,FED_ACH_CLEARING,EXT-1483503,14096,57354.35,USD,UNMATCHED,PENDING_SETTLEMENT_FILE,2026-09-16 04:36:31
81216,INTERNAL_LEDGER,EXT-4527381,11753,69198.39,USD,MATCHED,,2026-09-09 15:29:15
81217,SWIFT_FIN,EXT-4096335,11248,63851.45,USD,MATCHED,,2026-09-07 04:27:36
81218,FED_ACH_CLEARING,EXT-1243144,12010,38322.06,USD,MATCHED,,2026-09-10 05:13:40
81219,FED_ACH_CLEARING,EXT-4262028,14356,68714.77,USD,MATCHED,,2026-09-16 18:15:31
81220,SWIFT_FIN,EXT-9403564,10398,82362.37,USD,MATCHED,,2026-09-09 20:33:06
81221,CARD_PAYMENT_GATEWAY,EXT-5381337,12844,83448.62,USD,MATCHED,,2026-09-10 21:01:29
81222,SWIFT_FIN,EXT-9667443,13409,38371.92,USD,MATCHED,,2026-09-12 06:56:46
81223,FED_ACH_CLEARING,EXT-5284630,12059,46149.54,USD,DISCREPANCY,FEE_DEDUCTION_VARIANCE,2026-09-07 02:15:39
81224,SWIFT_FIN,EXT-1987181,13497,80239.75,USD,MATCHED,,2026-09-10 22:17:31
81225,CARD_PAYMENT_GATEWAY,EXT-8529587,11137,32048.31,USD,MATCHED,,2026-09-15 16:23:58
81226,CARD_PAYMENT_GATEWAY,EXT-5810107,10115,82398.3,USD,DISCREPANCY,FEE_DEDUCTION_VARIANCE,2026-09-17 00:08:16
81227,FED_ACH_CLEARING,EXT-6846697,13668,37657.8,USD,MATCHED,,2026-09-12 08:56:59
81228,CARD_PAYMENT_GATEWAY,EXT-6325930,13902,47705.19,USD,DISCREPANCY,TIMESTAMP_SLIPPAGE,2026-09-12 17:34:13
81229,INTERNAL_LEDGER,EXT-2982124,10865,53545.04,USD,MATCHED,,2026-09-11 01:25:24
81230,FED_ACH_CLEARING,EXT-7704532,10159,9713.05,USD,DISCREPANCY,TIMESTAMP_SLIPPAGE,2026-09-09 10:55:25
81231,CARD_PAYMENT_GATEWAY,EXT-4835668,12711,68690.27,USD,DISCREPANCY,AMOUNT_MISMATCH,2026-09-09 18:19:38
81232,INTERNAL_LEDGER,EXT-3672952,12931,64928.27,USD,DISCREPANCY,TIMESTAMP_SLIPPAGE,2026-09-06 02:53:57
81233,SWIFT_FIN,EXT-8712881,11151,78467.99,USD,MATCHED,,2026-09-13 08:22:59
81234,INTERNAL_LEDGER,EXT-7252441,13921,21055.23,USD,UNMATCHED,PENDING_SETTLEMENT_FILE,2026-09-10 14:38:21
81235,INTERNAL_LEDGER,EXT-4969698,10028,64167.21,USD,UNMATCHED,PENDING_SETTLEMENT_FILE,2026-09-05 13:35:50
81236,SWIFT_FIN,EXT-7868780,11754,19673.78,USD,MATCHED,,2026-09-13 18:21:11
81237,CARD_PAYMENT_GATEWAY,EXT-5340545,13783,42180.65,USD,DISCREPANCY,AMOUNT_MISMATCH,2026-09-14 19:32:24
81238,CARD_PAYMENT_GATEWAY,EXT-4297185,13177,62128.58,USD,MATCHED,,2026-09-13 12:36:57
81239,INTERNAL_LEDGER,EXT-7777527,12860,9860.35,USD,UNMATCHED,PENDING_SETTLEMENT_FILE,2026-09-07 19:31:28
81240,SWIFT_FIN,EXT-4084877,10539,73375.96,USD,MATCHED,,2026-09-11 09:38:03
81241,SWIFT_FIN,EXT-7427502,11176,44141.22,USD,DISCREPANCY,TIMESTAMP_SLIPPAGE,2026-09-09 05:33:35
81242,INTERNAL_LEDGER,EXT-3198161,14602,53447.34,USD,MATCHED,,2026-09-16 06:19:13
81243,CARD_PAYMENT_GATEWAY,EXT-3387966,14612,14294.51,USD,MATCHED,,2026-09-17 08:31:52
81244,INTERNAL_LEDGER,EXT-2356011,13681,6178.81,USD,UNMATCHED,PENDING_SETTLEMENT_FILE,2026-09-15 00:19:27
81245,INTERNAL_LEDGER,EXT-4964811,13332,62481.88,USD,DISCREPANCY,FEE_DEDUCTION_VARIANCE,2026-09-10 09:47:08
81246,SWIFT_FIN,EXT-1928839,14516,34509.03,USD,MATCHED,,2026-09-06 00:07:10
81247,CARD_PAYMENT_GATEWAY,EXT-8630694,14649,74720.43,USD,MATCHED,,2026-09-04 12:17:21
81248,FED_ACH_CLEARING,EXT-2329360,10290,26971.93,USD,DISCREPANCY,TIMESTAMP_SLIPPAGE,2026-09-13 13:08:20
81249,SWIFT_FIN,EXT-7207955,14935,3081.1,USD,DISCREPANCY,TIMESTAMP_SLIPPAGE,2026-09-14 04:34:52
81250,INTERNAL_LEDGER,EXT-8373619,10871,59855.01,USD,MATCHED,,2026-09-03 20:47:38
81251,INTERNAL_LEDGER,EXT-6154428,12197,6714.4,USD,DISCREPANCY,FEE_DEDUCTION_VARIANCE,2026-09-17 19:30:53
81252,FED_ACH_CLEARING,EXT-4167668,12921,53244.02,USD,DISCREPANCY,AMOUNT_MISMATCH,2026-09-05 16:45:53
81253,CARD_PAYMENT_GATEWAY,EXT-9263753,11016,65165.88,USD,MATCHED,,2026-09-12 18:26:22
81254,CARD_PAYMENT_GATEWAY,EXT-7527006,10001,22717.79,USD,DISCREPANCY,FEE_DEDUCTION_VARIANCE,2026-09-07 13:41:57
81255,CARD_PAYMENT_GATEWAY,EXT-6074419,11533,83785.15,USD,MATCHED,,2026-09-11 00:43:36
81256,SWIFT_FIN,EXT-3731479,12669,60758.96,USD,DISCREPANCY,FEE_DEDUCTION_VARIANCE,2026-09-05 10:55:41
81257,SWIFT_FIN,EXT-4492926,10166,22683.16,USD,MATCHED,,2026-09-09 16:30:04
81258,INTERNAL_LEDGER,EXT-7537447,10071,17054.94,USD,MATCHED,,2026-09-13 21:05:38
81259,INTERNAL_LEDGER,EXT-6233866,12880,78622.75,USD,DISCREPANCY,TIMESTAMP_SLIPPAGE,2026-09-09 20:59:56
81260,INTERNAL_LEDGER,EXT-3524182,14136,57189.55,USD,MATCHED,,2026-09-04 08:41:50
81261,SWIFT_FIN,EXT-8722443,10959,25759.79,USD,MATCHED,,2026-09-12 00:52:34
81262,CARD_PAYMENT_GATEWAY,EXT-6443042,14370,69496.8,USD,UNMATCHED,PENDING_SETTLEMENT_FILE,2026-09-06 14:13:56
81263,FED_ACH_CLEARING,EXT-1467496,11810,41686.88,USD,DISCREPANCY,TIMESTAMP_SLIPPAGE,2026-09-07 15:28:24
81264,INTERNAL_LEDGER,EXT-5457655,11454,76044.06,USD,MATCHED,,2026-09-16 11:53:01
81265,FED_ACH_CLEARING,EXT-2431630,13725,4800.35,USD,DISCREPANCY,TIMESTAMP_SLIPPAGE,2026-09-11 17:39:02
81266,CARD_PAYMENT_GATEWAY,EXT-8636582,10776,8699.68,USD,MATCHED,,2026-09-16 14:32:10
81267,CARD_PAYMENT_GATEWAY,EXT-1618058,11884,77827.94,USD,MATCHED,,2026-09-03 20:41:48
81268,CARD_PAYMENT_GATEWAY,EXT-3254303,10917,52558.63,USD,MATCHED,,2026-09-13 07:02:32
81269,CARD_PAYMENT_GATEWAY,EXT-9238118,14103,79212.8,USD,MATCHED,,2026-09-04 06:26:58
81270,INTERNAL_LEDGER,EXT-4739100,11024,58462.64,USD,MATCHED,,2026-09-10 14:41:01
81271,INTERNAL_LEDGER,EXT-5958711,12240,10319.11,USD,MATCHED,,2026-09-07 23:35:04
81272,SWIFT_FIN,EXT-2537800,13364,31216.38,USD,MATCHED,,2026-09-05 02:11:32
81273,INTERNAL_LEDGER,EXT-5976184,12014,59773.48,USD,MATCHED,,2026-09-15 15:53:43
81274,FED_ACH_CLEARING,EXT-6161755,12703,30100.91,USD,UNMATCHED,PENDING_SETTLEMENT_FILE,2026-09-13 02:54:09
81275,INTERNAL_LEDGER,EXT-3294052,11640,72297.53,USD,MATCHED,,2026-09-17 05:49:24
81276,INTERNAL_LEDGER,EXT-5136688,12463,43344.4,USD,DISCREPANCY,TIMESTAMP_SLIPPAGE,2026-09-15 22:40:45
81277,INTERNAL_LEDGER,EXT-9793459,12978,59280.09,USD,MATCHED,,2026-09-05 18:24:58
81278,INTERNAL_LEDGER,EXT-3910735,12457,70582.88,USD,MATCHED,,2026-09-14 02:14:15
81279,FED_ACH_CLEARING,EXT-5995581,11021,42853.39,USD,MATCHED,,2026-09-16 18:55:16
81280,SWIFT_FIN,EXT-9406841,11077,2457.99,USD,MATCHED,,2026-09-06 06:31:46
81281,CARD_PAYMENT_GATEWAY,EXT-7911172,10331,69495.32,USD,DISCREPANCY,AMOUNT_MISMATCH,2026-09-08 11:49:09
81282,INTERNAL_LEDGER,EXT-1135878,14219,55338.59,USD,MATCHED,,2026-09-08 07:39:32
81283,FED_ACH_CLEARING,EXT-3311394,12333,31805.45,USD,DISCREPANCY,AMOUNT_MISMATCH,2026-09-13 10:54:52
81284,INTERNAL_LEDGER,EXT-5508260,12121,69289.1,USD,MATCHED,,2026-09-04 05:05:07
81285,INTERNAL_LEDGER,EXT-7747309,14093,83094.1,USD,MATCHED,,2026-09-07 13:04:41
81286,INTERNAL_LEDGER,EXT-8064393,12643,8552.58,USD,MATCHED,,2026-09-15 15:15:33
81287,SWIFT_FIN,EXT-6690325,13405,46423.23,USD,MATCHED,,2026-09-14 11:14:13
81288,FED_ACH_CLEARING,EXT-5299458,14544,32855.34,USD,MATCHED,,2026-09-13 17:42:32
81289,SWIFT_FIN,EXT-4824268,10320,67446.27,USD,MATCHED,,2026-09-08 02:17:55
81290,SWIFT_FIN,EXT-6540075,10932,56749.5,USD,MATCHED,,2026-09-13 15:50:41
81291,SWIFT_FIN,EXT-8651210,12519,47983.86,USD,MATCHED,,2026-09-16 15:09:36
81292,SWIFT_FIN,EXT-1147159,11384,38743.42,USD,UNMATCHED,PENDING_SETTLEMENT_FILE,2026-09-06 01:57:27
81293,FED_ACH_CLEARING,EXT-5172335,12150,15445.38,USD,MATCHED,,2026-09-05 15:38:08
81294,SWIFT_FIN,EXT-7979024,11275,5109.53,USD,MATCHED,,2026-09-16 10:03:15
81295,CARD_PAYMENT_GATEWAY,EXT-1213636,12772,22072.88,USD,DISCREPANCY,TIMESTAMP_SLIPPAGE,2026-09-15 02:53:38
81296,SWIFT_FIN,EXT-3668794,11234,68512.45,USD,MATCHED,,2026-09-15 22:48:44
81297,SWIFT_FIN,EXT-7312138,11783,24619.36,USD,MATCHED,,2026-09-15 12:42:03
81298,CARD_PAYMENT_GATEWAY,EXT-7322948,12517,61965.81,USD,MATCHED,,2026-09-10 10:10:06
81299,CARD_PAYMENT_GATEWAY,EXT-7178023,13013,39015.4,USD,MATCHED,,2026-09-13 11:06:43
81300,SWIFT_FIN,EXT-9643250,12170,57327.32,USD,DISCREPANCY,TIMESTAMP_SLIPPAGE,2026-09-09 03:06:41
81301,FED_ACH_CLEARING,EXT-8537133,12890,79521.72,USD,DISCREPANCY,TIMESTAMP_SLIPPAGE,2026-09-03 23:28:26
81302,CARD_PAYMENT_GATEWAY,EXT-4439075,10654,40663.05,USD,UNMATCHED,PENDING_SETTLEMENT_FILE,2026-09-15 12:47:51
81303,SWIFT_FIN,EXT-6568665,13531,16989.99,USD,MATCHED,,2026-09-10 22:47:28
81304,SWIFT_FIN,EXT-2083672,11812,82189.77,USD,MATCHED,,2026-09-11 01:01:49
81305,FED_ACH_CLEARING,EXT-2700301,13250,30620.6,USD,MATCHED,,2026-09-16 05:10:46
81306,FED_ACH_CLEARING,EXT-6739521,10996,1060.97,USD,UNMATCHED,PENDING_SETTLEMENT_FILE,2026-09-05 15:18:05
81307,SWIFT_FIN,EXT-2989044,11531,69715.67,USD,MATCHED,,2026-09-14 08:00:22
81308,FED_ACH_CLEARING,EXT-3758393,14785,42388.82,USD,DISCREPANCY,FEE_DEDUCTION_VARIANCE,2026-09-09 20:19:38
81309,CARD_PAYMENT_GATEWAY,EXT-3218018,10061,19135.15,USD,MATCHED,,2026-09-08 21:01:10
81310,INTERNAL_LEDGER,EXT-8159799,12713,64246.81,USD,DISCREPANCY,AMOUNT_MISMATCH,2026-09-07 02:09:40
81311,INTERNAL_LEDGER,EXT-1524383,12621,1261.56,USD,UNMATCHED,PENDING_SETTLEMENT_FILE,2026-09-13 18:37:42
81312,FED_ACH_CLEARING,EXT-1810539,11163,33641.82,USD,MATCHED,,2026-09-06 05:54:43
81313,SWIFT_FIN,EXT-2678928,11352,83043.53,USD,MATCHED,,2026-09-04 18:47:14
81314,FED_ACH_CLEARING,EXT-2525349,14975,35394.02,USD,DISCREPANCY,TIMESTAMP_SLIPPAGE,2026-09-16 23:41:24
81315,FED_ACH_CLEARING,EXT-4370905,13525,74997.51,USD,MATCHED,,2026-09-07 08:24:59
81316,SWIFT_FIN,EXT-4850830,13758,65689.73,USD,UNMATCHED,PENDING_SETTLEMENT_FILE,2026-09-13 15:12:37
81317,SWIFT_FIN,EXT-9100908,10212,11884.43,USD,UNMATCHED,PENDING_SETTLEMENT_FILE,2026-09-14 12:01:22
81318,FED_ACH_CLEARING,EXT-2348654,13452,74474.91,USD,DISCREPANCY,TIMESTAMP_SLIPPAGE,2026-09-15 11:25:38
81319,SWIFT_FIN,EXT-7802518,10452,76315.11,USD,MATCHED,,2026-09-09 07:11:29
81320,SWIFT_FIN,EXT-8754168,12376,34570.45,USD,MATCHED,,2026-09-15 05:13:48
81321,SWIFT_FIN,EXT-8444638,10561,56296.66,USD,MATCHED,,2026-09-05 17:25:57
81322,CARD_PAYMENT_GATEWAY,EXT-9715849,10438,8723.01,USD,MATCHED,,2026-09-17 03:23:30
81323,FED_ACH_CLEARING,EXT-8436890,13232,82206.55,USD,DISCREPANCY,AMOUNT_MISMATCH,2026-09-06 12:54:47
81324,CARD_PAYMENT_GATEWAY,EXT-9144128,11016,2258.68,USD,DISCREPANCY,FEE_DEDUCTION_VARIANCE,2026-09-04 23:23:54
81325,INTERNAL_LEDGER,EXT-6190532,11635,43863.07,USD,DISCREPANCY,AMOUNT_MISMATCH,2026-09-16 18:17:15
81326,INTERNAL_LEDGER,EXT-5878424,10796,75643.82,USD,DISCREPANCY,AMOUNT_MISMATCH,2026-09-14 22:38:47
81327,FED_ACH_CLEARING,EXT-6867420,13726,69886.35,USD,MATCHED,,2026-09-08 13:06:46
81328,INTERNAL_LEDGER,EXT-7557447,12982,29943.19,USD,MATCHED,,2026-09-09 04:44:39
81329,INTERNAL_LEDGER,EXT-2492749,12941,9845.17,USD,DISCREPANCY,FEE_DEDUCTION_VARIANCE,2026-09-17 18:47:05
81330,INTERNAL_LEDGER,EXT-4257837,14135,49374.85,USD,UNMATCHED,PENDING_SETTLEMENT_FILE,2026-09-13 20:28:21
81331,INTERNAL_LEDGER,EXT-7551773,12634,63498.24,USD,MATCHED,,2026-09-16 20:43:24
81332,CARD_PAYMENT_GATEWAY,EXT-1910220,11561,65331.58,USD,MATCHED,,2026-09-10 06:14:48
81333,SWIFT_FIN,EXT-4712434,14506,71482.34,USD,MATCHED,,2026-09-06 01:00:59
81334,CARD_PAYMENT_GATEWAY,EXT-3208323,10572,63856.58,USD,MATCHED,,2026-09-13 00:28:45
81335,FED_ACH_CLEARING,EXT-9979291,13835,61131.21,USD,MATCHED,,2026-09-13 14:16:50
81336,SWIFT_FIN,EXT-4613877,12525,45108.37,USD,MATCHED,,2026-09-04 19:16:32
81337,FED_ACH_CLEARING,EXT-1853607,12213,43487.79,USD,MATCHED,,2026-09-12 02:54:13
81338,FED_ACH_CLEARING,EXT-6555769,13026,62203.99,USD,UNMATCHED,PENDING_SETTLEMENT_FILE,2026-09-09 15:04:26
81339,CARD_PAYMENT_GATEWAY,EXT-5392721,12657,39319.87,USD,MATCHED,,2026-09-06 22:41:16
81340,FED_ACH_CLEARING,EXT-1804374,14638,27495.79,USD,MATCHED,,2026-09-04 17:55:31
81341,SWIFT_FIN,EXT-1713636,13338,53638.56,USD,DISCREPANCY,AMOUNT_MISMATCH,2026-09-04 20:32:05
81342,SWIFT_FIN,EXT-6711713,13903,19258.04,USD,UNMATCHED,PENDING_SETTLEMENT_FILE,2026-09-06 16:29:01
81343,SWIFT_FIN,EXT-6387376,13509,13076.8,USD,UNMATCHED,PENDING_SETTLEMENT_FILE,2026-09-16 09:14:16
81344,CARD_PAYMENT_GATEWAY,EXT-1597332,12565,44260.13,USD,MATCHED,,2026-09-09 20:33:30
81345,SWIFT_FIN,EXT-2164308,13678,881.56,USD,MATCHED,,2026-09-07 14:05:48
81346,FED_ACH_CLEARING,EXT-7665242,14914,21932.26,USD,MATCHED,,2026-09-17 12:12:55
81347,INTERNAL_LEDGER,EXT-2502888,13371,22455.9,USD,UNMATCHED,PENDING_SETTLEMENT_FILE,2026-09-04 15:05:11
81348,SWIFT_FIN,EXT-7254032,13911,57485.39,USD,UNMATCHED,PENDING_SETTLEMENT_FILE,2026-09-17 00:40:09
81349,INTERNAL_LEDGER,EXT-6168673,10147,65279.31,USD,MATCHED,,2026-09-05 15:40:03
81350,FED_ACH_CLEARING,EXT-8563209,14462,43035.81,USD,MATCHED,,2026-09-15 20:54:38
81351,INTERNAL_LEDGER,EXT-8964067,12896,28232.51,USD,MATCHED,,2026-09-13 01:45:17
81352,INTERNAL_LEDGER,EXT-7377190,12099,73508.68,USD,UNMATCHED,PENDING_SETTLEMENT_FILE,2026-09-13 11:29:50
81353,INTERNAL_LEDGER,EXT-8933598,14285,20439.91,USD,MATCHED,,2026-09-12 07:09:19
81354,INTERNAL_LEDGER,EXT-3099087,14222,40898.5,USD,MATCHED,,2026-09-10 18:34:26
81355,SWIFT_FIN,EXT-5441282,12963,62730.55,USD,DISCREPANCY,AMOUNT_MISMATCH,2026-09-04 08:29:23
81356,SWIFT_FIN,EXT-1602821,12469,27848.88,USD,MATCHED,,2026-09-06 09:50:08
81357,INTERNAL_LEDGER,EXT-2133412,13819,54166.62,USD,MATCHED,,2026-09-07 18:07:03
81358,CARD_PAYMENT_GATEWAY,EXT-3503298,12271,66764.58,USD,MATCHED,,2026-09-11 16:06:53
81359,FED_ACH_CLEARING,EXT-9270231,11184,52324.09,USD,MATCHED,,2026-09-14 12:34:00
81360,SWIFT_FIN,EXT-3514425,10590,31523.79,USD,DISCREPANCY,FEE_DEDUCTION_VARIANCE,2026-09-05 04:26:37
81361,CARD_PAYMENT_GATEWAY,EXT-7034600,12570,28765.8,USD,DISCREPANCY,FEE_DEDUCTION_VARIANCE,2026-09-08 12:34:19
81362,FED_ACH_CLEARING,EXT-7909407,12212,43796.96,USD,MATCHED,,2026-09-17 16:46:11
81363,CARD_PAYMENT_GATEWAY,EXT-8098043,12639,23382.28,USD,MATCHED,,2026-09-16 00:08:22
81364,CARD_PAYMENT_GATEWAY,EXT-8343462,14176,56006.26,USD,MATCHED,,2026-09-07 21:46:37
81365,SWIFT_FIN,EXT-9659526,12070,69687.9,USD,MATCHED,,2026-09-09 13:12:06
81366,INTERNAL_LEDGER,EXT-4203573,13534,16558.64,USD,MATCHED,,2026-09-06 21:30:23
81367,CARD_PAYMENT_GATEWAY,EXT-8542975,11496,38664.51,USD,MATCHED,,2026-09-11 17:49:58
81368,INTERNAL_LEDGER,EXT-6143020,13506,28225.75,USD,MATCHED,,2026-09-08 22:59:03
81369,FED_ACH_CLEARING,EXT-9841557,14845,29056.56,USD,MATCHED,,2026-09-15 14:17:40
81370,SWIFT_FIN,EXT-8432850,12116,82176.86,USD,DISCREPANCY,TIMESTAMP_SLIPPAGE,2026-09-13 18:31:24
81371,CARD_PAYMENT_GATEWAY,EXT-3073365,12791,35232.85,USD,DISCREPANCY,TIMESTAMP_SLIPPAGE,2026-09-09 02:37:18
81372,SWIFT_FIN,EXT-5660638,13795,21931.73,USD,UNMATCHED,PENDING_SETTLEMENT_FILE,2026-09-12 22:24:03
81373,FED_ACH_CLEARING,EXT-4142913,10005,15350.94,USD,MATCHED,,2026-09-12 18:12:48
81374,CARD_PAYMENT_GATEWAY,EXT-4126743,13442,38691.54,USD,MATCHED,,2026-09-04 04:42:59
81375,CARD_PAYMENT_GATEWAY,EXT-2390852,12890,23157.11,USD,MATCHED,,2026-09-12 01:09:58
81376,CARD_PAYMENT_GATEWAY,EXT-6429447,11288,42725.87,USD,MATCHED,,2026-09-17 00:33:07
81377,CARD_PAYMENT_GATEWAY,EXT-9766792,12292,62412.19,USD,MATCHED,,2026-09-17 11:07:06
81378,SWIFT_FIN,EXT-4420705,11703,71368.22,USD,MATCHED,,2026-09-09 20:09:54
81379,INTERNAL_LEDGER,EXT-8666824,12488,24003.62,USD,MATCHED,,2026-09-15 13:44:25
81380,FED_ACH_CLEARING,EXT-4956378,10529,66266.97,USD,MATCHED,,2026-09-14 14:52:10
81381,SWIFT_FIN,EXT-9163249,10607,45050.22,USD,MATCHED,,2026-09-12 08:52:39
81382,SWIFT_FIN,EXT-4536617,10681,3434.62,USD,MATCHED,,2026-09-08 21:22:12
81383,CARD_PAYMENT_GATEWAY,EXT-8765711,14371,81838.41,USD,MATCHED,,2026-09-08 22:07:25
81384,CARD_PAYMENT_GATEWAY,EXT-2774568,12989,81789.74,USD,MATCHED,,2026-09-11 02:59:23
81385,FED_ACH_CLEARING,EXT-6677990,13931,12326.48,USD,MATCHED,,2026-09-17 01:32:47
81386,SWIFT_FIN,EXT-8319200,10083,17390.44,USD,DISCREPANCY,FEE_DEDUCTION_VARIANCE,2026-09-07 04:07:26
81387,INTERNAL_LEDGER,EXT-9941483,13615,78316.91,USD,MATCHED,,2026-09-11 13:14:17
81388,SWIFT_FIN,EXT-5548336,14813,77245.78,USD,UNMATCHED,PENDING_SETTLEMENT_FILE,2026-09-06 03:45:57
81389,SWIFT_FIN,EXT-8124752,13277,65433.13,USD,MATCHED,,2026-09-09 04:22:56
81390,FED_ACH_CLEARING,EXT-1323842,10290,27441.44,USD,DISCREPANCY,FEE_DEDUCTION_VARIANCE,2026-09-16 14:17:10
81391,SWIFT_FIN,EXT-8349983,11729,6732.13,USD,MATCHED,,2026-09-07 02:56:23
81392,FED_ACH_CLEARING,EXT-2776388,13021,4294.72,USD,MATCHED,,2026-09-17 04:26:12
81393,CARD_PAYMENT_GATEWAY,EXT-8937160,12156,53636.52,USD,MATCHED,,2026-09-04 07:43:31
81394,FED_ACH_CLEARING,EXT-9411099,10357,57716.29,USD,MATCHED,,2026-09-13 22:34:40
81395,INTERNAL_LEDGER,EXT-1027289,13758,73979.82,USD,DISCREPANCY,FEE_DEDUCTION_VARIANCE,2026-09-13 10:57:19
81396,FED_ACH_CLEARING,EXT-8987277,12115,60236.17,USD,DISCREPANCY,TIMESTAMP_SLIPPAGE,2026-09-16 04:48:36
81397,SWIFT_FIN,EXT-7872438,13755,81289.95,USD,DISCREPANCY,TIMESTAMP_SLIPPAGE,2026-09-07 22:18:18
81398,FED_ACH_CLEARING,EXT-1146491,14902,18288.29,USD,MATCHED,,2026-09-11 15:16:48
81399,CARD_PAYMENT_GATEWAY,EXT-9018303,13170,51311.03,USD,MATCHED,,2026-09-16 14:31:28
81400,FED_ACH_CLEARING,EXT-7142744,14178,62065.43,USD,MATCHED,,2026-09-14 02:22:40
81401,INTERNAL_LEDGER,EXT-8141978,12435,48290.59,USD,UNMATCHED,PENDING_SETTLEMENT_FILE,2026-09-04 06:56:01
81402,INTERNAL_LEDGER,EXT-9046642,12576,20035.97,USD,MATCHED,,2026-09-10 09:39:34
81403,SWIFT_FIN,EXT-4917050,13918,53492.39,USD,MATCHED,,2026-09-15 17:38:25
81404,INTERNAL_LEDGER,EXT-6748962,12134,64063.26,USD,MATCHED,,2026-09-14 21:36:15
81405,CARD_PAYMENT_GATEWAY,EXT-5157467,14754,73361.0,USD,MATCHED,,2026-09-10 10:15:08
81406,SWIFT_FIN,EXT-6676941,11150,7917.73,USD,UNMATCHED,PENDING_SETTLEMENT_FILE,2026-09-06 06:51:36
81407,FED_ACH_CLEARING,EXT-4084350,12423,11860.36,USD,UNMATCHED,PENDING_SETTLEMENT_FILE,2026-09-08 15:14:42
81408,CARD_PAYMENT_GATEWAY,EXT-2600706,11609,401.54,USD,MATCHED,,2026-09-09 21:26:36
81409,FED_ACH_CLEARING,EXT-6032328,13567,6995.92,USD,MATCHED,,2026-09-13 03:55:55
81410,SWIFT_FIN,EXT-9052266,13799,77043.69,USD,MATCHED,,2026-09-14 14:24:10
81411,INTERNAL_LEDGER,EXT-9018219,10486,24947.04,USD,MATCHED,,2026-09-04 06:52:30
81412,INTERNAL_LEDGER,EXT-1994001,13545,77289.79,USD,MATCHED,,2026-09-14 08:07:30
81413,CARD_PAYMENT_GATEWAY,EXT-1989259,10108,78634.7,USD,MATCHED,,2026-09-17 07:30:22
81414,CARD_PAYMENT_GATEWAY,EXT-7397809,13197,30180.25,USD,MATCHED,,2026-09-10 07:14:44
81415,FED_ACH_CLEARING,EXT-4176577,12549,83797.5,USD,DISCREPANCY,TIMESTAMP_SLIPPAGE,2026-09-06 20:46:12
81416,SWIFT_FIN,EXT-2133374,12018,40017.09,USD,MATCHED,,2026-09-16 06:25:30
81417,INTERNAL_LEDGER,EXT-3487852,14195,68887.6,USD,MATCHED,,2026-09-07 03:18:51
81418,FED_ACH_CLEARING,EXT-4028418,10201,31077.94,USD,DISCREPANCY,TIMESTAMP_SLIPPAGE,2026-09-04 13:06:10
81419,SWIFT_FIN,EXT-5057672,10133,14882.68,USD,DISCREPANCY,FEE_DEDUCTION_VARIANCE,2026-09-17 00:27:42
81420,CARD_PAYMENT_GATEWAY,EXT-4343844,12692,28717.42,USD,MATCHED,,2026-09-04 03:33:43
81421,CARD_PAYMENT_GATEWAY,EXT-6063840,12138,78847.51,USD,MATCHED,,2026-09-14 03:19:01
81422,CARD_PAYMENT_GATEWAY,EXT-5409382,14240,2958.78,USD,DISCREPANCY,TIMESTAMP_SLIPPAGE,2026-09-14 16:14:22
81423,INTERNAL_LEDGER,EXT-8310146,14497,81491.35,USD,UNMATCHED,PENDING_SETTLEMENT_FILE,2026-09-05 14:54:54
81424,FED_ACH_CLEARING,EXT-1003377,14881,36381.09,USD,MATCHED,,2026-09-07 06:04:03
81425,CARD_PAYMENT_GATEWAY,EXT-4640666,11732,66609.71,USD,MATCHED,,2026-09-10 00:07:08
81426,CARD_PAYMENT_GATEWAY,EXT-4795032,13754,7914.89,USD,MATCHED,,2026-09-11 14:24:39
81427,FED_ACH_CLEARING,EXT-3718372,12055,56337.79,USD,MATCHED,,2026-09-08 00:18:19
81428,FED_ACH_CLEARING,EXT-4936645,13925,68456.01,USD,MATCHED,,2026-09-13 05:43:08
81429,FED_ACH_CLEARING,EXT-8395685,12184,26696.68,USD,MATCHED,,2026-09-05 00:30:55
81430,SWIFT_FIN,EXT-7394177,13138,13847.45,USD,MATCHED,,2026-09-13 23:13:37
81431,SWIFT_FIN,EXT-3623511,12492,81070.24,USD,MATCHED,,2026-09-09 06:31:34
81432,INTERNAL_LEDGER,EXT-2789432,12741,40580.22,USD,DISCREPANCY,FEE_DEDUCTION_VARIANCE,2026-09-06 09:04:43
81433,CARD_PAYMENT_GATEWAY,EXT-8554230,13533,48645.17,USD,DISCREPANCY,AMOUNT_MISMATCH,2026-09-08 15:07:26
81434,FED_ACH_CLEARING,EXT-8097885,14007,11501.14,USD,MATCHED,,2026-09-10 05:59:16
81435,FED_ACH_CLEARING,EXT-8897382,13783,12740.9,USD,MATCHED,,2026-09-16 20:31:44
81436,INTERNAL_LEDGER,EXT-1039454,14603,61697.01,USD,DISCREPANCY,FEE_DEDUCTION_VARIANCE,2026-09-17 19:18:53
81437,INTERNAL_LEDGER,EXT-6720832,13051,6964.18,USD,DISCREPANCY,FEE_DEDUCTION_VARIANCE,2026-09-11 22:36:30
81438,SWIFT_FIN,EXT-1057798,12413,26477.3,USD,UNMATCHED,PENDING_SETTLEMENT_FILE,2026-09-07 02:36:39
81439,INTERNAL_LEDGER,EXT-5955109,11414,63017.85,USD,UNMATCHED,PENDING_SETTLEMENT_FILE,2026-09-13 20:27:13
81440,INTERNAL_LEDGER,EXT-4994227,14365,18447.32,USD,UNMATCHED,PENDING_SETTLEMENT_FILE,2026-09-05 16:20:49
81441,SWIFT_FIN,EXT-8826458,14817,29431.15,USD,DISCREPANCY,FEE_DEDUCTION_VARIANCE,2026-09-11 20:21:43
81442,CARD_PAYMENT_GATEWAY,EXT-2190812,13917,32329.63,USD,UNMATCHED,PENDING_SETTLEMENT_FILE,2026-09-08 12:07:04
81443,FED_ACH_CLEARING,EXT-6618623,14151,76797.45,USD,UNMATCHED,PENDING_SETTLEMENT_FILE,2026-09-06 01:57:13
81444,FED_ACH_CLEARING,EXT-4418918,10829,48038.77,USD,DISCREPANCY,TIMESTAMP_SLIPPAGE,2026-09-08 11:42:36
81445,CARD_PAYMENT_GATEWAY,EXT-4334228,13488,51404.33,USD,DISCREPANCY,AMOUNT_MISMATCH,2026-09-16 03:34:11
81446,FED_ACH_CLEARING,EXT-5905613,14562,22787.76,USD,UNMATCHED,PENDING_SETTLEMENT_FILE,2026-09-09 09:37:49
81447,SWIFT_FIN,EXT-6900139,14081,34450.27,USD,DISCREPANCY,AMOUNT_MISMATCH,2026-09-15 00:14:29
81448,INTERNAL_LEDGER,EXT-6400467,14912,69513.52,USD,MATCHED,,2026-09-09 10:23:42
81449,CARD_PAYMENT_GATEWAY,EXT-5645934,13855,34731.78,USD,DISCREPANCY,AMOUNT_MISMATCH,2026-09-04 20:42:10
81450,CARD_PAYMENT_GATEWAY,EXT-4632573,12072,37545.19,USD,MATCHED,,2026-09-15 19:16:04
81451,SWIFT_FIN,EXT-1608683,10835,80030.63,USD,MATCHED,,2026-09-09 04:37:18
81452,CARD_PAYMENT_GATEWAY,EXT-2377755,10216,5853.36,USD,MATCHED,,2026-09-08 19:22:44
81453,INTERNAL_LEDGER,EXT-8243630,11285,44877.69,USD,DISCREPANCY,FEE_DEDUCTION_VARIANCE,2026-09-14 12:49:26
81454,FED_ACH_CLEARING,EXT-6782421,12465,50660.59,USD,MATCHED,,2026-09-16 01:38:50
81455,CARD_PAYMENT_GATEWAY,EXT-6370622,13543,58104.94,USD,MATCHED,,2026-09-09 02:39:42
81456,INTERNAL_LEDGER,EXT-4151906,11678,6668.07,USD,MATCHED,,2026-09-15 13:57:34
81457,SWIFT_FIN,EXT-3713439,13378,18704.12,USD,MATCHED,,2026-09-09 12:38:13
81458,INTERNAL_LEDGER,EXT-1175907,13831,18422.04,USD,MATCHED,,2026-09-12 03:04:59
81459,SWIFT_FIN,EXT-7249634,11482,60957.64,USD,MATCHED,,2026-09-04 04:27:13
81460,CARD_PAYMENT_GATEWAY,EXT-3585846,12152,27100.63,USD,MATCHED,,2026-09-11 08:42:46
81461,FED_ACH_CLEARING,EXT-8140293,14477,12645.15,USD,DISCREPANCY,FEE_DEDUCTION_VARIANCE,2026-09-12 21:13:40
81462,SWIFT_FIN,EXT-5835916,14136,34581.39,USD,DISCREPANCY,AMOUNT_MISMATCH,2026-09-12 21:28:24
81463,SWIFT_FIN,EXT-1828853,14260,69604.2,USD,DISCREPANCY,AMOUNT_MISMATCH,2026-09-11 16:02:25
81464,CARD_PAYMENT_GATEWAY,EXT-2577239,12419,1902.69,USD,UNMATCHED,PENDING_SETTLEMENT_FILE,2026-09-13 01:05:12
81465,INTERNAL_LEDGER,EXT-8971246,12398,19677.62,USD,MATCHED,,2026-09-06 08:09:57
81466,CARD_PAYMENT_GATEWAY,EXT-2894444,11780,39562.34,USD,MATCHED,,2026-09-06 20:46:39
81467,INTERNAL_LEDGER,EXT-2597521,11820,72135.36,USD,MATCHED,,2026-09-17 02:06:04
81468,CARD_PAYMENT_GATEWAY,EXT-5252847,13320,60483.66,USD,MATCHED,,2026-09-15 08:25:11
81469,CARD_PAYMENT_GATEWAY,EXT-4533191,14268,38087.28,USD,MATCHED,,2026-09-11 17:23:31
81470,FED_ACH_CLEARING,EXT-8951630,10295,37097.66,USD,MATCHED,,2026-09-14 18:27:55
81471,INTERNAL_LEDGER,EXT-3655190,13734,34411.62,USD,UNMATCHED,PENDING_SETTLEMENT_FILE,2026-09-03 20:08:59
81472,SWIFT_FIN,EXT-4436706,13796,13074.8,USD,MATCHED,,2026-09-14 07:34:26
81473,CARD_PAYMENT_GATEWAY,EXT-8642931,12825,18131.4,USD,MATCHED,,2026-09-13 14:41:58
81474,SWIFT_FIN,EXT-5870858,11424,48117.2,USD,MATCHED,,2026-09-13 03:05:53
81475,CARD_PAYMENT_GATEWAY,EXT-1073527,10116,50774.79,USD,MATCHED,,2026-09-03 20:43:57
81476,FED_ACH_CLEARING,EXT-6647393,11914,69026.58,USD,MATCHED,,2026-09-04 23:34:44
81477,CARD_PAYMENT_GATEWAY,EXT-1784030,11044,60414.97,USD,UNMATCHED,PENDING_SETTLEMENT_FILE,2026-09-10 00:06:36
81478,CARD_PAYMENT_GATEWAY,EXT-3959528,11850,6792.67,USD,MATCHED,,2026-09-13 13:44:41
81479,CARD_PAYMENT_GATEWAY,EXT-3522565,14096,71543.05,USD,MATCHED,,2026-09-13 23:00:01
81480,FED_ACH_CLEARING,EXT-2093248,14194,12105.81,USD,MATCHED,,2026-09-10 16:47:30
81481,CARD_PAYMENT_GATEWAY,EXT-2718743,13438,19162.2,USD,MATCHED,,2026-09-06 16:09:13
81482,CARD_PAYMENT_GATEWAY,EXT-6196137,10437,28552.72,USD,DISCREPANCY,AMOUNT_MISMATCH,2026-09-12 18:15:31
81483,FED_ACH_CLEARING,EXT-4101386,14314,26905.01,USD,MATCHED,,2026-09-15 19:27:40
81484,INTERNAL_LEDGER,EXT-9745127,12241,33443.03,USD,MATCHED,,2026-09-17 13:28:15
81485,CARD_PAYMENT_GATEWAY,EXT-4389727,12510,2253.11,USD,UNMATCHED,PENDING_SETTLEMENT_FILE,2026-09-07 12:19:37
81486,SWIFT_FIN,EXT-1720884,11883,60721.91,USD,UNMATCHED,PENDING_SETTLEMENT_FILE,2026-09-07 14:58:10
81487,SWIFT_FIN,EXT-9286386,11654,83516.21,USD,MATCHED,,2026-09-06 01:25:46
81488,SWIFT_FIN,EXT-9678945,13733,25834.48,USD,DISCREPANCY,AMOUNT_MISMATCH,2026-09-04 08:54:38
81489,CARD_PAYMENT_GATEWAY,EXT-6417524,12652,49986.89,USD,MATCHED,,2026-09-06 08:45:32
81490,SWIFT_FIN,EXT-6608513,10945,10922.84,USD,MATCHED,,2026-09-10 09:59:29
81491,SWIFT_FIN,EXT-2505933,14039,75184.76,USD,MATCHED,,2026-09-09 02:27:05
81492,SWIFT_FIN,EXT-9282359,10713,39324.78,USD,MATCHED,,2026-09-15 06:31:33
81493,FED_ACH_CLEARING,EXT-5666241,10340,27787.23,USD,DISCREPANCY,FEE_DEDUCTION_VARIANCE,2026-09-06 07:09:52
81494,CARD_PAYMENT_GATEWAY,EXT-4476816,12582,22442.0,USD,MATCHED,,2026-09-05 22:34:05
81495,FED_ACH_CLEARING,EXT-1188922,12589,11794.84,USD,MATCHED,,2026-09-08 18:21:51
81496,CARD_PAYMENT_GATEWAY,EXT-8670619,12890,59328.07,USD,MATCHED,,2026-09-17 06:24:35
81497,INTERNAL_LEDGER,EXT-2821725,13322,11295.11,USD,MATCHED,,2026-09-16 23:05:08
81498,SWIFT_FIN,EXT-2233776,10618,59947.9,USD,DISCREPANCY,FEE_DEDUCTION_VARIANCE,2026-09-15 17:32:50
81499,FED_ACH_CLEARING,EXT-2046981,11517,37069.95,USD,DISCREPANCY,FEE_DEDUCTION_VARIANCE,2026-09-07 09:42:05
81500,SWIFT_FIN,EXT-1711240,14633,66763.62,USD,MATCHED,,2026-09-06 16:16:24
81501,INTERNAL_LEDGER,EXT-8531476,13778,16549.4,USD,MATCHED,,2026-09-17 13:04:00
81502,FED_ACH_CLEARING,EXT-6487673,12905,40921.51,USD,MATCHED,,2026-09-13 00:47:29
81503,FED_ACH_CLEARING,EXT-1926366,13736,9680.72,USD,MATCHED,,2026-09-11 20:50:10
81504,CARD_PAYMENT_GATEWAY,EXT-6196317,13755,3709.13,USD,UNMATCHED,PENDING_SETTLEMENT_FILE,2026-09-05 13:34:02
81505,FED_ACH_CLEARING,EXT-8418136,10125,31694.73,USD,MATCHED,,2026-09-12 13:02:04
81506,FED_ACH_CLEARING,EXT-9944712,10092,59341.78,USD,MATCHED,,2026-09-08 10:02:31
81507,FED_ACH_CLEARING,EXT-3862165,12687,694.51,USD,DISCREPANCY,FEE_DEDUCTION_VARIANCE,2026-09-08 09:57:53
81508,FED_ACH_CLEARING,EXT-8897689,12991,83923.82,USD,MATCHED,,2026-09-12 06:45:15
81509,SWIFT_FIN,EXT-9731416,11513,42035.63,USD,MATCHED,,2026-09-11 19:34:18
81510,CARD_PAYMENT_GATEWAY,EXT-8249066,11522,18771.45,USD,MATCHED,,2026-09-11 13:41:19
81511,SWIFT_FIN,EXT-4757309,11140,46467.22,USD,MATCHED,,2026-09-05 07:33:49
81512,SWIFT_FIN,EXT-8993104,14863,83016.36,USD,MATCHED,,2026-09-06 16:22:39
81513,INTERNAL_LEDGER,EXT-2967970,10549,28880.78,USD,MATCHED,,2026-09-15 12:36:50
81514,INTERNAL_LEDGER,EXT-9982822,10067,69166.78,USD,MATCHED,,2026-09-13 16:53:18
81515,INTERNAL_LEDGER,EXT-5609128,11170,26971.82,USD,MATCHED,,2026-09-08 20:56:44
81516,FED_ACH_CLEARING,EXT-6277410,14313,23116.51,USD,MATCHED,,2026-09-16 01:45:17
81517,INTERNAL_LEDGER,EXT-1315205,12173,7892.62,USD,MATCHED,,2026-09-11 09:53:05
81518,CARD_PAYMENT_GATEWAY,EXT-8154265,12205,67633.46,USD,UNMATCHED,PENDING_SETTLEMENT_FILE,2026-09-10 16:54:42
81519,INTERNAL_LEDGER,EXT-3303029,13044,70248.38,USD,MATCHED,,2026-09-10 13:57:16
81520,INTERNAL_LEDGER,EXT-6704031,14443,1306.04,USD,UNMATCHED,PENDING_SETTLEMENT_FILE,2026-09-09 14:00:53
81521,CARD_PAYMENT_GATEWAY,EXT-6886731,14397,75360.46,USD,MATCHED,,2026-09-03 20:15:21
81522,CARD_PAYMENT_GATEWAY,EXT-6699307,10155,84999.48,USD,MATCHED,,2026-09-16 06:13:13
81523,INTERNAL_LEDGER,EXT-7112410,10854,66169.5,USD,DISCREPANCY,TIMESTAMP_SLIPPAGE,2026-09-07 11:19:00
81524,SWIFT_FIN,EXT-9347822,11443,84166.17,USD,MATCHED,,2026-09-11 23:46:12
81525,CARD_PAYMENT_GATEWAY,EXT-4361308,11508,29761.91,USD,MATCHED,,2026-09-10 05:56:04
81526,SWIFT_FIN,EXT-8487909,14569,55341.26,USD,MATCHED,,2026-09-15 11:21:51
81527,INTERNAL_LEDGER,EXT-6989974,10172,21719.69,USD,MATCHED,,2026-09-06 09:25:08
81528,SWIFT_FIN,EXT-4570777,10800,427.82,USD,DISCREPANCY,AMOUNT_MISMATCH,2026-09-17 17:58:27
81529,FED_ACH_CLEARING,EXT-1829921,10379,58728.76,USD,MATCHED,,2026-09-17 05:41:19
81530,SWIFT_FIN,EXT-4551018,10399,42316.88,USD,UNMATCHED,PENDING_SETTLEMENT_FILE,2026-09-11 23:14:49
81531,INTERNAL_LEDGER,EXT-1382483,10954,72455.02,USD,DISCREPANCY,FEE_DEDUCTION_VARIANCE,2026-09-09 12:53:29
81532,INTERNAL_LEDGER,EXT-2678886,14125,25034.94,USD,MATCHED,,2026-09-08 13:13:15
81533,SWIFT_FIN,EXT-4793505,10001,5893.08,USD,DISCREPANCY,FEE_DEDUCTION_VARIANCE,2026-09-07 00:13:42
81534,INTERNAL_LEDGER,EXT-1585919,14098,17622.63,USD,MATCHED,,2026-09-13 21:41:49
81535,SWIFT_FIN,EXT-6764882,13753,84443.57,USD,MATCHED,,2026-09-13 01:34:57
81536,INTERNAL_LEDGER,EXT-6404589,14424,11552.89,USD,DISCREPANCY,AMOUNT_MISMATCH,2026-09-16 14:51:12
81537,CARD_PAYMENT_GATEWAY,EXT-9662177,13179,27965.45,USD,MATCHED,,2026-09-16 12:00:37
81538,SWIFT_FIN,EXT-5500848,12350,80815.32,USD,UNMATCHED,PENDING_SETTLEMENT_FILE,2026-09-09 09:01:35
81539,SWIFT_FIN,EXT-6387954,11094,12447.9,USD,MATCHED,,2026-09-04 04:06:35
81540,CARD_PAYMENT_GATEWAY,EXT-2606635,11179,74819.58,USD,UNMATCHED,PENDING_SETTLEMENT_FILE,2026-09-17 19:44:54
81541,FED_ACH_CLEARING,EXT-4559696,14675,25654.5,USD,MATCHED,,2026-09-16 05:57:43
81542,INTERNAL_LEDGER,EXT-7236256,13578,51717.46,USD,DISCREPANCY,AMOUNT_MISMATCH,2026-09-11 09:45:58
81543,CARD_PAYMENT_GATEWAY,EXT-3194782,14208,8869.24,USD,MATCHED,,2026-09-11 12:30:55
81544,SWIFT_FIN,EXT-1051246,10242,61427.32,USD,UNMATCHED,PENDING_SETTLEMENT_FILE,2026-09-06 05:17:03
81545,FED_ACH_CLEARING,EXT-9830976,12116,30115.03,USD,MATCHED,,2026-09-08 22:52:57
81546,INTERNAL_LEDGER,EXT-5393415,10863,65437.89,USD,UNMATCHED,PENDING_SETTLEMENT_FILE,2026-09-12 19:18:23
81547,FED_ACH_CLEARING,EXT-8969471,13561,36860.36,USD,MATCHED,,2026-09-06 18:58:30
81548,FED_ACH_CLEARING,EXT-8050261,10128,28165.84,USD,DISCREPANCY,FEE_DEDUCTION_VARIANCE,2026-09-06 01:22:04
81549,FED_ACH_CLEARING,EXT-5692104,10901,77658.71,USD,MATCHED,,2026-09-15 02:24:15
81550,CARD_PAYMENT_GATEWAY,EXT-2136710,14929,47494.08,USD,DISCREPANCY,AMOUNT_MISMATCH,2026-09-10 11:58:36
81551,INTERNAL_LEDGER,EXT-4258997,10242,6872.88,USD,MATCHED,,2026-09-14 03:21:10
81552,SWIFT_FIN,EXT-7500790,14636,39346.12,USD,MATCHED,,2026-09-07 07:44:11
81553,SWIFT_FIN,EXT-4212803,10482,5686.08,USD,MATCHED,,2026-09-14 23:26:46
81554,FED_ACH_CLEARING,EXT-5547075,11246,52516.04,USD,DISCREPANCY,FEE_DEDUCTION_VARIANCE,2026-09-11 23:33:22
81555,SWIFT_FIN,EXT-7319243,10733,37102.26,USD,MATCHED,,2026-09-09 19:02:34
81556,CARD_PAYMENT_GATEWAY,EXT-5527824,10894,82074.02,USD,DISCREPANCY,AMOUNT_MISMATCH,2026-09-04 18:50:39
81557,FED_ACH_CLEARING,EXT-3331854,14928,50829.65,USD,DISCREPANCY,TIMESTAMP_SLIPPAGE,2026-09-17 17:32:58
81558,CARD_PAYMENT_GATEWAY,EXT-4019850,12333,40783.62,USD,UNMATCHED,PENDING_SETTLEMENT_FILE,2026-09-04 05:17:34
81559,FED_ACH_CLEARING,EXT-2965094,10709,74563.06,USD,MATCHED,,2026-09-07 03:39:23
81560,SWIFT_FIN,EXT-9423539,10773,27475.33,USD,MATCHED,,2026-09-06 19:47:09
81561,SWIFT_FIN,EXT-1734066,11814,47491.78,USD,MATCHED,,2026-09-09 12:54:35
81562,FED_ACH_CLEARING,EXT-5561871,14029,16902.51,USD,MATCHED,,2026-09-13 19:50:41
81563,CARD_PAYMENT_GATEWAY,EXT-5853841,11856,10396.28,USD,DISCREPANCY,FEE_DEDUCTION_VARIANCE,2026-09-11 09:30:23
81564,SWIFT_FIN,EXT-3045132,11325,37296.19,USD,UNMATCHED,PENDING_SETTLEMENT_FILE,2026-09-17 11:05:52
81565,INTERNAL_LEDGER,EXT-6038835,10821,23788.34,USD,MATCHED,,2026-09-09 19:28:21
81566,CARD_PAYMENT_GATEWAY,EXT-6552503,12343,28474.84,USD,DISCREPANCY,AMOUNT_MISMATCH,2026-09-14 20:01:05
81567,FED_ACH_CLEARING,EXT-1027117,11723,76321.2,USD,MATCHED,,2026-09-07 14:49:19
81568,SWIFT_FIN,EXT-8853661,12696,31618.98,USD,MATCHED,,2026-09-08 13:37:11
81569,INTERNAL_LEDGER,EXT-1311302,11136,54247.58,USD,UNMATCHED,PENDING_SETTLEMENT_FILE,2026-09-04 00:49:03
81570,INTERNAL_LEDGER,EXT-2857032,14548,74961.85,USD,MATCHED,,2026-09-08 00:56:37
81571,FED_ACH_CLEARING,EXT-4815637,10240,34921.19,USD,MATCHED,,2026-09-14 09:38:18
81572,SWIFT_FIN,EXT-2602814,10129,71080.57,USD,MATCHED,,2026-09-04 11:40:28
81573,FED_ACH_CLEARING,EXT-1374331,10923,67933.07,USD,MATCHED,,2026-09-16 18:55:40
81574,FED_ACH_CLEARING,EXT-6792185,11806,39716.5,USD,DISCREPANCY,AMOUNT_MISMATCH,2026-09-12 19:59:26
81575,CARD_PAYMENT_GATEWAY,EXT-8524295,10975,49401.1,USD,MATCHED,,2026-09-04 13:39:16
81576,INTERNAL_LEDGER,EXT-5019844,11725,1931.34,USD,MATCHED,,2026-09-08 06:59:30
81577,FED_ACH_CLEARING,EXT-9767612,13164,39992.42,USD,UNMATCHED,PENDING_SETTLEMENT_FILE,2026-09-11 05:29:28
81578,SWIFT_FIN,EXT-9358169,11879,31148.98,USD,MATCHED,,2026-09-04 18:18:50
81579,SWIFT_FIN,EXT-4443136,11597,27417.66,USD,MATCHED,,2026-09-16 01:38:47
81580,SWIFT_FIN,EXT-9989858,13771,24712.51,USD,MATCHED,,2026-09-11 04:00:46
81581,SWIFT_FIN,EXT-7322416,13717,69636.12,USD,MATCHED,,2026-09-16 08:39:55
81582,CARD_PAYMENT_GATEWAY,EXT-7009862,14475,41743.6,USD,UNMATCHED,PENDING_SETTLEMENT_FILE,2026-09-11 18:32:35
81583,CARD_PAYMENT_GATEWAY,EXT-5485284,13373,15186.47,USD,MATCHED,,2026-09-14 16:41:34
81584,CARD_PAYMENT_GATEWAY,EXT-7914482,10975,71533.22,USD,MATCHED,,2026-09-05 00:44:36
81585,INTERNAL_LEDGER,EXT-8704182,14270,45017.88,USD,MATCHED,,2026-09-03 20:26:11
81586,SWIFT_FIN,EXT-5995961,13748,46230.12,USD,MATCHED,,2026-09-06 00:20:20
81587,FED_ACH_CLEARING,EXT-4110140,10820,47535.78,USD,MATCHED,,2026-09-10 10:52:07
81588,SWIFT_FIN,EXT-8480826,14073,15707.21,USD,MATCHED,,2026-09-13 16:26:42
81589,SWIFT_FIN,EXT-3768752,11819,1511.15,USD,DISCREPANCY,AMOUNT_MISMATCH,2026-09-09 20:14:52
81590,FED_ACH_CLEARING,EXT-1270166,13700,82629.43,USD,UNMATCHED,PENDING_SETTLEMENT_FILE,2026-09-06 14:09:28
81591,SWIFT_FIN,EXT-6264007,11077,42983.78,USD,MATCHED,,2026-09-04 00:43:49
81592,INTERNAL_LEDGER,EXT-8684121,11142,54367.73,USD,MATCHED,,2026-09-07 11:10:24
81593,SWIFT_FIN,EXT-4959994,12020,44164.89,USD,MATCHED,,2026-09-13 08:47:41
81594,INTERNAL_LEDGER,EXT-5153689,13513,16598.39,USD,MATCHED,,2026-09-14 06:53:11
81595,SWIFT_FIN,EXT-4222925,14430,38112.97,USD,MATCHED,,2026-09-07 11:14:40
81596,SWIFT_FIN,EXT-9353592,13425,73266.44,USD,MATCHED,,2026-09-05 08:31:49
81597,INTERNAL_LEDGER,EXT-4209638,10079,12541.91,USD,MATCHED,,2026-09-04 22:51:11
81598,FED_ACH_CLEARING,EXT-5320585,10149,34541.65,USD,DISCREPANCY,FEE_DEDUCTION_VARIANCE,2026-09-05 21:55:53
81599,SWIFT_FIN,EXT-2355235,13294,28504.43,USD,MATCHED,,2026-09-15 04:11:26
81600,INTERNAL_LEDGER,EXT-1952406,14464,74198.26,USD,MATCHED,,2026-09-04 07:13:30
81601,CARD_PAYMENT_GATEWAY,EXT-3587182,10484,72517.59,USD,UNMATCHED,PENDING_SETTLEMENT_FILE,2026-09-13 06:10:14
81602,FED_ACH_CLEARING,EXT-7200399,13439,53236.76,USD,UNMATCHED,PENDING_SETTLEMENT_FILE,2026-09-16 20:30:12
81603,CARD_PAYMENT_GATEWAY,EXT-9896500,11187,65369.83,USD,MATCHED,,2026-09-07 01:00:28
81604,INTERNAL_LEDGER,EXT-2226311,14329,31601.55,USD,MATCHED,,2026-09-09 17:14:39
81605,CARD_PAYMENT_GATEWAY,EXT-9763587,14785,12401.09,USD,UNMATCHED,PENDING_SETTLEMENT_FILE,2026-09-09 15:33:55
81606,SWIFT_FIN,EXT-1784918,11877,34518.19,USD,UNMATCHED,PENDING_SETTLEMENT_FILE,2026-09-11 22:42:45
81607,SWIFT_FIN,EXT-8986644,10576,51252.08,USD,MATCHED,,2026-09-14 02:40:29
81608,INTERNAL_LEDGER,EXT-9429138,12104,18320.51,USD,DISCREPANCY,TIMESTAMP_SLIPPAGE,2026-09-16 04:58:46
81609,SWIFT_FIN,EXT-1582249,11617,29175.13,USD,MATCHED,,2026-09-11 12:12:06
81610,CARD_PAYMENT_GATEWAY,EXT-5800565,14275,26917.49,USD,DISCREPANCY,TIMESTAMP_SLIPPAGE,2026-09-11 11:16:03
81611,SWIFT_FIN,EXT-3938040,10234,6598.18,USD,MATCHED,,2026-09-09 18:30:51
81612,FED_ACH_CLEARING,EXT-7421158,12260,72784.33,USD,MATCHED,,2026-09-16 19:33:36
81613,SWIFT_FIN,EXT-9952165,11584,9392.98,USD,MATCHED,,2026-09-14 18:21:21
81614,CARD_PAYMENT_GATEWAY,EXT-4671923,13554,73929.57,USD,MATCHED,,2026-09-09 16:36:02
81615,FED_ACH_CLEARING,EXT-3947264,14540,25696.71,USD,DISCREPANCY,AMOUNT_MISMATCH,2026-09-05 21:56:04
81616,CARD_PAYMENT_GATEWAY,EXT-7256830,13250,78464.94,USD,DISCREPANCY,TIMESTAMP_SLIPPAGE,2026-09-16 08:55:03
81617,FED_ACH_CLEARING,EXT-6433434,12215,2378.11,USD,UNMATCHED,PENDING_SETTLEMENT_FILE,2026-09-05 21:02:31
81618,FED_ACH_CLEARING,EXT-4366060,14573,16370.14,USD,DISCREPANCY,AMOUNT_MISMATCH,2026-09-06 08:24:06
81619,CARD_PAYMENT_GATEWAY,EXT-1681257,12757,7184.01,USD,MATCHED,,2026-09-17 14:24:46
81620,FED_ACH_CLEARING,EXT-8629048,12357,5365.92,USD,MATCHED,,2026-09-13 17:14:14
81621,INTERNAL_LEDGER,EXT-4894770,10924,76826.79,USD,MATCHED,,2026-09-10 23:01:52
81622,INTERNAL_LEDGER,EXT-8929428,13652,38382.33,USD,UNMATCHED,PENDING_SETTLEMENT_FILE,2026-09-04 08:06:18
81623,SWIFT_FIN,EXT-4511642,12338,30868.56,USD,UNMATCHED,PENDING_SETTLEMENT_FILE,2026-09-09 22:31:43
81624,FED_ACH_CLEARING,EXT-9462753,10659,19696.91,USD,MATCHED,,2026-09-06 02:11:42
81625,SWIFT_FIN,EXT-3991831,11187,32133.7,USD,MATCHED,,2026-09-16 18:08:09
81626,CARD_PAYMENT_GATEWAY,EXT-7156048,10321,47960.2,USD,MATCHED,,2026-09-11 19:14:58
81627,CARD_PAYMENT_GATEWAY,EXT-2316020,12176,84323.1,USD,MATCHED,,2026-09-04 07:02:34
81628,SWIFT_FIN,EXT-6787987,10420,69319.76,USD,DISCREPANCY,FEE_DEDUCTION_VARIANCE,2026-09-12 09:32:36
81629,SWIFT_FIN,EXT-5443553,14003,63240.96,USD,MATCHED,,2026-09-14 09:50:26
81630,FED_ACH_CLEARING,EXT-2008716,14168,26458.44,USD,MATCHED,,2026-09-05 19:14:19
81631,CARD_PAYMENT_GATEWAY,EXT-2228083,13815,68106.97,USD,MATCHED,,2026-09-14 01:29:24
81632,FED_ACH_CLEARING,EXT-4086595,14810,49290.1,USD,MATCHED,,2026-09-11 22:38:51
81633,INTERNAL_LEDGER,EXT-2007869,12263,44799.2,USD,MATCHED,,2026-09-08 01:46:05
81634,FED_ACH_CLEARING,EXT-6530497,11646,26265.87,USD,UNMATCHED,PENDING_SETTLEMENT_FILE,2026-09-12 22:32:23
81635,FED_ACH_CLEARING,EXT-1896385,12212,24226.41,USD,MATCHED,,2026-09-15 02:26:03
81636,FED_ACH_CLEARING,EXT-2093361,11737,10917.01,USD,MATCHED,,2026-09-15 03:32:07
81637,FED_ACH_CLEARING,EXT-4264577,11917,59403.23,USD,MATCHED,,2026-09-04 04:23:04
81638,CARD_PAYMENT_GATEWAY,EXT-1434423,10827,82365.26,USD,MATCHED,,2026-09-04 11:13:58
81639,SWIFT_FIN,EXT-1330863,12650,69867.5,USD,DISCREPANCY,TIMESTAMP_SLIPPAGE,2026-09-16 21:10:59
81640,SWIFT_FIN,EXT-5802050,11249,60376.61,USD,DISCREPANCY,AMOUNT_MISMATCH,2026-09-09 23:18:19
81641,CARD_PAYMENT_GATEWAY,EXT-5752332,10568,14143.81,USD,MATCHED,,2026-09-05 19:21:08
81642,FED_ACH_CLEARING,EXT-7690292,11853,9757.48,USD,DISCREPANCY,AMOUNT_MISMATCH,2026-09-15 12:34:08
81643,INTERNAL_LEDGER,EXT-5700480,11247,28516.39,USD,UNMATCHED,PENDING_SETTLEMENT_FILE,2026-09-09 17:22:59
81644,FED_ACH_CLEARING,EXT-9117321,10404,45032.34,USD,MATCHED,,2026-09-06 04:04:19
81645,SWIFT_FIN,EXT-6341953,10911,49864.67,USD,UNMATCHED,PENDING_SETTLEMENT_FILE,2026-09-05 12:23:26
81646,INTERNAL_LEDGER,EXT-5347344,12528,54733.88,USD,MATCHED,,2026-09-08 16:51:30
81647,INTERNAL_LEDGER,EXT-4515303,13188,1132.63,USD,MATCHED,,2026-09-07 06:38:23
81648,CARD_PAYMENT_GATEWAY,EXT-8056908,11377,13481.68,USD,UNMATCHED,PENDING_SETTLEMENT_FILE,2026-09-04 04:03:55
81649,FED_ACH_CLEARING,EXT-2884622,12603,11290.51,USD,UNMATCHED,PENDING_SETTLEMENT_FILE,2026-09-06 11:13:03
81650,SWIFT_FIN,EXT-6755790,12431,62929.19,USD,MATCHED,,2026-09-10 08:35:21
81651,CARD_PAYMENT_GATEWAY,EXT-2962298,12211,74563.95,USD,MATCHED,,2026-09-16 12:38:42
81652,INTERNAL_LEDGER,EXT-2697393,12921,60540.58,USD,MATCHED,,2026-09-03 22:32:16
81653,FED_ACH_CLEARING,EXT-4266996,12003,41592.15,USD,UNMATCHED,PENDING_SETTLEMENT_FILE,2026-09-07 01:15:50
81654,INTERNAL_LEDGER,EXT-5835482,14809,31036.09,USD,MATCHED,,2026-09-13 13:48:07
81655,INTERNAL_LEDGER,EXT-9605633,14314,42245.95,USD,UNMATCHED,PENDING_SETTLEMENT_FILE,2026-09-15 05:46:13
81656,SWIFT_FIN,EXT-4145695,12424,12608.26,USD,UNMATCHED,PENDING_SETTLEMENT_FILE,2026-09-08 13:15:38
81657,CARD_PAYMENT_GATEWAY,EXT-9739764,10424,14625.5,USD,MATCHED,,2026-09-04 15:48:26
81658,SWIFT_FIN,EXT-6944741,10777,21372.82,USD,MATCHED,,2026-09-16 08:04:50
81659,CARD_PAYMENT_GATEWAY,EXT-2818766,12068,81563.55,USD,MATCHED,,2026-09-16 11:51:24
81660,CARD_PAYMENT_GATEWAY,EXT-9690656,13887,11440.22,USD,UNMATCHED,PENDING_SETTLEMENT_FILE,2026-09-04 09:35:44
81661,INTERNAL_LEDGER,EXT-5214258,11513,39033.36,USD,UNMATCHED,PENDING_SETTLEMENT_FILE,2026-09-15 12:10:32
81662,SWIFT_FIN,EXT-2080785,14120,18229.06,USD,MATCHED,,2026-09-14 21:36:42
81663,SWIFT_FIN,EXT-8714674,10999,19782.36,USD,MATCHED,,2026-09-16 20:57:59
81664,SWIFT_FIN,EXT-6549999,13907,36430.11,USD,MATCHED,,2026-09-11 19:45:32
81665,SWIFT_FIN,EXT-2231751,11651,83017.36,USD,MATCHED,,2026-09-10 11:27:00
81666,INTERNAL_LEDGER,EXT-2376626,11483,72138.46,USD,DISCREPANCY,FEE_DEDUCTION_VARIANCE,2026-09-10 23:59:34
81667,CARD_PAYMENT_GATEWAY,EXT-4120957,14376,57215.46,USD,UNMATCHED,PENDING_SETTLEMENT_FILE,2026-09-14 06:48:40
81668,FED_ACH_CLEARING,EXT-3023571,12451,66378.63,USD,MATCHED,,2026-09-12 07:01:03
81669,FED_ACH_CLEARING,EXT-3179230,14067,8300.87,USD,MATCHED,,2026-09-16 00:25:03
81670,INTERNAL_LEDGER,EXT-7210127,10526,84350.84,USD,DISCREPANCY,AMOUNT_MISMATCH,2026-09-10 22:39:42
81671,INTERNAL_LEDGER,EXT-1820103,10017,6434.01,USD,MATCHED,,2026-09-08 22:28:26
81672,FED_ACH_CLEARING,EXT-2341872,13798,7915.57,USD,MATCHED,,2026-09-04 10:33:00
81673,FED_ACH_CLEARING,EXT-2848380,11454,51219.28,USD,DISCREPANCY,TIMESTAMP_SLIPPAGE,2026-09-07 13:09:26
81674,SWIFT_FIN,EXT-8152913,11622,81449.53,USD,UNMATCHED,PENDING_SETTLEMENT_FILE,2026-09-16 08:02:46
81675,FED_ACH_CLEARING,EXT-2067099,13815,68136.3,USD,MATCHED,,2026-09-17 12:31:02
81676,SWIFT_FIN,EXT-9603615,11028,82663.92,USD,MATCHED,,2026-09-08 21:31:55
81677,SWIFT_FIN,EXT-9010407,13160,28843.77,USD,MATCHED,,2026-09-07 10:56:11
81678,SWIFT_FIN,EXT-5212489,11414,52166.09,USD,MATCHED,,2026-09-12 14:24:58
81679,FED_ACH_CLEARING,EXT-7526920,14794,19543.22,USD,MATCHED,,2026-09-12 03:02:02
81680,SWIFT_FIN,EXT-7906051,13923,37876.7,USD,MATCHED,,2026-09-08 20:33:37
81681,SWIFT_FIN,EXT-2016435,14784,12031.43,USD,MATCHED,,2026-09-13 01:48:41
81682,FED_ACH_CLEARING,EXT-5674645,10890,50756.39,USD,DISCREPANCY,AMOUNT_MISMATCH,2026-09-15 22:41:11
81683,FED_ACH_CLEARING,EXT-1904949,12594,42631.57,USD,DISCREPANCY,TIMESTAMP_SLIPPAGE,2026-09-07 16:57:00
81684,CARD_PAYMENT_GATEWAY,EXT-7378855,14295,17343.08,USD,UNMATCHED,PENDING_SETTLEMENT_FILE,2026-09-16 01:51:18
81685,INTERNAL_LEDGER,EXT-1970075,14541,73996.56,USD,DISCREPANCY,AMOUNT_MISMATCH,2026-09-07 04:56:34
81686,INTERNAL_LEDGER,EXT-3837242,10342,79075.6,USD,MATCHED,,2026-09-13 08:45:58
81687,INTERNAL_LEDGER,EXT-9041028,12652,27531.58,USD,MATCHED,,2026-09-05 05:48:00
81688,CARD_PAYMENT_GATEWAY,EXT-7464830,10016,48022.9,USD,UNMATCHED,PENDING_SETTLEMENT_FILE,2026-09-11 22:35:58
81689,INTERNAL_LEDGER,EXT-9736738,10456,10333.18,USD,DISCREPANCY,AMOUNT_MISMATCH,2026-09-16 18:11:59
81690,SWIFT_FIN,EXT-2995868,11912,49282.15,USD,DISCREPANCY,FEE_DEDUCTION_VARIANCE,2026-09-17 08:54:19
81691,SWIFT_FIN,EXT-6108008,14404,23942.41,USD,UNMATCHED,PENDING_SETTLEMENT_FILE,2026-09-07 15:03:05
81692,INTERNAL_LEDGER,EXT-5418152,13232,46847.06,USD,UNMATCHED,PENDING_SETTLEMENT_FILE,2026-09-14 14:46:18
81693,SWIFT_FIN,EXT-3794660,13352,46570.69,USD,MATCHED,,2026-09-13 05:15:36
81694,FED_ACH_CLEARING,EXT-8246057,13376,28632.81,USD,MATCHED,,2026-09-04 09:38:02
81695,SWIFT_FIN,EXT-1195656,12665,24001.26,USD,MATCHED,,2026-09-15 05:55:08
81696,CARD_PAYMENT_GATEWAY,EXT-5372677,10196,5212.15,USD,MATCHED,,2026-09-15 17:16:17
81697,SWIFT_FIN,EXT-4094916,14965,30925.47,USD,MATCHED,,2026-09-17 10:30:45
81698,CARD_PAYMENT_GATEWAY,EXT-7005282,13349,69346.11,USD,MATCHED,,2026-09-06 16:24:31
81699,FED_ACH_CLEARING,EXT-9625675,11250,53111.04,USD,MATCHED,,2026-09-16 12:47:05
81700,CARD_PAYMENT_GATEWAY,EXT-4483773,11687,45370.03,USD,MATCHED,,2026-09-16 03:30:04
81701,SWIFT_FIN,EXT-1593385,10901,60561.2,USD,MATCHED,,2026-09-15 21:57:54
81702,INTERNAL_LEDGER,EXT-3401976,12236,28380.07,USD,MATCHED,,2026-09-12 21:57:23
81703,SWIFT_FIN,EXT-5065422,14982,63488.45,USD,MATCHED,,2026-09-04 13:25:44
81704,CARD_PAYMENT_GATEWAY,EXT-2073097,11408,46058.3,USD,DISCREPANCY,TIMESTAMP_SLIPPAGE,2026-09-14 04:53:30
81705,FED_ACH_CLEARING,EXT-1388926,14460,33291.97,USD,MATCHED,,2026-09-14 12:55:20
81706,INTERNAL_LEDGER,EXT-7517607,13642,5084.33,USD,DISCREPANCY,TIMESTAMP_SLIPPAGE,2026-09-13 16:17:00
81707,CARD_PAYMENT_GATEWAY,EXT-5246477,14662,63594.74,USD,MATCHED,,2026-09-10 19:56:56
81708,INTERNAL_LEDGER,EXT-1601981,13423,46344.66,USD,UNMATCHED,PENDING_SETTLEMENT_FILE,2026-09-05 18:41:50
81709,SWIFT_FIN,EXT-1464510,12921,16489.65,USD,UNMATCHED,PENDING_SETTLEMENT_FILE,2026-09-15 15:19:46
81710,FED_ACH_CLEARING,EXT-9022218,14648,13723.74,USD,MATCHED,,2026-09-08 18:06:33
81711,FED_ACH_CLEARING,EXT-5847099,12640,42190.57,USD,MATCHED,,2026-09-10 00:49:41
81712,FED_ACH_CLEARING,EXT-3928700,12207,76276.77,USD,UNMATCHED,PENDING_SETTLEMENT_FILE,2026-09-07 02:31:33
81713,CARD_PAYMENT_GATEWAY,EXT-7135732,12593,36085.85,USD,DISCREPANCY,FEE_DEDUCTION_VARIANCE,2026-09-15 17:13:35
81714,FED_ACH_CLEARING,EXT-6363831,12736,31230.49,USD,UNMATCHED,PENDING_SETTLEMENT_FILE,2026-09-11 22:14:01
81715,FED_ACH_CLEARING,EXT-8213252,12931,83804.56,USD,MATCHED,,2026-09-05 06:25:30
81716,FED_ACH_CLEARING,EXT-4330121,13420,27098.04,USD,MATCHED,,2026-09-17 10:19:45
81717,SWIFT_FIN,EXT-8902867,12998,78666.75,USD,MATCHED,,2026-09-06 17:43:50
81718,FED_ACH_CLEARING,EXT-8573243,10804,80233.77,USD,MATCHED,,2026-09-05 10:42:16
81719,SWIFT_FIN,EXT-6986681,11170,3715.94,USD,UNMATCHED,PENDING_SETTLEMENT_FILE,2026-09-14 13:02:32
81720,INTERNAL_LEDGER,EXT-2921637,10090,54748.9,USD,MATCHED,,2026-09-07 02:34:43
81721,CARD_PAYMENT_GATEWAY,EXT-7644810,10574,66656.01,USD,MATCHED,,2026-09-07 13:49:36
81722,SWIFT_FIN,EXT-5005581,10891,4757.89,USD,MATCHED,,2026-09-07 11:16:29
81723,FED_ACH_CLEARING,EXT-2067582,10688,78959.28,USD,UNMATCHED,PENDING_SETTLEMENT_FILE,2026-09-08 15:03:24
81724,FED_ACH_CLEARING,EXT-7186768,12413,8589.14,USD,MATCHED,,2026-09-13 21:59:33
81725,INTERNAL_LEDGER,EXT-4581116,11376,45976.56,USD,MATCHED,,2026-09-13 04:11:45
81726,SWIFT_FIN,EXT-5237176,11136,77803.63,USD,DISCREPANCY,TIMESTAMP_SLIPPAGE,2026-09-16 00:59:09
81727,INTERNAL_LEDGER,EXT-3131941,10053,27697.92,USD,MATCHED,,2026-09-14 16:36:14
81728,INTERNAL_LEDGER,EXT-4532949,13995,64536.27,USD,MATCHED,,2026-09-12 05:58:35
81729,SWIFT_FIN,EXT-2200774,12446,24865.9,USD,UNMATCHED,PENDING_SETTLEMENT_FILE,2026-09-11 13:18:23
81730,FED_ACH_CLEARING,EXT-1991326,13635,69355.64,USD,MATCHED,,2026-09-08 03:57:51
81731,INTERNAL_LEDGER,EXT-8648234,10665,67987.84,USD,MATCHED,,2026-09-14 18:10:16
81732,FED_ACH_CLEARING,EXT-2925352,12500,79124.28,USD,MATCHED,,2026-09-06 06:15:36
81733,SWIFT_FIN,EXT-1726035,11942,43537.92,USD,DISCREPANCY,AMOUNT_MISMATCH,2026-09-12 08:57:02
81734,SWIFT_FIN,EXT-7700450,12794,17777.51,USD,DISCREPANCY,FEE_DEDUCTION_VARIANCE,2026-09-05 15:34:33
81735,CARD_PAYMENT_GATEWAY,EXT-2873461,13497,8324.26,USD,DISCREPANCY,FEE_DEDUCTION_VARIANCE,2026-09-07 13:29:53
81736,SWIFT_FIN,EXT-6934313,11130,3113.77,USD,MATCHED,,2026-09-14 11:35:44
81737,FED_ACH_CLEARING,EXT-4929987,13438,31806.61,USD,MATCHED,,2026-09-09 22:28:35
81738,CARD_PAYMENT_GATEWAY,EXT-6197408,12333,43924.11,USD,MATCHED,,2026-09-12 18:47:50
81739,INTERNAL_LEDGER,EXT-4247880,11119,55352.51,USD,UNMATCHED,PENDING_SETTLEMENT_FILE,2026-09-05 10:07:21
81740,CARD_PAYMENT_GATEWAY,EXT-5551865,10505,69268.92,USD,MATCHED,,2026-09-14 12:36:02
81741,SWIFT_FIN,EXT-8046694,11601,64587.32,USD,MATCHED,,2026-09-10 04:34:00
81742,FED_ACH_CLEARING,EXT-2541045,11094,31704.52,USD,MATCHED,,2026-09-05 22:19:48
81743,CARD_PAYMENT_GATEWAY,EXT-5788544,14476,75276.54,USD,DISCREPANCY,FEE_DEDUCTION_VARIANCE,2026-09-09 05:19:36
81744,INTERNAL_LEDGER,EXT-8977142,12677,35282.76,USD,MATCHED,,2026-09-16 23:51:18
81745,SWIFT_FIN,EXT-2032765,11440,64600.06,USD,MATCHED,,2026-09-17 12:22:36
81746,INTERNAL_LEDGER,EXT-2276298,11072,38128.62,USD,DISCREPANCY,TIMESTAMP_SLIPPAGE,2026-09-07 04:29:57
81747,SWIFT_FIN,EXT-8451385,12929,4567.2,USD,MATCHED,,2026-09-16 05:24:25
81748,INTERNAL_LEDGER,EXT-6027574,10753,7347.16,USD,MATCHED,,2026-09-06 19:40:56
81749,SWIFT_FIN,EXT-6589438,12516,13134.26,USD,MATCHED,,2026-09-14 06:08:06
81750,INTERNAL_LEDGER,EXT-6459715,10187,39028.28,USD,MATCHED,,2026-09-10 20:33:44
81751,FED_ACH_CLEARING,EXT-5561021,12008,71627.86,USD,MATCHED,,2026-09-16 06:40:35
81752,CARD_PAYMENT_GATEWAY,EXT-4132928,13268,35498.41,USD,DISCREPANCY,FEE_DEDUCTION_VARIANCE,2026-09-12 10:38:28
81753,CARD_PAYMENT_GATEWAY,EXT-5362340,14500,78.17,USD,DISCREPANCY,TIMESTAMP_SLIPPAGE,2026-09-09 22:08:53
81754,SWIFT_FIN,EXT-5270630,11264,49813.25,USD,MATCHED,,2026-09-07 01:56:56
81755,FED_ACH_CLEARING,EXT-1676992,11923,42701.4,USD,MATCHED,,2026-09-16 07:47:52
81756,FED_ACH_CLEARING,EXT-6897040,14874,81835.0,USD,DISCREPANCY,TIMESTAMP_SLIPPAGE,2026-09-04 02:55:40
81757,FED_ACH_CLEARING,EXT-6745148,14452,12123.4,USD,UNMATCHED,PENDING_SETTLEMENT_FILE,2026-09-12 00:34:10
81758,INTERNAL_LEDGER,EXT-3282269,13343,25602.69,USD,MATCHED,,2026-09-07 08:50:50
81759,SWIFT_FIN,EXT-6667124,13148,56022.8,USD,MATCHED,,2026-09-07 05:40:43
81760,INTERNAL_LEDGER,EXT-2823681,10163,74917.28,USD,MATCHED,,2026-09-04 12:35:03
81761,INTERNAL_LEDGER,EXT-2972889,11086,30121.56,USD,MATCHED,,2026-09-16 13:11:41
81762,INTERNAL_LEDGER,EXT-7725829,10226,18918.93,USD,UNMATCHED,PENDING_SETTLEMENT_FILE,2026-09-08 20:49:05
81763,INTERNAL_LEDGER,EXT-8700146,12717,52097.88,USD,MATCHED,,2026-09-08 17:10:13
81764,FED_ACH_CLEARING,EXT-1532809,10283,16552.46,USD,MATCHED,,2026-09-12 21:42:25
81765,INTERNAL_LEDGER,EXT-1929389,11160,83533.17,USD,MATCHED,,2026-09-17 04:50:26
81766,CARD_PAYMENT_GATEWAY,EXT-5407792,12353,38696.53,USD,MATCHED,,2026-09-17 08:05:25
81767,FED_ACH_CLEARING,EXT-4290115,12578,46466.53,USD,MATCHED,,2026-09-15 06:23:48
81768,SWIFT_FIN,EXT-1613106,10510,69588.01,USD,DISCREPANCY,FEE_DEDUCTION_VARIANCE,2026-09-16 17:53:41
81769,INTERNAL_LEDGER,EXT-9721151,11539,30637.16,USD,MATCHED,,2026-09-06 03:49:30
81770,FED_ACH_CLEARING,EXT-7134224,10097,22466.91,USD,MATCHED,,2026-09-06 18:42:29
81771,SWIFT_FIN,EXT-1975938,14655,55481.58,USD,MATCHED,,2026-09-07 11:55:57
81772,SWIFT_FIN,EXT-6090002,13978,67017.68,USD,MATCHED,,2026-09-17 19:33:54
81773,FED_ACH_CLEARING,EXT-4931940,12965,42029.94,USD,UNMATCHED,PENDING_SETTLEMENT_FILE,2026-09-10 09:19:52
81774,CARD_PAYMENT_GATEWAY,EXT-3621235,13103,2291.79,USD,MATCHED,,2026-09-05 11:40:57
81775,FED_ACH_CLEARING,EXT-6568918,13900,38887.69,USD,MATCHED,,2026-09-14 13:22:00
81776,CARD_PAYMENT_GATEWAY,EXT-5942183,11239,78997.26,USD,DISCREPANCY,FEE_DEDUCTION_VARIANCE,2026-09-14 00:39:53
81777,CARD_PAYMENT_GATEWAY,EXT-3916780,12411,60513.68,USD,MATCHED,,2026-09-05 19:54:47
81778,CARD_PAYMENT_GATEWAY,EXT-3643602,13551,15424.96,USD,DISCREPANCY,TIMESTAMP_SLIPPAGE,2026-09-05 01:56:30
81779,CARD_PAYMENT_GATEWAY,EXT-8538359,14752,77751.63,USD,MATCHED,,2026-09-09 01:49:13
81780,FED_ACH_CLEARING,EXT-6082514,14453,72649.54,USD,MATCHED,,2026-09-12 23:08:37
81781,INTERNAL_LEDGER,EXT-2186279,11364,24355.07,USD,MATCHED,,2026-09-11 20:04:01
81782,INTERNAL_LEDGER,EXT-6928271,11164,1356.23,USD,MATCHED,,2026-09-16 09:19:03
81783,INTERNAL_LEDGER,EXT-2827619,11247,69994.3,USD,MATCHED,,2026-09-17 13:47:01
81784,SWIFT_FIN,EXT-7000400,10825,28498.08,USD,UNMATCHED,PENDING_SETTLEMENT_FILE,2026-09-07 10:08:33
81785,CARD_PAYMENT_GATEWAY,EXT-5649885,13057,1641.8,USD,DISCREPANCY,TIMESTAMP_SLIPPAGE,2026-09-10 15:23:46
81786,FED_ACH_CLEARING,EXT-7578631,13842,19677.4,USD,DISCREPANCY,TIMESTAMP_SLIPPAGE,2026-09-05 08:34:38
81787,SWIFT_FIN,EXT-3948881,14995,58730.65,USD,MATCHED,,2026-09-09 16:35:48
81788,INTERNAL_LEDGER,EXT-1764790,13737,57572.98,USD,MATCHED,,2026-09-05 19:54:08
81789,CARD_PAYMENT_GATEWAY,EXT-1893127,14272,80334.99,USD,MATCHED,,2026-09-16 08:01:50
81790,SWIFT_FIN,EXT-8170352,14310,72169.35,USD,MATCHED,,2026-09-10 08:45:41
81791,SWIFT_FIN,EXT-3530931,13462,75928.21,USD,DISCREPANCY,AMOUNT_MISMATCH,2026-09-15 02:14:20
81792,SWIFT_FIN,EXT-8158464,14280,10393.37,USD,UNMATCHED,PENDING_SETTLEMENT_FILE,2026-09-12 06:35:59
81793,CARD_PAYMENT_GATEWAY,EXT-8448387,10315,12564.45,USD,MATCHED,,2026-09-16 20:54:58
81794,SWIFT_FIN,EXT-4788986,12282,32338.34,USD,UNMATCHED,PENDING_SETTLEMENT_FILE,2026-09-11 00:34:23
81795,FED_ACH_CLEARING,EXT-2102559,14674,67951.59,USD,MATCHED,,2026-09-09 18:45:34
81796,FED_ACH_CLEARING,EXT-3192510,14322,42845.15,USD,MATCHED,,2026-09-12 01:00:55
81797,SWIFT_FIN,EXT-5821497,13536,28947.64,USD,MATCHED,,2026-09-13 03:30:28
81798,SWIFT_FIN,EXT-1270651,14993,23235.04,USD,DISCREPANCY,TIMESTAMP_SLIPPAGE,2026-09-15 01:50:49
81799,CARD_PAYMENT_GATEWAY,EXT-9255053,12588,10190.07,USD,MATCHED,,2026-09-16 05:03:48
81800,INTERNAL_LEDGER,EXT-9663539,12942,30065.23,USD,MATCHED,,2026-09-08 00:17:53
81801,SWIFT_FIN,EXT-8270235,10992,31556.03,USD,DISCREPANCY,FEE_DEDUCTION_VARIANCE,2026-09-05 00:12:29
81802,CARD_PAYMENT_GATEWAY,EXT-4074777,14414,59025.94,USD,UNMATCHED,PENDING_SETTLEMENT_FILE,2026-09-09 11:19:09
81803,CARD_PAYMENT_GATEWAY,EXT-4739585,11807,24352.87,USD,MATCHED,,2026-09-17 12:14:26
81804,INTERNAL_LEDGER,EXT-7927342,13673,68876.89,USD,DISCREPANCY,AMOUNT_MISMATCH,2026-09-12 17:19:05
81805,SWIFT_FIN,EXT-3880895,11723,17978.07,USD,MATCHED,,2026-09-05 19:50:00
81806,FED_ACH_CLEARING,EXT-8242523,11524,56355.93,USD,MATCHED,,2026-09-11 14:49:48
81807,INTERNAL_LEDGER,EXT-1382099,13124,42467.34,USD,MATCHED,,2026-09-07 18:47:35
81808,FED_ACH_CLEARING,EXT-8742217,13841,46215.96,USD,MATCHED,,2026-09-14 04:09:47
81809,CARD_PAYMENT_GATEWAY,EXT-8380225,12658,52555.33,USD,UNMATCHED,PENDING_SETTLEMENT_FILE,2026-09-10 08:12:23
81810,SWIFT_FIN,EXT-6983477,10471,67242.3,USD,MATCHED,,2026-09-17 13:22:54
81811,INTERNAL_LEDGER,EXT-5741063,10285,57651.28,USD,UNMATCHED,PENDING_SETTLEMENT_FILE,2026-09-05 11:16:03
81812,FED_ACH_CLEARING,EXT-5358513,14933,67057.29,USD,MATCHED,,2026-09-16 01:07:07
81813,CARD_PAYMENT_GATEWAY,EXT-9574406,10219,29646.1,USD,UNMATCHED,PENDING_SETTLEMENT_FILE,2026-09-09 19:53:18
81814,INTERNAL_LEDGER,EXT-7394613,14823,15105.93,USD,UNMATCHED,PENDING_SETTLEMENT_FILE,2026-09-05 01:23:03
81815,INTERNAL_LEDGER,EXT-4916854,13338,83019.56,USD,DISCREPANCY,AMOUNT_MISMATCH,2026-09-10 07:20:20
81816,INTERNAL_LEDGER,EXT-6566518,11009,64256.27,USD,MATCHED,,2026-09-12 18:03:26
81817,CARD_PAYMENT_GATEWAY,EXT-3369822,14231,345.52,USD,MATCHED,,2026-09-12 04:07:54
81818,FED_ACH_CLEARING,EXT-3973386,13408,78987.85,USD,MATCHED,,2026-09-09 16:50:08
81819,SWIFT_FIN,EXT-6053707,13494,40380.11,USD,UNMATCHED,PENDING_SETTLEMENT_FILE,2026-09-05 06:43:24
81820,CARD_PAYMENT_GATEWAY,EXT-3691654,12521,70617.22,USD,UNMATCHED,PENDING_SETTLEMENT_FILE,2026-09-16 10:17:03
81821,INTERNAL_LEDGER,EXT-9671813,12530,613.85,USD,MATCHED,,2026-09-05 03:08:17
81822,SWIFT_FIN,EXT-2502318,11656,37993.71,USD,MATCHED,,2026-09-11 23:51:59
81823,INTERNAL_LEDGER,EXT-1896679,10241,58150.67,USD,MATCHED,,2026-09-11 23:50:22
81824,CARD_PAYMENT_GATEWAY,EXT-7820888,13798,10201.87,USD,UNMATCHED,PENDING_SETTLEMENT_FILE,2026-09-05 11:31:32
81825,CARD_PAYMENT_GATEWAY,EXT-2727458,10478,84671.65,USD,MATCHED,,2026-09-05 02:23:01
81826,FED_ACH_CLEARING,EXT-8589791,14311,69619.64,USD,MATCHED,,2026-09-09 19:39:04
81827,INTERNAL_LEDGER,EXT-2588757,12669,6930.72,USD,DISCREPANCY,TIMESTAMP_SLIPPAGE,2026-09-13 16:06:20
81828,CARD_PAYMENT_GATEWAY,EXT-6224112,12533,65704.71,USD,MATCHED,,2026-09-07 23:04:21
81829,CARD_PAYMENT_GATEWAY,EXT-3090928,13441,46761.73,USD,UNMATCHED,PENDING_SETTLEMENT_FILE,2026-09-06 21:11:28
81830,SWIFT_FIN,EXT-4236929,10061,73881.25,USD,UNMATCHED,PENDING_SETTLEMENT_FILE,2026-09-06 21:25:15
81831,SWIFT_FIN,EXT-1319947,10995,24869.69,USD,UNMATCHED,PENDING_SETTLEMENT_FILE,2026-09-11 04:15:42
81832,SWIFT_FIN,EXT-6126296,10843,18538.37,USD,MATCHED,,2026-09-06 04:37:36
81833,CARD_PAYMENT_GATEWAY,EXT-7198519,10837,59215.52,USD,DISCREPANCY,FEE_DEDUCTION_VARIANCE,2026-09-15 05:27:12
81834,CARD_PAYMENT_GATEWAY,EXT-1854030,13974,40093.17,USD,UNMATCHED,PENDING_SETTLEMENT_FILE,2026-09-06 18:49:36
81835,SWIFT_FIN,EXT-1002714,13236,38433.42,USD,UNMATCHED,PENDING_SETTLEMENT_FILE,2026-09-17 05:10:30
81836,SWIFT_FIN,EXT-7413288,13931,78544.46,USD,MATCHED,,2026-09-04 22:51:31
81837,CARD_PAYMENT_GATEWAY,EXT-9221353,13208,32012.46,USD,UNMATCHED,PENDING_SETTLEMENT_FILE,2026-09-15 06:43:07
81838,SWIFT_FIN,EXT-3960118,14558,62606.14,USD,DISCREPANCY,TIMESTAMP_SLIPPAGE,2026-09-09 17:11:39
81839,INTERNAL_LEDGER,EXT-3922424,11281,26955.4,USD,UNMATCHED,PENDING_SETTLEMENT_FILE,2026-09-06 12:25:45
81840,FED_ACH_CLEARING,EXT-1656558,13271,39618.34,USD,MATCHED,,2026-09-16 06:39:24
81841,SWIFT_FIN,EXT-6155922,10154,58409.67,USD,MATCHED,,2026-09-13 08:41:32
81842,CARD_PAYMENT_GATEWAY,EXT-9762137,11224,1938.36,USD,MATCHED,,2026-09-04 12:24:44
81843,INTERNAL_LEDGER,EXT-4092221,14847,76252.09,USD,MATCHED,,2026-09-14 08:01:16
81844,FED_ACH_CLEARING,EXT-8110720,13717,31126.14,USD,MATCHED,,2026-09-09 18:12:24
81845,SWIFT_FIN,EXT-9694277,13095,42921.49,USD,MATCHED,,2026-09-09 18:58:23
81846,SWIFT_FIN,EXT-6111063,13910,33967.48,USD,UNMATCHED,PENDING_SETTLEMENT_FILE,2026-09-13 23:33:39
81847,INTERNAL_LEDGER,EXT-7793352,11737,57065.68,USD,MATCHED,,2026-09-13 00:09:55
81848,CARD_PAYMENT_GATEWAY,EXT-9048997,14624,47086.95,USD,MATCHED,,2026-09-03 20:52:06
81849,FED_ACH_CLEARING,EXT-2403490,13223,21330.49,USD,MATCHED,,2026-09-05 02:05:11
81850,SWIFT_FIN,EXT-9608444,11857,3689.01,USD,MATCHED,,2026-09-10 17:03:46
81851,FED_ACH_CLEARING,EXT-5229191,11550,36700.66,USD,MATCHED,,2026-09-17 11:42:34
81852,INTERNAL_LEDGER,EXT-4140705,10610,60382.03,USD,DISCREPANCY,FEE_DEDUCTION_VARIANCE,2026-09-15 13:48:42
81853,CARD_PAYMENT_GATEWAY,EXT-9374944,12783,79531.23,USD,UNMATCHED,PENDING_SETTLEMENT_FILE,2026-09-13 20:28:09
81854,FED_ACH_CLEARING,EXT-5975730,11642,45847.19,USD,MATCHED,,2026-09-10 01:08:23
81855,FED_ACH_CLEARING,EXT-2496938,12278,38160.07,USD,MATCHED,,2026-09-11 15:27:04
81856,INTERNAL_LEDGER,EXT-7104364,10405,37435.79,USD,MATCHED,,2026-09-11 09:43:47
81857,INTERNAL_LEDGER,EXT-9573882,12895,10109.78,USD,MATCHED,,2026-09-10 04:03:31
81858,INTERNAL_LEDGER,EXT-1662942,10784,60267.54,USD,MATCHED,,2026-09-16 21:29:27
81859,CARD_PAYMENT_GATEWAY,EXT-1947533,12344,56422.83,USD,MATCHED,,2026-09-11 14:43:43
81860,CARD_PAYMENT_GATEWAY,EXT-3007517,13191,36674.87,USD,MATCHED,,2026-09-12 06:24:54
81861,FED_ACH_CLEARING,EXT-5061306,12682,55686.53,USD,MATCHED,,2026-09-09 00:44:41
81862,INTERNAL_LEDGER,EXT-5261248,11831,3200.42,USD,DISCREPANCY,TIMESTAMP_SLIPPAGE,2026-09-09 03:00:33
81863,CARD_PAYMENT_GATEWAY,EXT-5831592,10904,55452.49,USD,MATCHED,,2026-09-07 14:11:01
81864,SWIFT_FIN,EXT-6509934,12567,46344.11,USD,MATCHED,,2026-09-08 18:14:48
81865,CARD_PAYMENT_GATEWAY,EXT-1327285,14032,9507.97,USD,MATCHED,,2026-09-15 00:05:49
81866,SWIFT_FIN,EXT-3748136,13509,1088.14,USD,MATCHED,,2026-09-06 05:41:35
81867,CARD_PAYMENT_GATEWAY,EXT-2111546,13838,59754.71,USD,MATCHED,,2026-09-08 08:26:17
81868,SWIFT_FIN,EXT-2994283,14753,883.76,USD,MATCHED,,2026-09-15 05:31:43
81869,CARD_PAYMENT_GATEWAY,EXT-7640853,10619,39676.79,USD,MATCHED,,2026-09-06 15:58:13
81870,INTERNAL_LEDGER,EXT-1948723,10247,10099.53,USD,MATCHED,,2026-09-07 10:49:26
81871,FED_ACH_CLEARING,EXT-2868166,13675,70535.56,USD,MATCHED,,2026-09-17 10:15:47
81872,SWIFT_FIN,EXT-8779997,11266,31023.13,USD,MATCHED,,2026-09-11 08:56:45
81873,SWIFT_FIN,EXT-6888542,13662,80279.95,USD,UNMATCHED,PENDING_SETTLEMENT_FILE,2026-09-04 04:42:31
81874,SWIFT_FIN,EXT-1581768,14237,81035.01,USD,MATCHED,,2026-09-11 17:10:07
81875,SWIFT_FIN,EXT-9448520,11283,4587.36,USD,MATCHED,,2026-09-16 08:21:12
81876,INTERNAL_LEDGER,EXT-9856182,10579,63927.85,USD,MATCHED,,2026-09-03 23:44:01
81877,SWIFT_FIN,EXT-4344240,10855,64664.55,USD,UNMATCHED,PENDING_SETTLEMENT_FILE,2026-09-10 01:38:13
81878,SWIFT_FIN,EXT-1831756,14854,64661.13,USD,UNMATCHED,PENDING_SETTLEMENT_FILE,2026-09-10 01:27:30
81879,CARD_PAYMENT_GATEWAY,EXT-9986500,11793,29645.57,USD,MATCHED,,2026-09-05 13:17:55
81880,SWIFT_FIN,EXT-3882101,12029,29845.39,USD,MATCHED,,2026-09-07 14:55:09
81881,SWIFT_FIN,EXT-2211438,11054,30865.45,USD,MATCHED,,2026-09-04 15:57:47
81882,CARD_PAYMENT_GATEWAY,EXT-3625161,10566,49136.2,USD,MATCHED,,2026-09-10 03:46:30
81883,INTERNAL_LEDGER,EXT-5241959,10186,22385.92,USD,MATCHED,,2026-09-11 08:51:57
81884,INTERNAL_LEDGER,EXT-3296976,12115,78303.61,USD,DISCREPANCY,TIMESTAMP_SLIPPAGE,2026-09-07 10:29:32
81885,SWIFT_FIN,EXT-4386455,13323,78811.5,USD,MATCHED,,2026-09-10 17:15:02
81886,FED_ACH_CLEARING,EXT-8907268,10885,11022.02,USD,DISCREPANCY,AMOUNT_MISMATCH,2026-09-13 05:12:23
81887,FED_ACH_CLEARING,EXT-5603028,10118,58573.07,USD,DISCREPANCY,TIMESTAMP_SLIPPAGE,2026-09-13 19:06:16
81888,INTERNAL_LEDGER,EXT-1857729,10359,79880.45,USD,DISCREPANCY,FEE_DEDUCTION_VARIANCE,2026-09-04 21:12:00
81889,CARD_PAYMENT_GATEWAY,EXT-7968017,11575,64730.55,USD,DISCREPANCY,AMOUNT_MISMATCH,2026-09-13 11:05:08
81890,FED_ACH_CLEARING,EXT-7419576,14803,40610.83,USD,MATCHED,,2026-09-15 23:07:28
81891,INTERNAL_LEDGER,EXT-3389354,11184,45192.02,USD,MATCHED,,2026-09-15 14:39:00
81892,FED_ACH_CLEARING,EXT-6616314,13506,11015.38,USD,MATCHED,,2026-09-09 07:22:08
81893,CARD_PAYMENT_GATEWAY,EXT-8686848,14775,60162.52,USD,MATCHED,,2026-09-11 04:15:17
81894,SWIFT_FIN,EXT-8062439,13468,15520.68,USD,MATCHED,,2026-09-13 19:30:06
81895,SWIFT_FIN,EXT-6067136,10600,71215.12,USD,MATCHED,,2026-09-09 14:07:42
81896,INTERNAL_LEDGER,EXT-7805092,12104,39687.63,USD,MATCHED,,2026-09-15 08:02:23
81897,INTERNAL_LEDGER,EXT-1367400,10943,84557.2,USD,MATCHED,,2026-09-08 07:45:51
81898,SWIFT_FIN,EXT-8701522,12143,22737.96,USD,MATCHED,,2026-09-04 15:21:20
81899,CARD_PAYMENT_GATEWAY,EXT-1827974,12688,46316.65,USD,MATCHED,,2026-09-07 17:48:48
81900,SWIFT_FIN,EXT-3598863,10807,66309.59,USD,MATCHED,,2026-09-09 11:04:11
81901,SWIFT_FIN,EXT-9987223,12661,55920.31,USD,UNMATCHED,PENDING_SETTLEMENT_FILE,2026-09-04 20:56:50
81902,INTERNAL_LEDGER,EXT-7525407,12522,17154.64,USD,MATCHED,,2026-09-04 06:08:33
81903,SWIFT_FIN,EXT-4494570,10883,44774.97,USD,UNMATCHED,PENDING_SETTLEMENT_FILE,2026-09-13 01:43:52
81904,CARD_PAYMENT_GATEWAY,EXT-8008647,13928,11525.9,USD,DISCREPANCY,AMOUNT_MISMATCH,2026-09-07 15:13:36
81905,INTERNAL_LEDGER,EXT-7320281,14863,64972.12,USD,UNMATCHED,PENDING_SETTLEMENT_FILE,2026-09-09 05:41:51
81906,SWIFT_FIN,EXT-5700777,14978,9939.48,USD,MATCHED,,2026-09-16 00:02:06
81907,CARD_PAYMENT_GATEWAY,EXT-3426396,10874,73023.06,USD,MATCHED,,2026-09-17 02:31:27
81908,INTERNAL_LEDGER,EXT-2742401,12601,22776.2,USD,UNMATCHED,PENDING_SETTLEMENT_FILE,2026-09-14 17:20:52
81909,FED_ACH_CLEARING,EXT-9680073,14680,71368.46,USD,DISCREPANCY,TIMESTAMP_SLIPPAGE,2026-09-12 02:07:55
81910,FED_ACH_CLEARING,EXT-2766935,10918,64611.27,USD,DISCREPANCY,TIMESTAMP_SLIPPAGE,2026-09-17 17:48:11
81911,FED_ACH_CLEARING,EXT-4073804,11332,65092.57,USD,MATCHED,,2026-09-13 20:52:27
81912,CARD_PAYMENT_GATEWAY,EXT-8302966,10799,65111.63,USD,MATCHED,,2026-09-06 09:51:43
81913,SWIFT_FIN,EXT-6210721,11471,37594.33,USD,MATCHED,,2026-09-13 14:36:16
81914,FED_ACH_CLEARING,EXT-9749910,14467,75410.97,USD,MATCHED,,2026-09-09 02:32:50
81915,SWIFT_FIN,EXT-5757011,10216,54304.67,USD,MATCHED,,2026-09-15 20:40:29
81916,SWIFT_FIN,EXT-1924022,12810,40262.06,USD,MATCHED,,2026-09-16 11:49:43
81917,FED_ACH_CLEARING,EXT-5133543,10469,80436.67,USD,MATCHED,,2026-09-09 13:45:47
81918,SWIFT_FIN,EXT-6414498,11888,72833.64,USD,MATCHED,,2026-09-13 10:44:59
81919,SWIFT_FIN,EXT-6261792,10321,16559.81,USD,DISCREPANCY,AMOUNT_MISMATCH,2026-09-17 08:35:15
81920,INTERNAL_LEDGER,EXT-2673470,10678,54277.35,USD,MATCHED,,2026-09-08 15:55:06
81921,SWIFT_FIN,EXT-3590917,10516,66125.46,USD,DISCREPANCY,TIMESTAMP_SLIPPAGE,2026-09-09 18:13:11
81922,SWIFT_FIN,EXT-9524813,14853,22452.46,USD,MATCHED,,2026-09-08 12:42:15
81923,CARD_PAYMENT_GATEWAY,EXT-4430101,14403,29619.84,USD,MATCHED,,2026-09-06 21:58:20
81924,INTERNAL_LEDGER,EXT-2868009,14378,17130.96,USD,MATCHED,,2026-09-10 09:02:35
81925,SWIFT_FIN,EXT-9724495,12061,41520.8,USD,MATCHED,,2026-09-14 00:24:13
81926,FED_ACH_CLEARING,EXT-2662087,14702,61608.69,USD,MATCHED,,2026-09-08 15:54:08
81927,FED_ACH_CLEARING,EXT-5009592,13246,24464.57,USD,MATCHED,,2026-09-13 18:58:50
81928,SWIFT_FIN,EXT-3077389,14392,14161.68,USD,DISCREPANCY,FEE_DEDUCTION_VARIANCE,2026-09-06 08:14:06
81929,INTERNAL_LEDGER,EXT-1417419,10998,4983.07,USD,MATCHED,,2026-09-11 19:20:31
81930,CARD_PAYMENT_GATEWAY,EXT-2834895,12011,23371.26,USD,MATCHED,,2026-09-12 00:04:33
81931,FED_ACH_CLEARING,EXT-4468592,11184,19115.46,USD,MATCHED,,2026-09-04 10:09:13
81932,CARD_PAYMENT_GATEWAY,EXT-6731801,11502,75620.34,USD,MATCHED,,2026-09-05 11:59:07
81933,SWIFT_FIN,EXT-9861224,10983,5861.48,USD,MATCHED,,2026-09-12 14:50:27
81934,CARD_PAYMENT_GATEWAY,EXT-9261323,13539,71755.3,USD,MATCHED,,2026-09-15 23:43:51
81935,SWIFT_FIN,EXT-2032787,14791,69063.42,USD,DISCREPANCY,AMOUNT_MISMATCH,2026-09-11 17:23:07
81936,CARD_PAYMENT_GATEWAY,EXT-8466894,11238,39996.34,USD,MATCHED,,2026-09-13 12:19:00
81937,SWIFT_FIN,EXT-4811719,11137,9110.27,USD,DISCREPANCY,TIMESTAMP_SLIPPAGE,2026-09-11 18:46:14
81938,SWIFT_FIN,EXT-9486449,10351,61642.59,USD,UNMATCHED,PENDING_SETTLEMENT_FILE,2026-09-07 21:54:47
81939,FED_ACH_CLEARING,EXT-5411943,11914,17972.91,USD,DISCREPANCY,AMOUNT_MISMATCH,2026-09-11 06:50:15
81940,CARD_PAYMENT_GATEWAY,EXT-7337451,14836,45482.55,USD,MATCHED,,2026-09-11 05:01:29
81941,FED_ACH_CLEARING,EXT-4403618,14824,34443.3,USD,MATCHED,,2026-09-09 08:03:07
81942,CARD_PAYMENT_GATEWAY,EXT-8887983,10818,40323.4,USD,MATCHED,,2026-09-09 03:02:58
81943,FED_ACH_CLEARING,EXT-2422692,14793,68914.1,USD,MATCHED,,2026-09-10 09:57:34
81944,FED_ACH_CLEARING,EXT-7216355,10450,20439.85,USD,DISCREPANCY,TIMESTAMP_SLIPPAGE,2026-09-06 16:41:31
81945,SWIFT_FIN,EXT-6276572,10992,7448.45,USD,MATCHED,,2026-09-04 23:05:25
81946,INTERNAL_LEDGER,EXT-9388937,14801,36319.59,USD,UNMATCHED,PENDING_SETTLEMENT_FILE,2026-09-08 19:07:52
81947,INTERNAL_LEDGER,EXT-2373990,14544,24160.26,USD,MATCHED,,2026-09-12 19:06:19
81948,SWIFT_FIN,EXT-5142795,13094,62021.1,USD,DISCREPANCY,AMOUNT_MISMATCH,2026-09-12 10:25:44
81949,CARD_PAYMENT_GATEWAY,EXT-5188051,13172,9147.19,USD,UNMATCHED,PENDING_SETTLEMENT_FILE,2026-09-05 23:31:41
81950,FED_ACH_CLEARING,EXT-1284555,12468,65878.93,USD,MATCHED,,2026-09-13 04:44:19
81951,SWIFT_FIN,EXT-7072811,14333,81320.06,USD,MATCHED,,2026-09-07 22:43:00
81952,CARD_PAYMENT_GATEWAY,EXT-2370505,14098,61443.48,USD,DISCREPANCY,FEE_DEDUCTION_VARIANCE,2026-09-12 20:49:13
81953,SWIFT_FIN,EXT-5523884,13132,41799.14,USD,DISCREPANCY,FEE_DEDUCTION_VARIANCE,2026-09-15 14:39:53
81954,INTERNAL_LEDGER,EXT-1583775,14490,74892.45,USD,MATCHED,,2026-09-13 08:38:20
81955,INTERNAL_LEDGER,EXT-9535001,13110,22971.65,USD,MATCHED,,2026-09-11 20:04:23
81956,FED_ACH_CLEARING,EXT-1683202,11315,32560.79,USD,DISCREPANCY,FEE_DEDUCTION_VARIANCE,2026-09-14 09:08:49
81957,INTERNAL_LEDGER,EXT-1833067,10691,3102.92,USD,DISCREPANCY,FEE_DEDUCTION_VARIANCE,2026-09-12 16:17:27
81958,SWIFT_FIN,EXT-4944924,14319,83159.96,USD,MATCHED,,2026-09-14 08:38:32
81959,SWIFT_FIN,EXT-6382160,11105,33931.44,USD,MATCHED,,2026-09-08 19:23:47
81960,CARD_PAYMENT_GATEWAY,EXT-1658413,12811,36262.67,USD,MATCHED,,2026-09-05 16:01:50
81961,INTERNAL_LEDGER,EXT-1436940,10273,44539.72,USD,MATCHED,,2026-09-12 04:54:08
81962,INTERNAL_LEDGER,EXT-3303869,14137,27549.55,USD,UNMATCHED,PENDING_SETTLEMENT_FILE,2026-09-03 21:43:38
81963,CARD_PAYMENT_GATEWAY,EXT-6377696,13159,68949.43,USD,UNMATCHED,PENDING_SETTLEMENT_FILE,2026-09-05 06:03:21
81964,INTERNAL_LEDGER,EXT-7298199,14089,7949.82,USD,DISCREPANCY,TIMESTAMP_SLIPPAGE,2026-09-13 07:52:26
81965,INTERNAL_LEDGER,EXT-1198969,12551,7177.02,USD,MATCHED,,2026-09-17 15:16:52
81966,SWIFT_FIN,EXT-9814145,13772,34120.35,USD,MATCHED,,2026-09-10 08:42:06
81967,CARD_PAYMENT_GATEWAY,EXT-5753908,10892,32010.64,USD,DISCREPANCY,TIMESTAMP_SLIPPAGE,2026-09-12 07:56:14
81968,SWIFT_FIN,EXT-5802050,10298,26715.77,USD,MATCHED,,2026-09-10 09:08:48
81969,CARD_PAYMENT_GATEWAY,EXT-4029986,10412,53035.35,USD,MATCHED,,2026-09-04 13:44:39
81970,SWIFT_FIN,EXT-4990871,14792,40068.84,USD,DISCREPANCY,FEE_DEDUCTION_VARIANCE,2026-09-08 03:38:18
81971,CARD_PAYMENT_GATEWAY,EXT-7112917,11322,19337.16,USD,MATCHED,,2026-09-11 19:30:21
81972,INTERNAL_LEDGER,EXT-4492369,12195,5374.91,USD,DISCREPANCY,AMOUNT_MISMATCH,2026-09-05 12:10:54
81973,FED_ACH_CLEARING,EXT-7756372,14566,16249.1,USD,UNMATCHED,PENDING_SETTLEMENT_FILE,2026-09-15 07:39:37
81974,CARD_PAYMENT_GATEWAY,EXT-3058776,11666,24969.84,USD,MATCHED,,2026-09-08 20:40:44
81975,CARD_PAYMENT_GATEWAY,EXT-7688506,13105,16414.19,USD,UNMATCHED,PENDING_SETTLEMENT_FILE,2026-09-04 16:37:06
81976,CARD_PAYMENT_GATEWAY,EXT-8310544,13757,69636.28,USD,DISCREPANCY,TIMESTAMP_SLIPPAGE,2026-09-17 11:08:32
81977,SWIFT_FIN,EXT-2264534,13870,8810.17,USD,MATCHED,,2026-09-11 07:12:22
81978,INTERNAL_LEDGER,EXT-1618186,14303,6347.51,USD,UNMATCHED,PENDING_SETTLEMENT_FILE,2026-09-13 13:39:32
81979,INTERNAL_LEDGER,EXT-6698953,13051,66585.04,USD,MATCHED,,2026-09-13 02:20:24
81980,INTERNAL_LEDGER,EXT-6029099,13811,17311.6,USD,MATCHED,,2026-09-09 11:34:05
81981,SWIFT_FIN,EXT-8570663,11258,61508.0,USD,MATCHED,,2026-09-12 19:46:13
81982,INTERNAL_LEDGER,EXT-3531799,10967,43748.43,USD,MATCHED,,2026-09-09 15:16:36
81983,CARD_PAYMENT_GATEWAY,EXT-8893639,12820,73551.99,USD,MATCHED,,2026-09-17 17:04:20
81984,FED_ACH_CLEARING,EXT-2261188,11826,16685.43,USD,UNMATCHED,PENDING_SETTLEMENT_FILE,2026-09-10 20:17:58
81985,SWIFT_FIN,EXT-3445594,12457,24440.77,USD,MATCHED,,2026-09-08 23:03:00
81986,FED_ACH_CLEARING,EXT-2787584,11277,27731.27,USD,MATCHED,,2026-09-04 19:20:18
81987,FED_ACH_CLEARING,EXT-3001261,13828,14907.55,USD,MATCHED,,2026-09-05 11:43:06
81988,CARD_PAYMENT_GATEWAY,EXT-7537424,13831,48823.6,USD,MATCHED,,2026-09-07 12:14:53
81989,SWIFT_FIN,EXT-9132902,13395,26752.28,USD,MATCHED,,2026-09-08 06:17:25
81990,FED_ACH_CLEARING,EXT-1735636,14263,19128.34,USD,MATCHED,,2026-09-17 02:49:17
81991,CARD_PAYMENT_GATEWAY,EXT-3331463,13243,16376.56,USD,MATCHED,,2026-09-17 18:33:52
81992,INTERNAL_LEDGER,EXT-7788852,13968,34936.61,USD,UNMATCHED,PENDING_SETTLEMENT_FILE,2026-09-17 14:15:11
81993,SWIFT_FIN,EXT-1222772,11006,34838.43,USD,MATCHED,,2026-09-15 01:12:49
81994,CARD_PAYMENT_GATEWAY,EXT-7260185,11309,40798.74,USD,MATCHED,,2026-09-10 09:54:04
81995,SWIFT_FIN,EXT-9286423,14567,3331.09,USD,MATCHED,,2026-09-12 09:47:11
81996,SWIFT_FIN,EXT-8275114,11000,15563.68,USD,MATCHED,,2026-09-13 05:49:50
81997,CARD_PAYMENT_GATEWAY,EXT-5702155,13532,53851.96,USD,MATCHED,,2026-09-07 10:55:59
81998,SWIFT_FIN,EXT-9876038,14785,78477.03,USD,UNMATCHED,PENDING_SETTLEMENT_FILE,2026-09-09 13:00:19
81999,INTERNAL_LEDGER,EXT-6046462,13372,57810.02,USD,MATCHED,,2026-09-04 15:14:06
82000,FED_ACH_CLEARING,EXT-7155243,13160,23712.55,USD,MATCHED,,2026-09-17 13:44:36
82001,INTERNAL_LEDGER,EXT-2007694,14869,32082.44,USD,UNMATCHED,PENDING_SETTLEMENT_FILE,2026-09-04 12:19:53
82002,FED_ACH_CLEARING,EXT-2409417,11339,45033.65,USD,UNMATCHED,PENDING_SETTLEMENT_FILE,2026-09-06 21:07:32
82003,FED_ACH_CLEARING,EXT-3093700,14347,338.95,USD,DISCREPANCY,TIMESTAMP_SLIPPAGE,2026-09-16 07:53:30
82004,INTERNAL_LEDGER,EXT-8567050,11453,73830.18,USD,MATCHED,,2026-09-07 12:24:52
82005,INTERNAL_LEDGER,EXT-7274904,12016,22847.93,USD,MATCHED,,2026-09-16 12:32:08
82006,CARD_PAYMENT_GATEWAY,EXT-1702215,12075,34980.08,USD,DISCREPANCY,FEE_DEDUCTION_VARIANCE,2026-09-11 10:00:02
82007,FED_ACH_CLEARING,EXT-8827150,14710,51659.0,USD,MATCHED,,2026-09-14 16:57:24
82008,CARD_PAYMENT_GATEWAY,EXT-6897191,14732,49630.07,USD,MATCHED,,2026-09-06 13:05:22
82009,CARD_PAYMENT_GATEWAY,EXT-2129477,14518,49275.73,USD,MATCHED,,2026-09-13 15:52:32
82010,FED_ACH_CLEARING,EXT-6529916,14850,50083.89,USD,DISCREPANCY,AMOUNT_MISMATCH,2026-09-11 21:36:45
82011,CARD_PAYMENT_GATEWAY,EXT-4161884,14524,47143.19,USD,MATCHED,,2026-09-12 02:59:29
82012,SWIFT_FIN,EXT-7187180,12707,454.87,USD,MATCHED,,2026-09-11 21:40:22
82013,SWIFT_FIN,EXT-9634339,14536,30528.39,USD,MATCHED,,2026-09-16 07:51:54
82014,INTERNAL_LEDGER,EXT-6907076,12322,67838.56,USD,MATCHED,,2026-09-15 22:52:13
82015,INTERNAL_LEDGER,EXT-9977530,10261,6760.89,USD,DISCREPANCY,TIMESTAMP_SLIPPAGE,2026-09-16 06:15:31
82016,SWIFT_FIN,EXT-7623390,13575,57129.65,USD,MATCHED,,2026-09-12 16:47:10
82017,FED_ACH_CLEARING,EXT-2683207,14331,36474.81,USD,MATCHED,,2026-09-06 06:15:52
82018,SWIFT_FIN,EXT-9031643,11826,1889.72,USD,DISCREPANCY,TIMESTAMP_SLIPPAGE,2026-09-14 11:01:51
82019,FED_ACH_CLEARING,EXT-7978759,12318,72059.91,USD,MATCHED,,2026-09-17 06:08:45
82020,FED_ACH_CLEARING,EXT-1825881,11745,41508.78,USD,MATCHED,,2026-09-06 06:16:39
82021,INTERNAL_LEDGER,EXT-1375453,12461,49333.05,USD,MATCHED,,2026-09-11 20:59:28
82022,INTERNAL_LEDGER,EXT-3635754,12968,61391.68,USD,MATCHED,,2026-09-08 03:17:30
82023,FED_ACH_CLEARING,EXT-5016074,12423,35060.95,USD,MATCHED,,2026-09-09 13:23:01
82024,CARD_PAYMENT_GATEWAY,EXT-1680430,10870,27365.88,USD,MATCHED,,2026-09-06 11:29:26
82025,INTERNAL_LEDGER,EXT-3525348,13593,32446.82,USD,MATCHED,,2026-09-08 12:01:52
82026,CARD_PAYMENT_GATEWAY,EXT-3928344,11825,78168.29,USD,MATCHED,,2026-09-17 01:46:59
82027,CARD_PAYMENT_GATEWAY,EXT-5819500,14785,22552.72,USD,DISCREPANCY,AMOUNT_MISMATCH,2026-09-09 05:26:26
82028,FED_ACH_CLEARING,EXT-5373657,14872,66788.91,USD,MATCHED,,2026-09-04 03:08:36
82029,FED_ACH_CLEARING,EXT-5581624,13173,75734.23,USD,MATCHED,,2026-09-14 14:02:42
82030,INTERNAL_LEDGER,EXT-1310798,10642,64152.99,USD,DISCREPANCY,FEE_DEDUCTION_VARIANCE,2026-09-12 19:58:33
82031,SWIFT_FIN,EXT-8775272,14802,2078.25,USD,DISCREPANCY,AMOUNT_MISMATCH,2026-09-14 18:15:29
82032,FED_ACH_CLEARING,EXT-9377278,12826,81483.86,USD,UNMATCHED,PENDING_SETTLEMENT_FILE,2026-09-05 04:01:12
82033,CARD_PAYMENT_GATEWAY,EXT-6931326,14002,45787.29,USD,MATCHED,,2026-09-09 04:41:04
82034,SWIFT_FIN,EXT-1087424,10137,20015.9,USD,MATCHED,,2026-09-13 17:00:45
82035,FED_ACH_CLEARING,EXT-6012525,12622,44676.52,USD,DISCREPANCY,TIMESTAMP_SLIPPAGE,2026-09-07 03:23:52
82036,SWIFT_FIN,EXT-3204568,14121,69657.23,USD,DISCREPANCY,AMOUNT_MISMATCH,2026-09-07 14:16:13
82037,INTERNAL_LEDGER,EXT-8554439,14567,84790.89,USD,MATCHED,,2026-09-05 17:58:22
82038,FED_ACH_CLEARING,EXT-3680645,10808,17814.83,USD,UNMATCHED,PENDING_SETTLEMENT_FILE,2026-09-05 07:32:51
82039,SWIFT_FIN,EXT-6138719,10767,29037.67,USD,MATCHED,,2026-09-10 22:41:11
82040,FED_ACH_CLEARING,EXT-2416126,14539,23123.64,USD,MATCHED,,2026-09-12 06:03:33
82041,CARD_PAYMENT_GATEWAY,EXT-9697238,12595,38421.49,USD,UNMATCHED,PENDING_SETTLEMENT_FILE,2026-09-16 08:40:19
82042,FED_ACH_CLEARING,EXT-5618833,14020,4327.55,USD,DISCREPANCY,FEE_DEDUCTION_VARIANCE,2026-09-06 10:37:28
82043,SWIFT_FIN,EXT-6241183,10402,31107.24,USD,DISCREPANCY,FEE_DEDUCTION_VARIANCE,2026-09-06 09:51:15
82044,FED_ACH_CLEARING,EXT-2881416,14165,84817.54,USD,MATCHED,,2026-09-05 19:05:22
82045,FED_ACH_CLEARING,EXT-8234804,12255,56193.9,USD,UNMATCHED,PENDING_SETTLEMENT_FILE,2026-09-05 07:41:13
82046,CARD_PAYMENT_GATEWAY,EXT-4744994,11663,26051.15,USD,MATCHED,,2026-09-10 06:31:42
82047,CARD_PAYMENT_GATEWAY,EXT-5719862,14348,16605.07,USD,MATCHED,,2026-09-16 14:10:55
82048,CARD_PAYMENT_GATEWAY,EXT-6397539,13332,39121.55,USD,MATCHED,,2026-09-11 22:11:17
82049,FED_ACH_CLEARING,EXT-8564813,13263,37809.82,USD,MATCHED,,2026-09-08 13:45:05
82050,CARD_PAYMENT_GATEWAY,EXT-7512588,10366,54872.45,USD,DISCREPANCY,AMOUNT_MISMATCH,2026-09-10 11:55:56
82051,INTERNAL_LEDGER,EXT-2182429,10972,5299.71,USD,MATCHED,,2026-09-12 04:08:27
82052,CARD_PAYMENT_GATEWAY,EXT-2113848,12723,2509.68,USD,MATCHED,,2026-09-11 14:10:08
82053,SWIFT_FIN,EXT-6562951,12020,26490.35,USD,UNMATCHED,PENDING_SETTLEMENT_FILE,2026-09-12 06:12:09
82054,FED_ACH_CLEARING,EXT-2366759,13498,9776.61,USD,MATCHED,,2026-09-05 14:07:29
82055,CARD_PAYMENT_GATEWAY,EXT-9568753,10059,60243.02,USD,MATCHED,,2026-09-06 16:01:56
82056,FED_ACH_CLEARING,EXT-5389933,13302,38876.47,USD,MATCHED,,2026-09-06 14:06:53
82057,INTERNAL_LEDGER,EXT-5505881,11120,13960.53,USD,MATCHED,,2026-09-09 16:20:24
82058,SWIFT_FIN,EXT-3269281,10812,82475.37,USD,MATCHED,,2026-09-13 13:58:44
82059,FED_ACH_CLEARING,EXT-1872068,14160,18188.45,USD,MATCHED,,2026-09-09 23:37:11
82060,INTERNAL_LEDGER,EXT-8537145,14076,56580.58,USD,MATCHED,,2026-09-10 06:40:26
82061,CARD_PAYMENT_GATEWAY,EXT-8151948,14637,18526.76,USD,MATCHED,,2026-09-11 18:01:21
82062,INTERNAL_LEDGER,EXT-1376888,14750,42090.04,USD,UNMATCHED,PENDING_SETTLEMENT_FILE,2026-09-15 18:20:57
82063,FED_ACH_CLEARING,EXT-2426913,11803,21607.79,USD,DISCREPANCY,AMOUNT_MISMATCH,2026-09-14 01:35:42
82064,SWIFT_FIN,EXT-9538996,14318,79726.92,USD,MATCHED,,2026-09-11 20:28:15
82065,CARD_PAYMENT_GATEWAY,EXT-9234328,10120,79702.16,USD,MATCHED,,2026-09-16 06:12:09
82066,FED_ACH_CLEARING,EXT-4768536,11317,39595.44,USD,MATCHED,,2026-09-09 15:34:11
82067,CARD_PAYMENT_GATEWAY,EXT-3606150,11245,14192.24,USD,UNMATCHED,PENDING_SETTLEMENT_FILE,2026-09-08 10:14:07
82068,FED_ACH_CLEARING,EXT-9381085,10949,32662.7,USD,MATCHED,,2026-09-14 14:00:09
82069,FED_ACH_CLEARING,EXT-1949877,10424,48655.17,USD,MATCHED,,2026-09-11 22:59:13
82070,SWIFT_FIN,EXT-1237042,10745,67223.97,USD,MATCHED,,2026-09-16 07:08:29
82071,SWIFT_FIN,EXT-2675690,13715,6106.4,USD,MATCHED,,2026-09-05 06:52:06
82072,SWIFT_FIN,EXT-5683414,14428,37777.14,USD,MATCHED,,2026-09-07 06:39:58
82073,INTERNAL_LEDGER,EXT-5937632,10935,31715.91,USD,MATCHED,,2026-09-04 12:37:10
82074,SWIFT_FIN,EXT-3814966,11447,33299.16,USD,MATCHED,,2026-09-11 00:55:50
82075,SWIFT_FIN,EXT-9261353,10007,74120.45,USD,UNMATCHED,PENDING_SETTLEMENT_FILE,2026-09-14 23:31:14
82076,INTERNAL_LEDGER,EXT-8651144,11065,79637.51,USD,UNMATCHED,PENDING_SETTLEMENT_FILE,2026-09-03 22:51:09
82077,INTERNAL_LEDGER,EXT-2470866,10493,71114.25,USD,MATCHED,,2026-09-10 07:53:46
82078,SWIFT_FIN,EXT-8555183,14854,26064.39,USD,MATCHED,,2026-09-14 21:00:44
82079,INTERNAL_LEDGER,EXT-4470281,11687,49312.4,USD,MATCHED,,2026-09-15 07:07:50
82080,FED_ACH_CLEARING,EXT-5133152,10861,3541.88,USD,UNMATCHED,PENDING_SETTLEMENT_FILE,2026-09-15 22:42:27
82081,INTERNAL_LEDGER,EXT-6968755,14261,38783.11,USD,MATCHED,,2026-09-13 05:19:58
82082,FED_ACH_CLEARING,EXT-6979914,12194,31093.8,USD,MATCHED,,2026-09-16 21:21:03
82083,INTERNAL_LEDGER,EXT-5438094,11039,57302.15,USD,UNMATCHED,PENDING_SETTLEMENT_FILE,2026-09-16 02:22:59
82084,CARD_PAYMENT_GATEWAY,EXT-7871333,12023,80841.94,USD,MATCHED,,2026-09-15 06:59:18
82085,FED_ACH_CLEARING,EXT-7996816,14309,69251.22,USD,MATCHED,,2026-09-10 12:28:11
82086,SWIFT_FIN,EXT-4757602,12671,67830.92,USD,MATCHED,,2026-09-13 16:41:15
82087,FED_ACH_CLEARING,EXT-4414737,12653,24167.53,USD,UNMATCHED,PENDING_SETTLEMENT_FILE,2026-09-17 17:31:01
82088,SWIFT_FIN,EXT-1912876,10004,64745.81,USD,DISCREPANCY,AMOUNT_MISMATCH,2026-09-06 19:02:19
82089,CARD_PAYMENT_GATEWAY,EXT-7432383,11789,78545.73,USD,MATCHED,,2026-09-15 10:17:28
82090,SWIFT_FIN,EXT-1096129,14265,59098.31,USD,DISCREPANCY,AMOUNT_MISMATCH,2026-09-07 05:04:18
82091,INTERNAL_LEDGER,EXT-5445799,11997,31451.32,USD,MATCHED,,2026-09-16 12:22:58
82092,CARD_PAYMENT_GATEWAY,EXT-6822638,14739,32085.48,USD,UNMATCHED,PENDING_SETTLEMENT_FILE,2026-09-06 09:57:59
82093,CARD_PAYMENT_GATEWAY,EXT-4687797,12929,46034.49,USD,MATCHED,,2026-09-12 15:27:23
82094,INTERNAL_LEDGER,EXT-7043213,12015,74604.24,USD,MATCHED,,2026-09-10 15:12:05
82095,INTERNAL_LEDGER,EXT-2730476,11479,15650.22,USD,DISCREPANCY,TIMESTAMP_SLIPPAGE,2026-09-04 06:55:56
82096,CARD_PAYMENT_GATEWAY,EXT-1004998,12100,83640.74,USD,MATCHED,,2026-09-11 19:28:00
82097,SWIFT_FIN,EXT-1667205,14486,70931.22,USD,MATCHED,,2026-09-17 18:24:29
82098,SWIFT_FIN,EXT-6163404,13515,16315.43,USD,MATCHED,,2026-09-16 04:18:00
82099,CARD_PAYMENT_GATEWAY,EXT-2953406,14032,64023.75,USD,DISCREPANCY,AMOUNT_MISMATCH,2026-09-14 02:32:53
82100,FED_ACH_CLEARING,EXT-5264508,13347,26499.56,USD,UNMATCHED,PENDING_SETTLEMENT_FILE,2026-09-10 03:48:07
82101,INTERNAL_LEDGER,EXT-2611431,11862,40844.9,USD,MATCHED,,2026-09-14 02:40:27
82102,INTERNAL_LEDGER,EXT-8713753,14909,3972.46,USD,MATCHED,,2026-09-11 00:18:04
82103,CARD_PAYMENT_GATEWAY,EXT-8113379,10384,8157.64,USD,DISCREPANCY,FEE_DEDUCTION_VARIANCE,2026-09-14 09:12:38
82104,INTERNAL_LEDGER,EXT-9667557,12274,5508.91,USD,UNMATCHED,PENDING_SETTLEMENT_FILE,2026-09-05 23:23:37
82105,FED_ACH_CLEARING,EXT-5801611,14376,59713.83,USD,MATCHED,,2026-09-16 17:48:03
82106,CARD_PAYMENT_GATEWAY,EXT-5749884,10209,36631.83,USD,UNMATCHED,PENDING_SETTLEMENT_FILE,2026-09-11 19:19:46
82107,INTERNAL_LEDGER,EXT-9842970,14321,42213.9,USD,DISCREPANCY,AMOUNT_MISMATCH,2026-09-13 06:04:43
82108,FED_ACH_CLEARING,EXT-1007980,13948,65218.98,USD,MATCHED,,2026-09-14 12:26:14
82109,SWIFT_FIN,EXT-1612082,10872,51145.42,USD,MATCHED,,2026-09-09 17:46:50
82110,SWIFT_FIN,EXT-9009506,11861,3215.25,USD,UNMATCHED,PENDING_SETTLEMENT_FILE,2026-09-04 18:23:35
82111,INTERNAL_LEDGER,EXT-9567087,10142,16917.93,USD,DISCREPANCY,TIMESTAMP_SLIPPAGE,2026-09-09 16:59:13
82112,CARD_PAYMENT_GATEWAY,EXT-2376389,14025,26458.19,USD,MATCHED,,2026-09-06 14:54:10
82113,SWIFT_FIN,EXT-6095430,14953,33820.54,USD,MATCHED,,2026-09-11 09:56:35
82114,CARD_PAYMENT_GATEWAY,EXT-2392483,11733,51698.62,USD,UNMATCHED,PENDING_SETTLEMENT_FILE,2026-09-07 09:53:22
82115,FED_ACH_CLEARING,EXT-2460088,11594,71083.41,USD,MATCHED,,2026-09-05 03:59:09
82116,CARD_PAYMENT_GATEWAY,EXT-1587358,10390,57409.2,USD,UNMATCHED,PENDING_SETTLEMENT_FILE,2026-09-12 03:27:56
82117,INTERNAL_LEDGER,EXT-3839354,13112,11308.61,USD,DISCREPANCY,FEE_DEDUCTION_VARIANCE,2026-09-09 10:41:37
82118,CARD_PAYMENT_GATEWAY,EXT-2612278,11650,78984.23,USD,MATCHED,,2026-09-10 10:21:29
82119,INTERNAL_LEDGER,EXT-5027478,10551,9610.41,USD,MATCHED,,2026-09-06 09:03:33
82120,SWIFT_FIN,EXT-3829401,11239,20014.17,USD,MATCHED,,2026-09-05 08:23:54
82121,INTERNAL_LEDGER,EXT-4106500,13674,44033.63,USD,MATCHED,,2026-09-17 07:32:51
82122,CARD_PAYMENT_GATEWAY,EXT-5838659,10742,27077.21,USD,DISCREPANCY,TIMESTAMP_SLIPPAGE,2026-09-09 09:52:07
82123,FED_ACH_CLEARING,EXT-4162611,13290,33412.14,USD,MATCHED,,2026-09-14 08:18:37
82124,SWIFT_FIN,EXT-8890157,11895,50009.15,USD,MATCHED,,2026-09-04 08:55:57
82125,SWIFT_FIN,EXT-7031233,12115,31992.52,USD,MATCHED,,2026-09-16 21:50:35
82126,INTERNAL_LEDGER,EXT-3290940,11624,54966.15,USD,MATCHED,,2026-09-09 00:58:15
82127,SWIFT_FIN,EXT-1688498,11587,19652.21,USD,MATCHED,,2026-09-09 08:04:51
82128,FED_ACH_CLEARING,EXT-7671840,13473,42158.09,USD,DISCREPANCY,TIMESTAMP_SLIPPAGE,2026-09-16 11:07:27
82129,INTERNAL_LEDGER,EXT-1358025,10165,81136.64,USD,MATCHED,,2026-09-14 23:28:40
82130,INTERNAL_LEDGER,EXT-6811697,12450,66067.78,USD,MATCHED,,2026-09-05 17:10:59
82131,INTERNAL_LEDGER,EXT-2986156,12349,14408.21,USD,DISCREPANCY,AMOUNT_MISMATCH,2026-09-13 00:12:56
82132,FED_ACH_CLEARING,EXT-3966106,10606,15443.26,USD,MATCHED,,2026-09-10 22:30:45
82133,SWIFT_FIN,EXT-4301491,14166,197.84,USD,MATCHED,,2026-09-09 08:28:14
82134,INTERNAL_LEDGER,EXT-3871496,10030,50831.53,USD,UNMATCHED,PENDING_SETTLEMENT_FILE,2026-09-10 08:34:25
82135,FED_ACH_CLEARING,EXT-8543670,13025,50656.39,USD,MATCHED,,2026-09-13 01:21:06
82136,SWIFT_FIN,EXT-2453721,13617,3511.6,USD,UNMATCHED,PENDING_SETTLEMENT_FILE,2026-09-10 13:32:42
82137,CARD_PAYMENT_GATEWAY,EXT-5094150,10836,45934.02,USD,UNMATCHED,PENDING_SETTLEMENT_FILE,2026-09-09 04:43:12
82138,FED_ACH_CLEARING,EXT-7300584,12933,64753.81,USD,MATCHED,,2026-09-12 22:05:11
82139,CARD_PAYMENT_GATEWAY,EXT-5749749,12770,26295.39,USD,UNMATCHED,PENDING_SETTLEMENT_FILE,2026-09-07 07:04:39
82140,FED_ACH_CLEARING,EXT-5721176,12938,80809.21,USD,MATCHED,,2026-09-11 18:37:32
82141,SWIFT_FIN,EXT-1031388,13155,10316.52,USD,MATCHED,,2026-09-15 23:58:20
82142,INTERNAL_LEDGER,EXT-1897428,12494,77278.35,USD,DISCREPANCY,FEE_DEDUCTION_VARIANCE,2026-09-10 08:46:33
82143,CARD_PAYMENT_GATEWAY,EXT-1899043,14822,82233.6,USD,MATCHED,,2026-09-07 10:01:29
82144,SWIFT_FIN,EXT-8384832,11471,40292.45,USD,MATCHED,,2026-09-06 21:01:05
82145,FED_ACH_CLEARING,EXT-3525406,13334,84002.45,USD,MATCHED,,2026-09-12 09:15:57
82146,FED_ACH_CLEARING,EXT-3699005,10905,13591.19,USD,MATCHED,,2026-09-17 11:28:30
82147,CARD_PAYMENT_GATEWAY,EXT-6164137,14773,43082.28,USD,DISCREPANCY,AMOUNT_MISMATCH,2026-09-17 15:10:32
82148,SWIFT_FIN,EXT-8510343,14011,81024.69,USD,MATCHED,,2026-09-17 18:49:08
82149,SWIFT_FIN,EXT-6424726,10368,7667.41,USD,DISCREPANCY,TIMESTAMP_SLIPPAGE,2026-09-14 17:17:34
82150,CARD_PAYMENT_GATEWAY,EXT-2913529,10356,39490.39,USD,UNMATCHED,PENDING_SETTLEMENT_FILE,2026-09-04 02:27:18
82151,FED_ACH_CLEARING,EXT-8717819,14647,64368.16,USD,MATCHED,,2026-09-14 17:54:12
82152,CARD_PAYMENT_GATEWAY,EXT-5433217,13879,26855.32,USD,DISCREPANCY,AMOUNT_MISMATCH,2026-09-09 14:03:42
82153,FED_ACH_CLEARING,EXT-7288008,10515,30985.8,USD,MATCHED,,2026-09-15 04:55:18
82154,FED_ACH_CLEARING,EXT-7977527,10958,49198.52,USD,MATCHED,,2026-09-11 09:53:03
82155,INTERNAL_LEDGER,EXT-2691411,11407,10065.17,USD,MATCHED,,2026-09-04 06:50:16
82156,FED_ACH_CLEARING,EXT-3221776,11065,2661.37,USD,MATCHED,,2026-09-17 00:43:57
82157,FED_ACH_CLEARING,EXT-4343876,10546,8119.99,USD,MATCHED,,2026-09-04 03:38:18
82158,FED_ACH_CLEARING,EXT-1649120,13592,56716.0,USD,MATCHED,,2026-09-10 19:35:59
82159,INTERNAL_LEDGER,EXT-9686175,10132,71040.8,USD,UNMATCHED,PENDING_SETTLEMENT_FILE,2026-09-15 15:02:52
82160,FED_ACH_CLEARING,EXT-2592328,12491,3121.05,USD,MATCHED,,2026-09-03 19:54:41
82161,FED_ACH_CLEARING,EXT-6867506,13228,41191.35,USD,MATCHED,,2026-09-08 19:12:54
82162,CARD_PAYMENT_GATEWAY,EXT-3351343,11224,78241.45,USD,MATCHED,,2026-09-13 16:27:53
82163,CARD_PAYMENT_GATEWAY,EXT-8391873,11402,46790.36,USD,MATCHED,,2026-09-11 16:26:30
82164,FED_ACH_CLEARING,EXT-1510714,10608,74484.19,USD,MATCHED,,2026-09-05 07:16:53
82165,FED_ACH_CLEARING,EXT-8281740,14047,59516.83,USD,MATCHED,,2026-09-09 10:27:41
82166,INTERNAL_LEDGER,EXT-1504716,14784,39931.13,USD,MATCHED,,2026-09-07 21:03:56
82167,INTERNAL_LEDGER,EXT-7759049,13396,52902.7,USD,DISCREPANCY,FEE_DEDUCTION_VARIANCE,2026-09-17 08:52:01
82168,SWIFT_FIN,EXT-2289755,11876,63255.29,USD,MATCHED,,2026-09-07 20:27:05
82169,FED_ACH_CLEARING,EXT-7042127,11027,82680.49,USD,UNMATCHED,PENDING_SETTLEMENT_FILE,2026-09-03 21:21:49
82170,FED_ACH_CLEARING,EXT-4051391,11038,78261.21,USD,MATCHED,,2026-09-12 06:22:58
82171,INTERNAL_LEDGER,EXT-2721381,11078,41028.8,USD,MATCHED,,2026-09-11 18:01:58
82172,SWIFT_FIN,EXT-8498136,13365,61298.86,USD,MATCHED,,2026-09-12 21:41:25
82173,INTERNAL_LEDGER,EXT-1185057,13956,49135.58,USD,MATCHED,,2026-09-10 00:05:45
82174,FED_ACH_CLEARING,EXT-2857869,10837,17299.63,USD,MATCHED,,2026-09-14 03:33:30
82175,FED_ACH_CLEARING,EXT-5286480,14443,66679.0,USD,MATCHED,,2026-09-04 19:12:47
82176,FED_ACH_CLEARING,EXT-6552763,11379,74038.95,USD,DISCREPANCY,AMOUNT_MISMATCH,2026-09-08 03:51:49
82177,INTERNAL_LEDGER,EXT-7754604,12368,64474.25,USD,DISCREPANCY,FEE_DEDUCTION_VARIANCE,2026-09-15 05:34:51
82178,CARD_PAYMENT_GATEWAY,EXT-6918161,13088,17817.76,USD,MATCHED,,2026-09-10 18:04:28
82179,FED_ACH_CLEARING,EXT-6760181,13953,4135.28,USD,MATCHED,,2026-09-08 13:40:02
82180,CARD_PAYMENT_GATEWAY,EXT-6971884,13645,7015.44,USD,UNMATCHED,PENDING_SETTLEMENT_FILE,2026-09-04 05:42:04
82181,INTERNAL_LEDGER,EXT-2323164,13380,63685.2,USD,MATCHED,,2026-09-08 12:04:32
82182,INTERNAL_LEDGER,EXT-2925837,11457,43138.21,USD,MATCHED,,2026-09-13 22:22:31
82183,CARD_PAYMENT_GATEWAY,EXT-9124752,10840,84287.63,USD,UNMATCHED,PENDING_SETTLEMENT_FILE,2026-09-16 05:56:37
82184,FED_ACH_CLEARING,EXT-1720364,13763,3241.27,USD,MATCHED,,2026-09-07 06:57:23
82185,SWIFT_FIN,EXT-6770747,14606,77581.17,USD,MATCHED,,2026-09-13 05:14:38
82186,SWIFT_FIN,EXT-1336979,12050,13145.36,USD,MATCHED,,2026-09-08 17:38:20
82187,FED_ACH_CLEARING,EXT-7880530,12758,22551.78,USD,UNMATCHED,PENDING_SETTLEMENT_FILE,2026-09-16 19:05:22
82188,FED_ACH_CLEARING,EXT-9120787,14029,43696.7,USD,MATCHED,,2026-09-12 02:28:07
82189,SWIFT_FIN,EXT-5026483,12718,22596.02,USD,DISCREPANCY,AMOUNT_MISMATCH,2026-09-09 00:26:13
82190,INTERNAL_LEDGER,EXT-2925983,11574,41395.9,USD,MATCHED,,2026-09-16 11:19:03
82191,CARD_PAYMENT_GATEWAY,EXT-6939731,11287,31502.71,USD,DISCREPANCY,FEE_DEDUCTION_VARIANCE,2026-09-12 05:16:36
82192,CARD_PAYMENT_GATEWAY,EXT-1018584,14838,9866.96,USD,UNMATCHED,PENDING_SETTLEMENT_FILE,2026-09-12 03:06:58
82193,SWIFT_FIN,EXT-8677032,11717,6427.06,USD,MATCHED,,2026-09-06 14:42:29
82194,FED_ACH_CLEARING,EXT-2120638,11536,45911.18,USD,MATCHED,,2026-09-14 02:08:57
82195,SWIFT_FIN,EXT-7620358,13542,62686.95,USD,MATCHED,,2026-09-07 14:16:28
82196,SWIFT_FIN,EXT-4358395,11772,71822.98,USD,DISCREPANCY,FEE_DEDUCTION_VARIANCE,2026-09-09 04:38:39
82197,SWIFT_FIN,EXT-1114562,11701,46371.02,USD,MATCHED,,2026-09-15 05:22:03
82198,CARD_PAYMENT_GATEWAY,EXT-4600264,14809,37477.86,USD,MATCHED,,2026-09-07 04:34:02
82199,INTERNAL_LEDGER,EXT-5448820,11086,46885.53,USD,DISCREPANCY,TIMESTAMP_SLIPPAGE,2026-09-12 07:52:44
82200,FED_ACH_CLEARING,EXT-9255167,12075,59652.72,USD,MATCHED,,2026-09-15 22:27:52
82201,FED_ACH_CLEARING,EXT-1929610,11983,71927.81,USD,UNMATCHED,PENDING_SETTLEMENT_FILE,2026-09-12 10:10:04
82202,SWIFT_FIN,EXT-3756115,12900,12100.28,USD,MATCHED,,2026-09-03 22:28:32
82203,INTERNAL_LEDGER,EXT-3118357,13530,6980.91,USD,DISCREPANCY,TIMESTAMP_SLIPPAGE,2026-09-13 11:55:09
82204,SWIFT_FIN,EXT-5062173,11581,62135.53,USD,MATCHED,,2026-09-13 20:06:43
82205,INTERNAL_LEDGER,EXT-6784203,13186,8312.76,USD,MATCHED,,2026-09-12 19:33:12
82206,CARD_PAYMENT_GATEWAY,EXT-9329263,14423,33632.99,USD,MATCHED,,2026-09-12 09:08:20
82207,SWIFT_FIN,EXT-5091747,13401,41198.06,USD,MATCHED,,2026-09-07 20:02:05
82208,FED_ACH_CLEARING,EXT-4141069,14870,54081.41,USD,MATCHED,,2026-09-16 09:53:30
82209,INTERNAL_LEDGER,EXT-9187797,12675,54626.69,USD,UNMATCHED,PENDING_SETTLEMENT_FILE,2026-09-16 05:44:36
82210,CARD_PAYMENT_GATEWAY,EXT-8665733,12923,76414.6,USD,MATCHED,,2026-09-04 10:44:39
82211,FED_ACH_CLEARING,EXT-8780781,10469,62216.66,USD,MATCHED,,2026-09-13 09:23:05
82212,CARD_PAYMENT_GATEWAY,EXT-4217282,10624,78286.96,USD,MATCHED,,2026-09-16 09:43:37
82213,FED_ACH_CLEARING,EXT-6121292,14063,78960.08,USD,MATCHED,,2026-09-08 15:16:24
82214,SWIFT_FIN,EXT-3275461,11908,76798.38,USD,MATCHED,,2026-09-14 02:42:43
82215,FED_ACH_CLEARING,EXT-4566629,12547,53322.02,USD,MATCHED,,2026-09-06 05:43:20
82216,SWIFT_FIN,EXT-9444108,10582,163.12,USD,MATCHED,,2026-09-03 23:38:46
82217,INTERNAL_LEDGER,EXT-3875546,13272,65176.37,USD,MATCHED,,2026-09-15 12:59:52
82218,CARD_PAYMENT_GATEWAY,EXT-3841453,12879,36155.83,USD,MATCHED,,2026-09-07 21:31:50
82219,INTERNAL_LEDGER,EXT-3486755,14950,84590.94,USD,MATCHED,,2026-09-16 07:52:41
82220,INTERNAL_LEDGER,EXT-6865373,10721,56918.77,USD,DISCREPANCY,FEE_DEDUCTION_VARIANCE,2026-09-05 02:05:02
82221,CARD_PAYMENT_GATEWAY,EXT-7072505,13155,7304.24,USD,MATCHED,,2026-09-04 03:46:32
82222,INTERNAL_LEDGER,EXT-8744892,13190,46086.46,USD,MATCHED,,2026-09-13 07:07:03
82223,INTERNAL_LEDGER,EXT-6336196,14187,83369.84,USD,MATCHED,,2026-09-06 12:20:35
82224,SWIFT_FIN,EXT-9302752,13840,33924.72,USD,UNMATCHED,PENDING_SETTLEMENT_FILE,2026-09-13 06:25:51
82225,INTERNAL_LEDGER,EXT-1653366,12411,50144.02,USD,MATCHED,,2026-09-07 18:42:18
82226,SWIFT_FIN,EXT-8121136,11322,25258.97,USD,MATCHED,,2026-09-05 09:39:03
82227,SWIFT_FIN,EXT-4658060,12538,5095.02,USD,UNMATCHED,PENDING_SETTLEMENT_FILE,2026-09-05 18:46:12
82228,INTERNAL_LEDGER,EXT-2041736,11512,47110.15,USD,MATCHED,,2026-09-13 14:13:50
82229,CARD_PAYMENT_GATEWAY,EXT-3772563,11004,42595.37,USD,MATCHED,,2026-09-10 11:20:36
82230,SWIFT_FIN,EXT-5982498,14169,13233.31,USD,MATCHED,,2026-09-09 23:47:38
82231,CARD_PAYMENT_GATEWAY,EXT-2854614,10165,16968.75,USD,MATCHED,,2026-09-09 16:50:57
82232,FED_ACH_CLEARING,EXT-7712269,10036,68033.91,USD,DISCREPANCY,TIMESTAMP_SLIPPAGE,2026-09-11 18:46:00
82233,SWIFT_FIN,EXT-3388363,11694,67787.52,USD,UNMATCHED,PENDING_SETTLEMENT_FILE,2026-09-17 08:37:14
82234,INTERNAL_LEDGER,EXT-3138127,14879,8444.47,USD,MATCHED,,2026-09-13 01:33:20
82235,CARD_PAYMENT_GATEWAY,EXT-9216542,14802,11712.08,USD,MATCHED,,2026-09-06 19:17:14
82236,INTERNAL_LEDGER,EXT-2675430,12306,68153.11,USD,MATCHED,,2026-09-13 11:38:20
82237,FED_ACH_CLEARING,EXT-9661646,11659,22452.68,USD,MATCHED,,2026-09-11 07:06:56
82238,FED_ACH_CLEARING,EXT-1460280,10622,53205.85,USD,MATCHED,,2026-09-09 23:11:53
82239,INTERNAL_LEDGER,EXT-4973533,11958,69626.84,USD,MATCHED,,2026-09-04 07:56:47
82240,SWIFT_FIN,EXT-1087767,12466,40748.02,USD,DISCREPANCY,AMOUNT_MISMATCH,2026-09-15 08:07:47
82241,FED_ACH_CLEARING,EXT-1058902,13328,41873.48,USD,UNMATCHED,PENDING_SETTLEMENT_FILE,2026-09-05 07:06:50
82242,SWIFT_FIN,EXT-6705869,12038,62496.27,USD,DISCREPANCY,FEE_DEDUCTION_VARIANCE,2026-09-17 18:00:37
82243,SWIFT_FIN,EXT-3438418,10534,16300.16,USD,MATCHED,,2026-09-14 02:44:10
82244,FED_ACH_CLEARING,EXT-4962956,13553,15107.05,USD,MATCHED,,2026-09-17 05:19:47
82245,INTERNAL_LEDGER,EXT-9110916,14348,68594.36,USD,DISCREPANCY,AMOUNT_MISMATCH,2026-09-11 15:47:38
82246,SWIFT_FIN,EXT-3173763,11258,52692.67,USD,MATCHED,,2026-09-10 19:03:24
82247,INTERNAL_LEDGER,EXT-9185262,11755,54199.11,USD,MATCHED,,2026-09-11 20:38:17
82248,CARD_PAYMENT_GATEWAY,EXT-3825501,11674,52633.53,USD,DISCREPANCY,AMOUNT_MISMATCH,2026-09-10 09:13:27
82249,INTERNAL_LEDGER,EXT-4299691,13081,32203.57,USD,MATCHED,,2026-09-16 18:35:52
82250,CARD_PAYMENT_GATEWAY,EXT-3957452,11487,71047.44,USD,MATCHED,,2026-09-15 18:50:00
82251,INTERNAL_LEDGER,EXT-1927681,14828,42638.15,USD,MATCHED,,2026-09-15 17:12:57
82252,INTERNAL_LEDGER,EXT-9963357,12021,81271.83,USD,DISCREPANCY,AMOUNT_MISMATCH,2026-09-15 23:50:44
82253,INTERNAL_LEDGER,EXT-5852954,12977,36858.29,USD,MATCHED,,2026-09-14 04:35:52
82254,FED_ACH_CLEARING,EXT-6439131,14777,78058.87,USD,UNMATCHED,PENDING_SETTLEMENT_FILE,2026-09-11 16:29:23
82255,SWIFT_FIN,EXT-3522787,12938,66726.76,USD,UNMATCHED,PENDING_SETTLEMENT_FILE,2026-09-15 15:39:35
82256,FED_ACH_CLEARING,EXT-7622010,11959,54399.13,USD,UNMATCHED,PENDING_SETTLEMENT_FILE,2026-09-09 02:35:04
82257,FED_ACH_CLEARING,EXT-9566257,12589,41687.07,USD,DISCREPANCY,FEE_DEDUCTION_VARIANCE,2026-09-15 12:46:37
82258,FED_ACH_CLEARING,EXT-3856215,11528,81546.57,USD,MATCHED,,2026-09-05 02:53:31
82259,SWIFT_FIN,EXT-6141545,12930,50323.81,USD,MATCHED,,2026-09-08 11:11:30
82260,CARD_PAYMENT_GATEWAY,EXT-5496489,13196,77731.43,USD,MATCHED,,2026-09-17 05:10:52
82261,SWIFT_FIN,EXT-7244925,12154,66341.65,USD,MATCHED,,2026-09-17 03:11:04
82262,FED_ACH_CLEARING,EXT-3176617,10359,80128.16,USD,MATCHED,,2026-09-06 04:17:31
82263,SWIFT_FIN,EXT-3508999,14919,10371.16,USD,MATCHED,,2026-09-13 11:00:29
82264,FED_ACH_CLEARING,EXT-9396631,14095,4478.61,USD,UNMATCHED,PENDING_SETTLEMENT_FILE,2026-09-16 06:34:24
82265,INTERNAL_LEDGER,EXT-1655216,10959,52068.25,USD,UNMATCHED,PENDING_SETTLEMENT_FILE,2026-09-13 16:52:51
82266,INTERNAL_LEDGER,EXT-5013162,12397,59960.01,USD,MATCHED,,2026-09-16 20:12:53
82267,FED_ACH_CLEARING,EXT-9957407,11937,78733.94,USD,DISCREPANCY,AMOUNT_MISMATCH,2026-09-04 09:05:55
82268,INTERNAL_LEDGER,EXT-2930108,10358,6950.74,USD,MATCHED,,2026-09-06 04:57:34
82269,FED_ACH_CLEARING,EXT-7590243,10649,64281.83,USD,MATCHED,,2026-09-03 22:08:02
82270,FED_ACH_CLEARING,EXT-9140144,13345,35719.2,USD,MATCHED,,2026-09-10 16:11:29
82271,FED_ACH_CLEARING,EXT-2977290,11747,11819.31,USD,MATCHED,,2026-09-11 11:28:27
82272,INTERNAL_LEDGER,EXT-7041404,12472,80255.06,USD,MATCHED,,2026-09-11 15:37:46
82273,INTERNAL_LEDGER,EXT-8630090,11576,6740.5,USD,DISCREPANCY,AMOUNT_MISMATCH,2026-09-05 13:33:48
82274,INTERNAL_LEDGER,EXT-3811832,11460,69402.51,USD,MATCHED,,2026-09-05 20:38:58
82275,INTERNAL_LEDGER,EXT-1440037,14380,43138.26,USD,MATCHED,,2026-09-16 22:25:05
82276,FED_ACH_CLEARING,EXT-3368985,14908,42372.05,USD,UNMATCHED,PENDING_SETTLEMENT_FILE,2026-09-12 07:39:58
82277,CARD_PAYMENT_GATEWAY,EXT-5758086,11305,65912.44,USD,MATCHED,,2026-09-07 01:40:04
82278,FED_ACH_CLEARING,EXT-2726566,13779,28361.31,USD,MATCHED,,2026-09-15 14:21:42
82279,CARD_PAYMENT_GATEWAY,EXT-5897229,11213,26903.04,USD,MATCHED,,2026-09-15 06:47:04
82280,FED_ACH_CLEARING,EXT-7815597,12703,3556.59,USD,DISCREPANCY,AMOUNT_MISMATCH,2026-09-12 20:16:03
82281,CARD_PAYMENT_GATEWAY,EXT-9005711,10413,30691.72,USD,MATCHED,,2026-09-17 15:20:35
82282,INTERNAL_LEDGER,EXT-2904781,14564,27738.44,USD,MATCHED,,2026-09-15 21:55:32
82283,FED_ACH_CLEARING,EXT-2357013,14590,33489.54,USD,MATCHED,,2026-09-03 23:49:47
82284,CARD_PAYMENT_GATEWAY,EXT-8892934,11693,36868.22,USD,UNMATCHED,PENDING_SETTLEMENT_FILE,2026-09-04 11:15:38
82285,FED_ACH_CLEARING,EXT-5366342,12594,80420.63,USD,MATCHED,,2026-09-12 05:13:35
82286,FED_ACH_CLEARING,EXT-7549007,12397,20035.15,USD,MATCHED,,2026-09-06 06:18:20
82287,FED_ACH_CLEARING,EXT-9989453,13145,20044.37,USD,UNMATCHED,PENDING_SETTLEMENT_FILE,2026-09-11 20:15:34
82288,CARD_PAYMENT_GATEWAY,EXT-3471472,11499,25574.11,USD,MATCHED,,2026-09-14 02:49:46
82289,SWIFT_FIN,EXT-7677479,10917,81662.57,USD,MATCHED,,2026-09-09 08:27:10
82290,SWIFT_FIN,EXT-5855937,11906,84844.99,USD,MATCHED,,2026-09-06 12:18:57
82291,SWIFT_FIN,EXT-1228991,10530,12071.01,USD,DISCREPANCY,FEE_DEDUCTION_VARIANCE,2026-09-11 22:27:13
82292,FED_ACH_CLEARING,EXT-9404536,10772,37304.95,USD,MATCHED,,2026-09-17 02:51:46
82293,INTERNAL_LEDGER,EXT-3227183,10432,56617.9,USD,UNMATCHED,PENDING_SETTLEMENT_FILE,2026-09-07 08:31:59
82294,INTERNAL_LEDGER,EXT-3157410,13907,61427.67,USD,MATCHED,,2026-09-10 17:30:04
82295,INTERNAL_LEDGER,EXT-4866398,11735,36436.86,USD,UNMATCHED,PENDING_SETTLEMENT_FILE,2026-09-04 01:00:59
82296,FED_ACH_CLEARING,EXT-2974875,12825,64744.84,USD,MATCHED,,2026-09-12 22:53:37
82297,CARD_PAYMENT_GATEWAY,EXT-9388605,12522,64819.24,USD,MATCHED,,2026-09-15 03:50:09
82298,CARD_PAYMENT_GATEWAY,EXT-7203262,13082,61588.04,USD,MATCHED,,2026-09-11 07:51:12
82299,SWIFT_FIN,EXT-4074877,10461,63615.43,USD,UNMATCHED,PENDING_SETTLEMENT_FILE,2026-09-07 08:23:46
82300,FED_ACH_CLEARING,EXT-1894992,12356,36757.37,USD,DISCREPANCY,AMOUNT_MISMATCH,2026-09-05 01:39:41
82301,FED_ACH_CLEARING,EXT-8213591,10351,39804.24,USD,UNMATCHED,PENDING_SETTLEMENT_FILE,2026-09-14 14:40:24
82302,INTERNAL_LEDGER,EXT-9592116,10281,37293.99,USD,MATCHED,,2026-09-07 07:14:15
82303,FED_ACH_CLEARING,EXT-3513242,14600,66512.22,USD,UNMATCHED,PENDING_SETTLEMENT_FILE,2026-09-08 00:26:01
82304,INTERNAL_LEDGER,EXT-1462138,11772,5032.49,USD,MATCHED,,2026-09-09 16:28:23
82305,CARD_PAYMENT_GATEWAY,EXT-5022337,10568,80109.83,USD,MATCHED,,2026-09-15 13:31:47
82306,CARD_PAYMENT_GATEWAY,EXT-8187991,11318,9625.29,USD,MATCHED,,2026-09-12 15:46:10
82307,FED_ACH_CLEARING,EXT-7780671,14577,37278.59,USD,MATCHED,,2026-09-04 15:46:43
82308,CARD_PAYMENT_GATEWAY,EXT-3181843,10967,73716.79,USD,MATCHED,,2026-09-09 18:01:51
82309,INTERNAL_LEDGER,EXT-3571512,10076,63992.54,USD,UNMATCHED,PENDING_SETTLEMENT_FILE,2026-09-10 17:03:48
82310,CARD_PAYMENT_GATEWAY,EXT-8661298,14329,37041.72,USD,DISCREPANCY,AMOUNT_MISMATCH,2026-09-11 06:02:34
82311,FED_ACH_CLEARING,EXT-2358578,14318,58871.01,USD,DISCREPANCY,TIMESTAMP_SLIPPAGE,2026-09-09 23:59:36
82312,SWIFT_FIN,EXT-2105888,11196,41150.32,USD,MATCHED,,2026-09-09 07:15:02
82313,SWIFT_FIN,EXT-4164821,11743,51247.42,USD,MATCHED,,2026-09-10 14:03:47
82314,SWIFT_FIN,EXT-8371690,13374,60480.58,USD,MATCHED,,2026-09-06 02:02:15
82315,FED_ACH_CLEARING,EXT-5936025,10122,66330.07,USD,MATCHED,,2026-09-06 10:52:19
82316,SWIFT_FIN,EXT-9167484,10865,3649.46,USD,DISCREPANCY,TIMESTAMP_SLIPPAGE,2026-09-08 09:02:10
82317,FED_ACH_CLEARING,EXT-4128017,13142,31738.4,USD,MATCHED,,2026-09-16 19:05:50
82318,SWIFT_FIN,EXT-5743013,10851,64614.38,USD,DISCREPANCY,AMOUNT_MISMATCH,2026-09-16 17:28:01
82319,FED_ACH_CLEARING,EXT-9577314,13512,11334.98,USD,MATCHED,,2026-09-04 21:14:31
82320,INTERNAL_LEDGER,EXT-4336305,11807,80069.93,USD,MATCHED,,2026-09-06 02:49:07
82321,INTERNAL_LEDGER,EXT-4562833,10622,6408.39,USD,MATCHED,,2026-09-14 20:51:05
82322,INTERNAL_LEDGER,EXT-6121855,11840,21873.02,USD,MATCHED,,2026-09-08 01:00:09
82323,CARD_PAYMENT_GATEWAY,EXT-2943188,12287,81958.75,USD,MATCHED,,2026-09-16 14:03:59
82324,INTERNAL_LEDGER,EXT-2992671,12534,78372.56,USD,MATCHED,,2026-09-06 00:29:11
82325,FED_ACH_CLEARING,EXT-5412002,14068,47419.71,USD,MATCHED,,2026-09-12 14:37:28
82326,SWIFT_FIN,EXT-1314578,12123,14857.51,USD,DISCREPANCY,TIMESTAMP_SLIPPAGE,2026-09-07 07:10:40
82327,INTERNAL_LEDGER,EXT-5286889,14273,84816.56,USD,MATCHED,,2026-09-11 17:05:47
82328,FED_ACH_CLEARING,EXT-3349250,14960,21644.72,USD,MATCHED,,2026-09-10 03:18:38
82329,CARD_PAYMENT_GATEWAY,EXT-7658944,10847,2114.99,USD,UNMATCHED,PENDING_SETTLEMENT_FILE,2026-09-03 20:43:19
82330,CARD_PAYMENT_GATEWAY,EXT-7872917,10766,28133.33,USD,MATCHED,,2026-09-09 04:44:56
82331,SWIFT_FIN,EXT-5242893,10641,23666.78,USD,MATCHED,,2026-09-11 03:06:31
82332,SWIFT_FIN,EXT-8335814,10214,17577.31,USD,MATCHED,,2026-09-04 12:47:13
82333,CARD_PAYMENT_GATEWAY,EXT-5197851,12585,50883.47,USD,DISCREPANCY,TIMESTAMP_SLIPPAGE,2026-09-05 03:59:11
82334,FED_ACH_CLEARING,EXT-4705859,13597,57706.07,USD,MATCHED,,2026-09-11 09:36:40
82335,SWIFT_FIN,EXT-2478020,13708,8937.65,USD,MATCHED,,2026-09-05 06:24:11
82336,INTERNAL_LEDGER,EXT-3130712,14697,12446.01,USD,UNMATCHED,PENDING_SETTLEMENT_FILE,2026-09-12 21:05:28
82337,FED_ACH_CLEARING,EXT-6326752,12312,64528.68,USD,MATCHED,,2026-09-12 23:12:36
82338,FED_ACH_CLEARING,EXT-8476002,10807,53410.77,USD,UNMATCHED,PENDING_SETTLEMENT_FILE,2026-09-15 12:04:43
82339,INTERNAL_LEDGER,EXT-2121861,12388,74426.72,USD,MATCHED,,2026-09-05 03:54:38
82340,CARD_PAYMENT_GATEWAY,EXT-3830758,13430,73549.71,USD,MATCHED,,2026-09-16 08:43:17
82341,FED_ACH_CLEARING,EXT-2920447,11274,18042.53,USD,MATCHED,,2026-09-09 09:29:03
82342,CARD_PAYMENT_GATEWAY,EXT-5506143,12051,29142.41,USD,MATCHED,,2026-09-14 15:48:52
82343,CARD_PAYMENT_GATEWAY,EXT-9873947,11501,17560.09,USD,MATCHED,,2026-09-06 10:20:21
82344,SWIFT_FIN,EXT-4985136,12722,18523.32,USD,UNMATCHED,PENDING_SETTLEMENT_FILE,2026-09-12 11:23:11
82345,SWIFT_FIN,EXT-5616452,14902,69455.97,USD,MATCHED,,2026-09-06 01:58:50
82346,INTERNAL_LEDGER,EXT-6557312,10576,21308.34,USD,DISCREPANCY,TIMESTAMP_SLIPPAGE,2026-09-07 03:07:21
82347,CARD_PAYMENT_GATEWAY,EXT-6859740,10231,81535.88,USD,MATCHED,,2026-09-05 16:47:21
82348,FED_ACH_CLEARING,EXT-9868717,14465,33814.13,USD,MATCHED,,2026-09-03 22:13:30
82349,INTERNAL_LEDGER,EXT-8231617,13786,12212.67,USD,DISCREPANCY,TIMESTAMP_SLIPPAGE,2026-09-16 00:10:36
82350,INTERNAL_LEDGER,EXT-3843413,11124,153.07,USD,MATCHED,,2026-09-07 03:50:19
82351,INTERNAL_LEDGER,EXT-7113887,14885,67929.39,USD,MATCHED,,2026-09-11 07:26:24
82352,CARD_PAYMENT_GATEWAY,EXT-3434535,13668,73792.41,USD,DISCREPANCY,TIMESTAMP_SLIPPAGE,2026-09-10 04:18:16
82353,INTERNAL_LEDGER,EXT-6034134,12363,65967.85,USD,DISCREPANCY,TIMESTAMP_SLIPPAGE,2026-09-16 01:48:13
82354,INTERNAL_LEDGER,EXT-2368165,13841,28292.44,USD,MATCHED,,2026-09-17 17:41:26
82355,INTERNAL_LEDGER,EXT-7558651,13380,34980.02,USD,MATCHED,,2026-09-09 08:17:46
82356,SWIFT_FIN,EXT-5472058,11888,20112.13,USD,UNMATCHED,PENDING_SETTLEMENT_FILE,2026-09-14 14:03:07
82357,CARD_PAYMENT_GATEWAY,EXT-1437499,14884,42954.49,USD,MATCHED,,2026-09-15 01:13:26
82358,CARD_PAYMENT_GATEWAY,EXT-6621037,11241,60732.3,USD,MATCHED,,2026-09-12 13:20:27
82359,SWIFT_FIN,EXT-8262964,13510,77957.87,USD,MATCHED,,2026-09-17 05:19:48
82360,INTERNAL_LEDGER,EXT-6907783,14690,12427.29,USD,MATCHED,,2026-09-17 05:15:22
82361,CARD_PAYMENT_GATEWAY,EXT-3712327,10724,75792.68,USD,MATCHED,,2026-09-14 23:02:35
82362,SWIFT_FIN,EXT-2528076,13466,2421.02,USD,MATCHED,,2026-09-14 21:39:36
82363,CARD_PAYMENT_GATEWAY,EXT-7625506,12483,7530.4,USD,MATCHED,,2026-09-04 08:33:04
82364,INTERNAL_LEDGER,EXT-7108199,11122,35038.86,USD,DISCREPANCY,AMOUNT_MISMATCH,2026-09-17 00:48:37
82365,INTERNAL_LEDGER,EXT-1662178,13829,70406.77,USD,MATCHED,,2026-09-04 00:03:56
82366,SWIFT_FIN,EXT-9288773,12925,18433.19,USD,MATCHED,,2026-09-16 10:55:21
82367,CARD_PAYMENT_GATEWAY,EXT-6757929,13277,62653.92,USD,MATCHED,,2026-09-15 09:34:36
82368,INTERNAL_LEDGER,EXT-6601872,14401,44653.4,USD,MATCHED,,2026-09-16 15:59:45
82369,INTERNAL_LEDGER,EXT-3510326,12377,5492.21,USD,MATCHED,,2026-09-10 02:35:02
82370,FED_ACH_CLEARING,EXT-1788533,14845,49448.28,USD,MATCHED,,2026-09-13 07:07:11
82371,SWIFT_FIN,EXT-9319872,13465,7133.96,USD,MATCHED,,2026-09-09 20:05:24
82372,FED_ACH_CLEARING,EXT-9520581,10028,83413.32,USD,DISCREPANCY,FEE_DEDUCTION_VARIANCE,2026-09-15 09:22:34
82373,INTERNAL_LEDGER,EXT-2734007,12572,36234.01,USD,MATCHED,,2026-09-16 19:49:01
82374,CARD_PAYMENT_GATEWAY,EXT-8745238,13910,2865.03,USD,UNMATCHED,PENDING_SETTLEMENT_FILE,2026-09-07 03:40:18
82375,FED_ACH_CLEARING,EXT-5667824,14623,60531.2,USD,MATCHED,,2026-09-07 06:00:36
82376,INTERNAL_LEDGER,EXT-5676867,10007,68044.45,USD,MATCHED,,2026-09-07 00:55:10
82377,SWIFT_FIN,EXT-3908388,14121,31576.63,USD,DISCREPANCY,FEE_DEDUCTION_VARIANCE,2026-09-07 16:27:00
82378,INTERNAL_LEDGER,EXT-4576728,11206,67651.02,USD,UNMATCHED,PENDING_SETTLEMENT_FILE,2026-09-09 15:57:23
82379,INTERNAL_LEDGER,EXT-7899178,13780,28233.41,USD,UNMATCHED,PENDING_SETTLEMENT_FILE,2026-09-10 12:53:50
82380,INTERNAL_LEDGER,EXT-3588160,10839,1438.27,USD,DISCREPANCY,TIMESTAMP_SLIPPAGE,2026-09-04 23:02:38
82381,INTERNAL_LEDGER,EXT-5540173,11043,64966.65,USD,MATCHED,,2026-09-15 03:13:11
82382,FED_ACH_CLEARING,EXT-5202932,12989,52345.53,USD,MATCHED,,2026-09-12 16:44:52
82383,FED_ACH_CLEARING,EXT-7457930,10303,4376.07,USD,MATCHED,,2026-09-11 23:45:37
82384,INTERNAL_LEDGER,EXT-3902494,13827,10255.6,USD,MATCHED,,2026-09-12 05:38:57
82385,FED_ACH_CLEARING,EXT-1854792,11177,36771.92,USD,MATCHED,,2026-09-17 16:06:37
82386,INTERNAL_LEDGER,EXT-4120398,13167,40624.76,USD,DISCREPANCY,FEE_DEDUCTION_VARIANCE,2026-09-07 19:14:54
82387,CARD_PAYMENT_GATEWAY,EXT-7928521,14301,14462.99,USD,UNMATCHED,PENDING_SETTLEMENT_FILE,2026-09-15 09:21:37
82388,CARD_PAYMENT_GATEWAY,EXT-7593136,14283,21254.66,USD,MATCHED,,2026-09-12 08:18:35
82389,INTERNAL_LEDGER,EXT-6871709,13627,48718.97,USD,MATCHED,,2026-09-16 01:13:55
82390,INTERNAL_LEDGER,EXT-3390819,10485,19494.48,USD,MATCHED,,2026-09-08 01:48:59
82391,INTERNAL_LEDGER,EXT-1304233,11566,24091.67,USD,MATCHED,,2026-09-04 23:23:38
82392,CARD_PAYMENT_GATEWAY,EXT-5514910,12308,3530.99,USD,DISCREPANCY,AMOUNT_MISMATCH,2026-09-13 23:12:05
82393,CARD_PAYMENT_GATEWAY,EXT-4031247,14546,32228.88,USD,MATCHED,,2026-09-10 15:22:27
82394,CARD_PAYMENT_GATEWAY,EXT-1198145,14676,30352.6,USD,MATCHED,,2026-09-17 13:47:38
82395,SWIFT_FIN,EXT-2956415,14822,1500.74,USD,MATCHED,,2026-09-17 19:02:53
82396,INTERNAL_LEDGER,EXT-1621204,12814,31487.21,USD,MATCHED,,2026-09-05 08:15:01
82397,FED_ACH_CLEARING,EXT-4167481,12312,58902.46,USD,UNMATCHED,PENDING_SETTLEMENT_FILE,2026-09-09 08:44:13
82398,FED_ACH_CLEARING,EXT-6130207,10931,26796.1,USD,UNMATCHED,PENDING_SETTLEMENT_FILE,2026-09-16 06:16:26
82399,FED_ACH_CLEARING,EXT-1569234,12417,71856.24,USD,DISCREPANCY,AMOUNT_MISMATCH,2026-09-11 01:17:12
82400,INTERNAL_LEDGER,EXT-8700060,12118,32981.52,USD,UNMATCHED,PENDING_SETTLEMENT_FILE,2026-09-08 15:32:51
82401,SWIFT_FIN,EXT-3723565,14319,47186.45,USD,MATCHED,,2026-09-14 03:23:49
82402,INTERNAL_LEDGER,EXT-5495049,11050,41680.88,USD,UNMATCHED,PENDING_SETTLEMENT_FILE,2026-09-12 20:51:08
82403,INTERNAL_LEDGER,EXT-3095652,11917,55828.69,USD,MATCHED,,2026-09-08 02:40:11
82404,SWIFT_FIN,EXT-6522490,11703,59892.89,USD,MATCHED,,2026-09-10 15:13:15
82405,FED_ACH_CLEARING,EXT-2034820,10091,33599.52,USD,UNMATCHED,PENDING_SETTLEMENT_FILE,2026-09-07 15:41:48
82406,FED_ACH_CLEARING,EXT-2052923,14912,60291.4,USD,MATCHED,,2026-09-13 11:16:28
82407,SWIFT_FIN,EXT-6813185,14436,64905.6,USD,MATCHED,,2026-09-07 22:32:32
82408,CARD_PAYMENT_GATEWAY,EXT-8059478,14439,6957.71,USD,MATCHED,,2026-09-15 05:05:36
82409,FED_ACH_CLEARING,EXT-5627695,12384,35462.15,USD,MATCHED,,2026-09-04 18:51:28
82410,CARD_PAYMENT_GATEWAY,EXT-2429400,12275,7247.38,USD,MATCHED,,2026-09-05 11:14:59
82411,INTERNAL_LEDGER,EXT-9102514,12347,46771.36,USD,UNMATCHED,PENDING_SETTLEMENT_FILE,2026-09-05 08:10:59
82412,CARD_PAYMENT_GATEWAY,EXT-8705171,13256,5177.46,USD,DISCREPANCY,FEE_DEDUCTION_VARIANCE,2026-09-09 18:56:08
82413,INTERNAL_LEDGER,EXT-4918823,14881,68463.05,USD,MATCHED,,2026-09-04 07:33:12
82414,CARD_PAYMENT_GATEWAY,EXT-2433457,13495,36410.67,USD,UNMATCHED,PENDING_SETTLEMENT_FILE,2026-09-08 22:49:19
82415,SWIFT_FIN,EXT-5850912,14824,44580.46,USD,UNMATCHED,PENDING_SETTLEMENT_FILE,2026-09-10 04:48:21
82416,SWIFT_FIN,EXT-7704780,14315,62667.63,USD,MATCHED,,2026-09-12 09:53:21
82417,CARD_PAYMENT_GATEWAY,EXT-5087362,13198,74091.04,USD,MATCHED,,2026-09-13 21:30:32
82418,INTERNAL_LEDGER,EXT-5017792,14988,65079.1,USD,UNMATCHED,PENDING_SETTLEMENT_FILE,2026-09-13 00:15:25
82419,CARD_PAYMENT_GATEWAY,EXT-9393935,11252,7353.4,USD,DISCREPANCY,FEE_DEDUCTION_VARIANCE,2026-09-09 17:14:13
82420,FED_ACH_CLEARING,EXT-1262026,11694,79400.56,USD,UNMATCHED,PENDING_SETTLEMENT_FILE,2026-09-04 18:14:35
82421,FED_ACH_CLEARING,EXT-7184435,12257,26398.06,USD,MATCHED,,2026-09-07 12:08:44
82422,FED_ACH_CLEARING,EXT-4939679,13922,23008.39,USD,DISCREPANCY,FEE_DEDUCTION_VARIANCE,2026-09-09 22:07:09
82423,SWIFT_FIN,EXT-3630473,11329,15860.0,USD,UNMATCHED,PENDING_SETTLEMENT_FILE,2026-09-07 23:25:54
82424,FED_ACH_CLEARING,EXT-6297429,14193,14303.37,USD,MATCHED,,2026-09-08 00:34:25
82425,SWIFT_FIN,EXT-1746455,11682,21173.33,USD,MATCHED,,2026-09-14 04:08:52
82426,SWIFT_FIN,EXT-4841298,14349,39213.87,USD,UNMATCHED,PENDING_SETTLEMENT_FILE,2026-09-05 17:48:36
82427,FED_ACH_CLEARING,EXT-7225113,10345,4714.85,USD,MATCHED,,2026-09-16 19:44:47
82428,SWIFT_FIN,EXT-8729386,13899,75664.7,USD,MATCHED,,2026-09-09 08:03:47
82429,FED_ACH_CLEARING,EXT-4148073,11898,40454.18,USD,UNMATCHED,PENDING_SETTLEMENT_FILE,2026-09-11 18:35:41
82430,CARD_PAYMENT_GATEWAY,EXT-7810676,13671,14696.19,USD,MATCHED,,2026-09-14 07:08:39
82431,FED_ACH_CLEARING,EXT-7242965,10599,54192.2,USD,MATCHED,,2026-09-15 04:21:20
82432,FED_ACH_CLEARING,EXT-5403988,11301,51727.69,USD,MATCHED,,2026-09-12 19:02:46
82433,FED_ACH_CLEARING,EXT-5820950,12378,19462.12,USD,MATCHED,,2026-09-16 11:00:08
82434,SWIFT_FIN,EXT-8795851,10041,40649.72,USD,DISCREPANCY,AMOUNT_MISMATCH,2026-09-10 09:35:23
82435,SWIFT_FIN,EXT-8057933,11490,20127.85,USD,DISCREPANCY,TIMESTAMP_SLIPPAGE,2026-09-15 07:48:24
82436,SWIFT_FIN,EXT-8392205,14208,72388.56,USD,MATCHED,,2026-09-08 12:38:35
82437,SWIFT_FIN,EXT-7835678,14989,58258.7,USD,DISCREPANCY,AMOUNT_MISMATCH,2026-09-09 23:03:06
82438,INTERNAL_LEDGER,EXT-2351350,10531,26969.02,USD,MATCHED,,2026-09-09 21:04:37
82439,INTERNAL_LEDGER,EXT-6698566,12207,41961.43,USD,MATCHED,,2026-09-17 09:38:26
82440,SWIFT_FIN,EXT-6758165,13519,12740.89,USD,MATCHED,,2026-09-10 18:11:21
82441,FED_ACH_CLEARING,EXT-3618612,12779,69980.26,USD,UNMATCHED,PENDING_SETTLEMENT_FILE,2026-09-17 04:17:05
82442,SWIFT_FIN,EXT-5240090,14168,33440.96,USD,UNMATCHED,PENDING_SETTLEMENT_FILE,2026-09-06 13:50:20
82443,SWIFT_FIN,EXT-9246214,14463,1445.93,USD,MATCHED,,2026-09-11 09:55:23
82444,CARD_PAYMENT_GATEWAY,EXT-2283956,13367,17181.3,USD,UNMATCHED,PENDING_SETTLEMENT_FILE,2026-09-07 03:34:07
82445,FED_ACH_CLEARING,EXT-6428460,10141,17299.86,USD,MATCHED,,2026-09-04 10:04:38
82446,INTERNAL_LEDGER,EXT-3527523,12427,55014.3,USD,UNMATCHED,PENDING_SETTLEMENT_FILE,2026-09-11 06:28:54
82447,INTERNAL_LEDGER,EXT-4089790,11318,34021.86,USD,MATCHED,,2026-09-13 14:40:45
82448,CARD_PAYMENT_GATEWAY,EXT-7883543,10159,73347.02,USD,DISCREPANCY,FEE_DEDUCTION_VARIANCE,2026-09-17 09:33:35
82449,INTERNAL_LEDGER,EXT-6809392,10197,12908.46,USD,MATCHED,,2026-09-16 14:23:34
82450,CARD_PAYMENT_GATEWAY,EXT-1768080,13966,32431.29,USD,MATCHED,,2026-09-06 17:48:14
82451,SWIFT_FIN,EXT-6905058,14708,30735.81,USD,MATCHED,,2026-09-04 07:17:46
82452,CARD_PAYMENT_GATEWAY,EXT-3022279,11083,44659.1,USD,MATCHED,,2026-09-05 19:29:10
82453,FED_ACH_CLEARING,EXT-4929880,13449,79496.18,USD,MATCHED,,2026-09-06 23:00:08
82454,FED_ACH_CLEARING,EXT-3369119,10529,49840.35,USD,DISCREPANCY,FEE_DEDUCTION_VARIANCE,2026-09-04 21:41:31
82455,FED_ACH_CLEARING,EXT-6563651,14860,30796.35,USD,MATCHED,,2026-09-07 15:36:31
82456,CARD_PAYMENT_GATEWAY,EXT-8973865,12947,41325.09,USD,UNMATCHED,PENDING_SETTLEMENT_FILE,2026-09-09 23:57:12
82457,INTERNAL_LEDGER,EXT-4503392,10715,73365.71,USD,UNMATCHED,PENDING_SETTLEMENT_FILE,2026-09-03 21:23:37
82458,SWIFT_FIN,EXT-2838381,14686,14862.0,USD,MATCHED,,2026-09-08 01:03:30
82459,FED_ACH_CLEARING,EXT-3212090,14725,31887.59,USD,DISCREPANCY,AMOUNT_MISMATCH,2026-09-17 19:06:58
82460,INTERNAL_LEDGER,EXT-4038522,14391,68647.51,USD,MATCHED,,2026-09-11 03:33:12
82461,SWIFT_FIN,EXT-9826299,14548,29589.01,USD,MATCHED,,2026-09-12 03:27:54
82462,INTERNAL_LEDGER,EXT-7527146,13749,17448.51,USD,MATCHED,,2026-09-05 04:47:35
82463,INTERNAL_LEDGER,EXT-7983986,10785,81483.48,USD,DISCREPANCY,FEE_DEDUCTION_VARIANCE,2026-09-15 23:27:00
82464,INTERNAL_LEDGER,EXT-3381666,14998,32506.48,USD,MATCHED,,2026-09-08 21:55:12
82465,CARD_PAYMENT_GATEWAY,EXT-2725014,10772,43661.22,USD,UNMATCHED,PENDING_SETTLEMENT_FILE,2026-09-16 08:50:07
82466,CARD_PAYMENT_GATEWAY,EXT-4522869,13528,116.64,USD,MATCHED,,2026-09-17 11:12:35
82467,FED_ACH_CLEARING,EXT-7661622,11468,52718.0,USD,MATCHED,,2026-09-07 22:49:14
82468,FED_ACH_CLEARING,EXT-2250275,14647,12485.04,USD,UNMATCHED,PENDING_SETTLEMENT_FILE,2026-09-11 13:36:14
82469,SWIFT_FIN,EXT-8968905,13656,21800.82,USD,MATCHED,,2026-09-10 03:49:23
82470,INTERNAL_LEDGER,EXT-7535254,12158,64172.97,USD,MATCHED,,2026-09-06 20:30:57
82471,SWIFT_FIN,EXT-6437130,10199,8414.97,USD,DISCREPANCY,FEE_DEDUCTION_VARIANCE,2026-09-10 05:42:00
82472,CARD_PAYMENT_GATEWAY,EXT-4879573,11801,41980.9,USD,UNMATCHED,PENDING_SETTLEMENT_FILE,2026-09-05 11:37:01
82473,SWIFT_FIN,EXT-8826533,12351,39747.91,USD,UNMATCHED,PENDING_SETTLEMENT_FILE,2026-09-11 23:05:33
82474,CARD_PAYMENT_GATEWAY,EXT-4269659,10871,19928.95,USD,MATCHED,,2026-09-09 14:09:02
82475,CARD_PAYMENT_GATEWAY,EXT-3143843,12672,70843.93,USD,MATCHED,,2026-09-15 11:52:22
82476,SWIFT_FIN,EXT-2313814,10509,12143.16,USD,UNMATCHED,PENDING_SETTLEMENT_FILE,2026-09-15 19:07:27
82477,SWIFT_FIN,EXT-2385118,14541,78377.58,USD,UNMATCHED,PENDING_SETTLEMENT_FILE,2026-09-04 22:24:05
82478,CARD_PAYMENT_GATEWAY,EXT-6650155,14547,49934.27,USD,MATCHED,,2026-09-06 07:13:38
82479,CARD_PAYMENT_GATEWAY,EXT-8422890,12896,4609.69,USD,UNMATCHED,PENDING_SETTLEMENT_FILE,2026-09-09 00:41:15
82480,SWIFT_FIN,EXT-7757702,12371,35770.37,USD,DISCREPANCY,TIMESTAMP_SLIPPAGE,2026-09-04 16:09:41
82481,INTERNAL_LEDGER,EXT-3041958,14413,59107.8,USD,DISCREPANCY,FEE_DEDUCTION_VARIANCE,2026-09-04 20:51:38
82482,FED_ACH_CLEARING,EXT-7324096,13466,75653.1,USD,MATCHED,,2026-09-13 01:58:34
82483,CARD_PAYMENT_GATEWAY,EXT-3767873,13539,41665.71,USD,MATCHED,,2026-09-04 10:12:15
82484,CARD_PAYMENT_GATEWAY,EXT-5256272,11047,35668.88,USD,MATCHED,,2026-09-07 06:54:42
82485,SWIFT_FIN,EXT-5556303,10540,69550.57,USD,MATCHED,,2026-09-15 14:21:36
82486,FED_ACH_CLEARING,EXT-3081458,11736,12331.3,USD,MATCHED,,2026-09-15 13:34:57
82487,SWIFT_FIN,EXT-2021151,10102,46743.66,USD,UNMATCHED,PENDING_SETTLEMENT_FILE,2026-09-06 23:15:34
82488,CARD_PAYMENT_GATEWAY,EXT-5355044,12150,64580.31,USD,MATCHED,,2026-09-16 11:30:53
82489,SWIFT_FIN,EXT-2805032,11987,50450.23,USD,DISCREPANCY,AMOUNT_MISMATCH,2026-09-13 20:59:09
82490,FED_ACH_CLEARING,EXT-2642569,10221,77201.52,USD,DISCREPANCY,FEE_DEDUCTION_VARIANCE,2026-09-17 11:06:59
82491,FED_ACH_CLEARING,EXT-9527721,13802,19716.76,USD,DISCREPANCY,FEE_DEDUCTION_VARIANCE,2026-09-07 02:44:38
82492,CARD_PAYMENT_GATEWAY,EXT-3705367,10847,81316.64,USD,MATCHED,,2026-09-10 10:15:04
82493,INTERNAL_LEDGER,EXT-3577762,11366,5498.88,USD,MATCHED,,2026-09-05 19:33:04
82494,FED_ACH_CLEARING,EXT-5185260,10012,54896.56,USD,MATCHED,,2026-09-06 22:12:18
82495,CARD_PAYMENT_GATEWAY,EXT-7634633,12791,10372.31,USD,MATCHED,,2026-09-09 05:57:36
82496,SWIFT_FIN,EXT-6674106,12406,42011.92,USD,MATCHED,,2026-09-05 11:56:02
82497,INTERNAL_LEDGER,EXT-9426210,14727,63416.79,USD,UNMATCHED,PENDING_SETTLEMENT_FILE,2026-09-05 10:59:37
82498,CARD_PAYMENT_GATEWAY,EXT-3947775,13776,6345.97,USD,MATCHED,,2026-09-14 00:27:47
82499,CARD_PAYMENT_GATEWAY,EXT-3243312,11151,5664.52,USD,UNMATCHED,PENDING_SETTLEMENT_FILE,2026-09-10 11:17:04
82500,INTERNAL_LEDGER,EXT-9236743,13509,19393.32,USD,MATCHED,,2026-09-16 21:59:22
